heldout_source,layer,tail_position,direction_norm,validation_addition_effect,validation_ablation_reduction,selection_score
bert,0,-5,0.004260077141225338,3.193105970110212e-09,0.031249991485050754,3.193105970110212e-09
bert,0,-4,0.005833109375089407,-0.015624998403447015,0.017857142857142877,-0.015624998403447015
bert,0,-3,0.0043011801317334175,0.002232139664036887,0.2633928539497512,0.002232139664036887
bert,0,-2,0.005332417786121368,2.128737313406808e-09,0.11160714817898615,2.128737313406808e-09
bert,0,-1,0.0030321714002639055,0.008928569832018443,0.1473214307001659,0.008928569832018443
bert,1,-5,0.012052745558321476,0.015625001596552984,0.0223214307001659,0.015625001596552984
bert,1,-4,0.01297636516392231,-0.017857146050248827,0.17857142857142858,-0.017857146050248827
bert,1,-3,0.009376732632517815,0.011160716414451599,0.0624999978712627,0.011160716414451599
bert,1,-2,0.01176767610013485,0.002232143921511514,-0.004464294229234944,-0.004464294229234944
bert,1,-1,0.010151194408535957,0.0089285708963871,0.013392855014119853,0.0089285708963871
bert,2,-5,0.017891662195324898,0.011160716414451599,0.0044642878430230515,0.0044642878430230515
bert,2,-4,0.01935702934861183,0.00892856823546546,0.035714285714285726,0.00892856823546546
bert,2,-3,0.01870444416999817,0.011160712156976973,-0.026785720671926222,-0.026785720671926222
bert,2,-2,0.014455350115895271,0.011160717478820257,0.004464286778654375,0.004464286778654375
bert,2,-1,0.015653103590011597,0.006696426442691258,0.01785715243646077,0.006696426442691258
bert,3,-5,0.05170072615146637,0.011160713221345629,0.0178571471146175,0.011160713221345629
bert,3,-4,0.03754377365112305,-0.0133928582072258,0.017857142857142877,-0.0133928582072258
bert,3,-3,0.031948260962963104,-0.0089285708963871,-0.013392850756645203,-0.013392850756645203
bert,3,-2,0.023180678486824036,0.0044642846499170575,-0.00892856823546545,-0.00892856823546545
bert,3,-1,0.03866808861494064,-0.002232142857142857,-0.0223214275070599,-0.0223214275070599
bert,4,-5,0.07075865566730499,0.0022321492433547974,0.022321432828903198,0.0022321492433547974
bert,4,-4,0.0549195259809494,-0.008928575686046056,0.031249996806894054,-0.008928575686046056
bert,4,-3,0.04727673530578613,3.193105970110212e-09,0.008928577814783373,3.193105970110212e-09
bert,4,-2,0.03568121790885925,-0.004464287843023028,-0.008928574621677399,-0.008928574621677399
bert,4,-1,0.056351758539676666,-0.0401785746216774,-0.004464289971760321,-0.0401785746216774
bert,5,-5,0.07128334045410156,0.015624997871262687,0.031250002128737325,0.015624997871262687
bert,5,-4,0.06016930937767029,-0.004464287843023028,0.004464274006230506,-0.004464287843023028
bert,5,-3,0.04996156319975853,0.006696426974875587,-0.004464300615446892,-0.004464300615446892
bert,5,-2,0.03753914311528206,-0.01339285128882953,-0.013392859271594448,-0.013392859271594448
bert,5,-1,0.05903521180152893,-0.017857146050248827,0.008928575686046075,-0.017857146050248827
bert,6,-5,0.07511551678180695,0.00892856823546546,-0.008928584200995293,-0.008928584200995293
bert,6,-4,0.06572973728179932,-0.002232139664036887,0.022321433893271875,-0.002232139664036887
bert,6,-3,0.050710529088974,-0.006696425378322601,-1.0643686543243547e-08,-0.006696425378322601
bert,6,-2,0.039266545325517654,1.064368656703404e-09,-0.008928575686046047,-0.008928575686046047
bert,6,-1,0.0570390410721302,0.008928569299834115,0.026785705770765056,0.008928569299834115
bert,7,-5,0.14711225032806396,0.049107140728405545,0.053571434957640524,0.049107140728405545
bert,7,-4,0.08850354701280594,0.022321424846138273,-0.017857143921511498,-0.017857143921511498
bert,7,-3,0.0612824484705925,0.0066964296357972285,0.008928571428571452,0.0066964296357972285
bert,7,-2,0.04913226515054703,-0.0223214291036129,4.2574746506041095e-09,-0.0223214291036129
bert,7,-1,0.08346429467201233,-0.008928570364202772,0.008928569299834127,-0.008928570364202772
bert,8,-5,0.14870166778564453,0.033482147114617486,0.017857142857142877,0.017857142857142877
bert,8,-4,0.1033746674656868,0.0044642942292349675,8.514949273452643e-09,8.514949273452643e-09
bert,8,-3,0.06622438132762909,0.002232140728405544,2.1287373253020547e-09,2.1287373253020547e-09
bert,8,-2,0.05726601555943489,-0.031250005321843285,0.031249997871262702,-0.031250005321843285
bert,8,-1,0.08182107657194138,4.257474626813616e-09,0.004464296357972297,4.257474626813616e-09
bert,9,-5,0.1713816374540329,-0.024553575153861727,0.035714275070599155,-0.024553575153861727
bert,9,-4,0.10694669932126999,0.013392856610672814,0.03125,0.013392856610672814
bert,9,-3,0.06777070462703705,-0.004464276134967804,0.013392859271594476,-0.004464276134967804
bert,9,-2,0.06718230992555618,-0.011160713753529958,0.049107144985880175,-0.011160713753529958
bert,9,-1,0.08577236533164978,-0.004464280392442431,0.004464305937290192,-0.004464280392442431
bert,10,-5,0.17291449010372162,-0.0334821417927742,0.017857142857142877,-0.0334821417927742
bert,10,-4,0.10862775146961212,0.04910714019622121,0.017857144985880175,0.017857144985880175
bert,10,-3,0.07090097665786743,-0.006696431232350213,0.0044642878430230515,-0.006696431232350213
bert,10,-2,0.07358913868665695,-0.004464282521179744,0.0044642878430230515,-0.004464282521179744
bert,10,-1,0.0849963128566742,0.0200892873108387,0.013392860335963125,0.013392860335963125
bert,11,-5,0.2199138104915619,-0.0848214291036129,-0.01339287630149294,-0.0848214291036129
bert,11,-4,0.12697406113147736,0.06696428571428571,0.03125,0.03125
bert,11,-3,0.07711565494537354,0.002232145518064499,0.02232143708637785,0.002232145518064499
bert,11,-2,0.08895274996757507,-0.02678571588226727,-0.013392848627907877,-0.02678571588226727
bert,11,-1,0.11357778310775757,-0.029017857142857144,0.022321432828903198,-0.029017857142857144
bert,12,-5,0.21342572569847107,-0.0401785746216774,0.013392850756645203,-0.0401785746216774
bert,12,-4,0.12880082428455353,0.04464285501411983,0.0669642835855484,0.04464285501411983
bert,12,-3,0.07606418430805206,-0.011160715350082942,0.031249991485050754,-0.011160715350082942
bert,12,-2,0.09536109119653702,-0.00446428411773273,0.013392855014119853,-0.00446428411773273
bert,12,-1,0.11235009133815765,-0.011160716414451599,3.1931059740752943e-09,-0.011160716414451599
bert,13,-5,0.2140432894229889,-0.006696432828903198,-0.0133928582072258,-0.0133928582072258
bert,13,-4,0.14492757618427277,0.03125,0.0267857164144516,0.0267857164144516
bert,13,-3,0.07990840077400208,-0.013392850756645203,0.02678571535008295,-0.013392850756645203
bert,13,-2,0.10484142601490021,-0.029017859271594455,6.3862119481505886e-09,-0.029017859271594455
bert,13,-1,0.11896637827157974,-0.013392856078488486,0.008928565042359504,-0.013392856078488486
bert,14,-5,0.2194407880306244,-0.029017859803778783,-0.0178571364709309,-0.029017859803778783
bert,14,-4,0.1462629735469818,0.015624998403447015,0.02678570364202773,0.015624998403447015
bert,14,-3,0.08522406965494156,3.193105970110212e-09,0.044642848627907905,3.193105970110212e-09
bert,14,-2,0.11246725171804428,-0.026785717478820255,0.0223214253783226,-0.026785717478820255
bert,14,-1,0.11893495172262192,0.0022321492433547974,0.026785719607557573,0.0022321492433547974
bert,15,-5,0.30400848388671875,0.017857146050248827,0.04017857355730875,0.017857146050248827
bert,15,-4,0.1650732159614563,0.05803571535008294,0.017857138599668254,0.017857138599668254
bert,15,-3,0.09609531611204147,0.008928574621677399,-0.004464281456811076,-0.004464281456811076
bert,15,-2,0.13992731273174286,-0.035714286246470044,0.004464291036128998,-0.035714286246470044
bert,15,-1,0.13443920016288757,0.004464283585548401,0.05357142644269128,0.004464283585548401
bert,16,-5,0.3463352620601654,0.002232143921511514,0.008928572492940101,0.002232143921511514
bert,16,-4,0.18157173693180084,0.049107142857142856,0.008928574621677399,0.008928574621677399
bert,16,-3,0.09718769043684006,0.0200892835855484,-0.00446427932807375,-0.00446427932807375
bert,16,-2,0.17127978801727295,0.011160708963871002,0.022321432828903198,0.011160708963871002
bert,16,-1,0.16489481925964355,0.035714288375207355,0.022321424313953953,0.022321424313953953
bert,17,-5,0.4664030075073242,0.07812500212873731,0.022321426442691278,0.022321426442691278
bert,17,-4,0.18263398110866547,0.042410711092608314,0.013392852885382528,0.013392852885382528
bert,17,-3,0.10037112236022949,0.0,0.031249997871262702,0.0
bert,17,-2,0.19345873594284058,0.031249997871262685,0.008928569299834127,0.008928569299834127
bert,17,-1,0.2801175117492676,0.15401785182101385,0.12053571960755759,0.12053571960755759
bert,18,-5,0.5076053142547607,0.08035714445369584,0.06249999361378808,0.06249999361378808
bert,18,-4,0.18419601023197174,0.03571428677865437,0.013392856078488502,0.013392856078488502
bert,18,-3,0.10528945177793503,0.013392862996884755,8.514949273452643e-09,8.514949273452643e-09
bert,18,-2,0.22080457210540771,0.03571428571428571,-0.013392846499170552,-0.013392846499170552
bert,18,-1,0.3474733233451843,0.15625000106436865,0.08928572280066355,0.08928572280066355
bert,19,-5,0.7964184284210205,0.08258928890739169,0.031250002128737325,0.031250002128737325
bert,19,-4,0.2025384157896042,0.004464288907391685,0.0044642878430230515,0.0044642878430230515
bert,19,-3,0.10990601778030396,0.006696433893271855,0.00892857355730875,0.006696433893271855
bert,19,-2,0.26882535219192505,0.011160713221345629,0.00892857355730875,0.00892857355730875
bert,19,-1,0.4435749351978302,0.10044642963579722,0.0625000149011612,0.0625000149011612
bert,20,-5,0.7976152896881104,0.0669642835855484,0.053571434957640524,0.053571434957640524
bert,20,-4,0.22406604886054993,0.006696428571428571,0.031249992549419403,0.006696428571428571
bert,20,-3,0.1274232566356659,-0.013392856078488486,-0.026785718543188924,-0.026785718543188924
bert,20,-2,0.33463558554649353,0.029017859803778783,0.01339285714285715,0.01339285714285715
bert,20,-1,0.4524114429950714,0.06919643176453454,0.10267856717109682,0.06919643176453454
bert,21,-5,0.8290849924087524,0.04241071215697697,0.0491071471146175,0.04241071215697697
bert,21,-4,0.27084383368492126,-1.064368656703404e-09,0.004464275070599155,-1.064368656703404e-09
bert,21,-3,0.16244344413280487,2.128737313406808e-09,0.0357142814568111,2.128737313406808e-09
bert,21,-2,0.38577497005462646,0.042410708963871,0.013392869915281047,0.013392869915281047
bert,21,-1,0.4811554253101349,0.07589285501411983,0.06696429210049767,0.06696429210049767
bert,22,-5,0.857688844203949,0.08258928997176034,0.058035705770765056,0.058035705770765056
bert,22,-4,0.3066808879375458,0.0066964296357972285,0.004464286778654375,0.004464286778654375
bert,22,-3,0.18925857543945312,-0.0022321433893271853,0.031249995742525377,-0.0022321433893271853
bert,22,-2,0.4371303915977478,0.024553569299834117,0.0044642771993364805,0.0044642771993364805
bert,22,-1,0.4910823702812195,0.06250000319310597,0.1383928539497512,0.06250000319310597
bert,23,-5,0.9606412649154663,0.07812499680689403,0.06249999574252538,0.06249999574252538
bert,23,-4,0.368837833404541,0.017857149243354797,-0.013392848627907877,-0.013392848627907877
bert,23,-3,0.2268957793712616,-5.32184328351702e-10,0.013392855014119853,-5.32184328351702e-10
bert,23,-2,0.46590182185173035,0.02678571588226727,1.2772423896301177e-08,1.2772423896301177e-08
bert,23,-1,0.5007547736167908,0.06473213859966823,0.1250000053218433,0.06473213859966823
bert,24,-5,0.969907283782959,0.06696428571428571,0.053571422185216655,0.053571422185216655
bert,24,-4,0.43115001916885376,0.011160714285714286,0.0,0.0
bert,24,-3,0.2619907855987549,0.002232139664036887,0.004464296357972297,0.002232139664036887
bert,24,-2,0.49826785922050476,0.026785713753529956,-0.004464282521179724,-0.004464282521179724
bert,24,-1,0.5043110847473145,0.06026785394975117,0.11607143495764052,0.06026785394975117
bert,25,-5,0.9705431461334229,0.06696428464991706,0.08035714498588017,0.06696428464991706
bert,25,-4,0.5129003524780273,-0.004464282521179744,-0.004464295293603621,-0.004464295293603621
bert,25,-3,0.3043011426925659,0.013392866189990724,0.008928568235465478,0.008928568235465478
bert,25,-2,0.5275301337242126,0.011160716414451599,0.02678571535008295,0.011160716414451599
bert,25,-1,0.5071579813957214,0.06696428624647004,0.09374999574252538,0.06696428624647004
bert,26,-5,0.9905532002449036,0.0714285671710968,0.062499991485050754,0.062499991485050754
bert,26,-4,0.6392616033554077,0.002232148711170469,0.008928575686046075,0.002232148711170469
bert,26,-3,0.3457070291042328,-0.0044642846499170575,-0.004464283585548401,-0.0044642846499170575
bert,26,-2,0.5453041791915894,0.020089285714285716,0.0,0.0
bert,26,-1,0.5295539498329163,0.07366071588226727,0.06250000212873733,0.06250000212873733
bert,27,-5,1.1546516418457031,0.05580357036420277,0.0535714328289032,0.0535714328289032
bert,27,-4,0.7405656576156616,0.002232142857142857,-0.0089285692998341,-0.0089285692998341
bert,27,-3,0.3897571563720703,-1.064368656703404e-09,0.022321428571428575,-1.064368656703404e-09
bert,27,-2,0.5896056294441223,0.024553569299834117,0.017857142857142877,0.017857142857142877
bert,27,-1,0.5810280442237854,0.0513392835855484,0.0982142835855484,0.0513392835855484
bert,28,-5,1.2725213766098022,0.060267859271594455,0.03571428784302305,0.03571428784302305
bert,28,-4,0.8821175694465637,-1.064368656703404e-09,0.031250002128737325,-1.064368656703404e-09
bert,28,-3,0.47006505727767944,0.0022321417927742004,0.004464292100497674,0.0022321417927742004
bert,28,-2,0.6612858176231384,0.02008928677865437,0.00892857355730875,0.00892857355730875
bert,28,-1,0.6485242247581482,0.06250000212873731,0.07589285501411985,0.06250000212873731
bert,29,-5,1.3955175876617432,0.0267857164144516,0.0223214307001659,0.0223214307001659
bert,29,-4,1.1166844367980957,0.011160712156976973,-0.026785703642027703,-0.026785703642027703
bert,29,-3,0.574563205242157,-0.002232139664036887,0.031249991485050754,-0.002232139664036887
bert,29,-2,0.7397667765617371,0.015625001064368656,-0.004464285714285698,-0.004464285714285698
bert,29,-1,0.7252991795539856,0.04687500212873731,0.0535714328289032,0.04687500212873731
bert,30,-5,1.6007682085037231,0.07812499946781568,0.022321434957640524,0.022321434957640524
bert,30,-4,1.2834672927856445,3.193105970110212e-09,0.004464298486709595,3.193105970110212e-09
bert,30,-3,0.7254562377929688,0.004464293164866311,-2.128737297546479e-09,-2.128737297546479e-09
bert,30,-2,0.8584474921226501,0.022321424846138273,-4.257474622848534e-09,-4.257474622848534e-09
bert,30,-1,0.8209754824638367,0.049107136470930915,0.049107150307723474,0.049107136470930915
bert,31,-5,1.8896656036376953,-0.01339286140033177,0.013392859271594476,-0.01339286140033177
bert,31,-4,1.5584958791732788,0.011160717478820257,-0.022321430700165873,-0.022321430700165873
bert,31,-3,0.8959405422210693,-0.002232142857142857,0.013392855014119853,-0.002232142857142857
bert,31,-2,1.0226991176605225,0.01562500319310597,0.01339287417275567,0.01339287417275567
bert,31,-1,1.166245937347412,0.008928571428571428,0.017857151372092123,0.008928571428571428
ddpm,0,-5,0.004615181591361761,-0.0178571417927742,-0.05803572599376955,-0.05803572599376955
ddpm,0,-4,0.006762586068361998,-0.004464289971760341,-0.013392848627907905,-0.013392848627907905
ddpm,0,-3,0.005327620543539524,0.002232139664036887,0.02232143389327182,0.002232139664036887
ddpm,0,-2,0.005624573677778244,-0.006696430167981556,-0.008928567171096802,-0.008928567171096802
ddpm,0,-1,0.004167831037193537,0.011160714817898614,-0.00892857355730875,-0.00892857355730875
ddpm,1,-5,0.010796583257615566,0.01116071907537324,-0.031249991485050754,-0.031249991485050754
ddpm,1,-4,0.011818773113191128,-0.024553569832018445,0.06696428997176032,-0.024553569832018445
ddpm,1,-3,0.009972060099244118,4.257474626813616e-09,0.10714286672217502,4.257474626813616e-09
ddpm,1,-2,0.010893600061535835,-0.004464282521179744,-0.013392842241695957,-0.013392842241695957
ddpm,1,-1,0.00895486306399107,0.006696433361087527,0.026785718543188897,0.006696433361087527
ddpm,2,-5,0.01730537600815296,0.0066964275070599145,0.03571428358554837,0.0066964275070599145
ddpm,2,-4,0.018302155658602715,-0.002232141260589872,0.022321424313953925,-0.002232141260589872
ddpm,2,-3,0.02048993855714798,0.024553575686046054,-0.004464284649917105,-0.004464284649917105
ddpm,2,-2,0.013658851385116577,0.004464289971760341,-0.008928562913622207,-0.008928562913622207
ddpm,2,-1,0.014800767414271832,-0.0022321375352995737,-0.00892857355730875,-0.00892857355730875
ddpm,3,-5,0.0537923239171505,-0.004464278795889446,-0.022321426442691306,-0.022321426442691306
ddpm,3,-4,0.03611559420824051,-0.022321421120847975,-0.022321411541530112,-0.022321421120847975
ddpm,3,-3,0.03483600169420242,-0.02678570949605533,0.026785720671926194,-0.02678570949605533
ddpm,3,-2,0.0237612035125494,-0.011160711624792643,-0.008928563977990855,-0.011160711624792643
ddpm,3,-1,0.037906188517808914,-0.004464286778654371,-0.008928576750414752,-0.008928576750414752
ddpm,4,-5,0.07165183126926422,-0.0044642846499170575,0.02232143815074647,-0.0044642846499170575
ddpm,4,-4,0.051850300282239914,0.008928574621677399,0.0937500042574746,0.008928574621677399
ddpm,4,-3,0.0498645193874836,-0.011160710560423988,0.013392877365861589,-0.011160710560423988
ddpm,4,-2,0.03859531134366989,-0.006696423249585288,-0.013392855014119853,-0.013392855014119853
ddpm,4,-1,0.054894715547561646,-0.024553573557308743,-0.0401785724929401,-0.0401785724929401
ddpm,5,-5,0.07221456617116928,-0.008928576218230384,-0.013392851821013907,-0.013392851821013907
ddpm,5,-4,0.057652924209833145,-0.015624997871262687,0.017857155629566718,-0.015624997871262687
ddpm,5,-3,0.051198992878198624,-0.006696431764534542,9.579317894470307e-09,-0.006696431764534542
ddpm,5,-2,0.04067349433898926,-0.022321428571428572,-0.03124999893563135,-0.03124999893563135
ddpm,5,-1,0.05800272151827812,-0.017857137003115246,-0.004464285714285754,-0.017857137003115246
ddpm,6,-5,0.07437629997730255,4.7896589551653184e-09,0.0401785692998341,4.7896589551653184e-09
ddpm,6,-4,0.062001198530197144,-0.0022321316812719616,0.0401785714285714,-0.0022321316812719616
ddpm,6,-3,0.050447117537260056,-0.015625002128737315,0.026785714285714274,-0.015625002128737315
ddpm,6,-2,0.04148675873875618,0.0066964291036129,-0.008928562913622207,-0.008928562913622207
ddpm,6,-1,0.05455779656767845,0.008928575153861727,0.022321428571428548,0.008928575153861727
ddpm,7,-5,0.1562585085630417,0.04464285873941013,-0.013392855014119853,-0.013392855014119853
ddpm,7,-4,0.08519097417593002,0.011160715350082942,-0.013392859271594504,-0.013392859271594504
ddpm,7,-3,0.06245246157050133,-0.013392853417566844,-0.026785712156977004,-0.026785712156977004
ddpm,7,-2,0.05236480012536049,-0.015624997339078359,4.257474595092958e-09,-0.015624997339078359
ddpm,7,-1,0.07474467158317566,0.002232146050248827,-0.01339285714285715,-0.01339285714285715
ddpm,8,-5,0.1597340703010559,0.04017857355730874,0.004464298486709595,0.004464298486709595
ddpm,8,-4,0.09955372661352158,0.013392864593437739,-0.004464276134967804,-0.004464276134967804
ddpm,8,-3,0.06742990016937256,0.0066964344254561835,-0.026785701513290405,-0.026785701513290405
ddpm,8,-2,0.05922601744532585,-0.024553571960755756,-0.004464281456811103,-0.024553571960755756
ddpm,8,-1,0.07395431399345398,-0.013392861932516098,0.04910715350082939,-0.013392861932516098
ddpm,9,-5,0.18313752114772797,-0.02232142591050693,0.017857146050248796,-0.02232142591050693
ddpm,9,-4,0.10301007330417633,0.013392864061253411,-0.013392859271594504,-0.013392859271594504
ddpm,9,-3,0.06813530623912811,-0.00892857728259904,0.008928573557308694,-0.00892857728259904
ddpm,9,-2,0.0675978884100914,-0.026785717478820255,0.031249990420682078,-0.026785717478820255
ddpm,9,-1,0.07874281704425812,-0.011160707899502345,0.0178571385996682,-0.011160707899502345
ddpm,10,-5,0.18569181859493256,-0.04687499787126269,0.04464285927159442,-0.04687499787126269
ddpm,10,-4,0.10407686233520508,0.022321429635797228,1.8094267140167375e-08,1.8094267140167375e-08
ddpm,10,-3,0.07081366330385208,0.002232145518064499,0.013392861400331746,0.002232145518064499
ddpm,10,-2,0.07502181082963943,-0.022321424313953946,0.013392859271594448,-0.022321424313953946
ddpm,10,-1,0.0806039497256279,0.026785717478820255,0.017857144985880147,0.017857144985880147
ddpm,11,-5,0.26543205976486206,-0.11830356184925352,6.386211892639437e-09,-0.11830356184925352
ddpm,11,-4,0.14020119607448578,0.04687500425747463,0.05803571641445157,0.04687500425747463
ddpm,11,-3,0.08060653507709503,-0.0022321375352995737,-0.004464281456811103,-0.004464281456811103
ddpm,11,-2,0.10070779919624329,-0.024553568767649785,0.004464283585548401,-0.024553568767649785
ddpm,11,-1,0.11071919649839401,-0.026785718011004583,0.022321430700165873,-0.026785718011004583
ddpm,12,-5,0.25940969586372375,-0.07366072333284787,0.008928582072257996,-0.07366072333284787
ddpm,12,-4,0.13759411871433258,0.031249998935631344,0.05803572280066352,0.031249998935631344
ddpm,12,-3,0.07902748882770538,-0.01339285128882953,0.013392859271594448,-0.01339285128882953
ddpm,12,-2,0.10425840318202972,-0.006696423249585288,-0.022321424313953953,-0.022321424313953953
ddpm,12,-1,0.1125330701470375,-0.01116071002823966,0.008928565042359449,-0.01116071002823966
ddpm,13,-5,0.25856712460517883,-0.01562499680689403,-0.008928571428571452,-0.01562499680689403
ddpm,13,-4,0.15557199716567993,0.011160717478820257,0.008928571428571397,0.008928571428571397
ddpm,13,-3,0.08112101256847382,-0.002232142857142857,0.026785724929400817,-0.002232142857142857
ddpm,13,-2,0.11235178261995316,-0.03794642644269126,0.0044642899717602935,-0.03794642644269126
ddpm,13,-1,0.12130517512559891,-0.004464279860258102,0.026785719607557545,-0.004464279860258102
ddpm,14,-5,0.25723016262054443,-0.02232142591050693,0.022321434957640496,-0.02232142591050693
ddpm,14,-4,0.15530401468276978,0.022321433893271854,0.01785714924335477,0.01785714924335477
ddpm,14,-3,0.08396510779857635,-0.004464289971760341,0.017857165208884612,-0.004464289971760341
ddpm,14,-2,0.11624062061309814,-0.0245535746216774,4.257474595092958e-09,-0.0245535746216774
ddpm,14,-1,0.12140212953090668,-0.03571428464991706,0.0446428528853825,-0.03571428464991706
ddpm,15,-5,0.3283868432044983,0.004464283585548401,0.04017857355730872,0.004464283585548401
ddpm,15,-4,0.18175919353961945,0.04464286140033177,0.013392860335963097,0.013392860335963097
ddpm,15,-3,0.08827594667673111,-0.002232140728405544,0.00892856823546545,-0.002232140728405544
ddpm,15,-2,0.1419825553894043,-0.029017853417566845,0.013392865657806369,-0.029017853417566845
ddpm,15,-1,0.13971681892871857,-0.008928566638912474,0.05357143708637779,-0.008928566638912474
ddpm,16,-5,0.3646967113018036,-0.022321431764534543,0.00892856823546545,-0.022321431764534543
ddpm,16,-4,0.19289220869541168,0.0200892873108387,0.022321424313953925,0.0200892873108387
ddpm,16,-3,0.08961526304483414,0.015624996274709702,0.013392861400331746,0.013392861400331746
ddpm,16,-2,0.16598738729953766,0.004464289971760341,0.035714287843022996,0.004464289971760341
ddpm,16,-1,0.16775940358638763,0.03125000425747463,0.031250014901161166,0.03125000425747463
ddpm,17,-5,0.47019344568252563,0.08482143070016589,0.031249998935631323,0.031249998935631323
ddpm,17,-4,0.19209976494312286,0.029017859271594455,0.0357142857142857,0.029017859271594455
ddpm,17,-3,0.09460465610027313,0.020089286246470044,0.008928571428571397,0.008928571428571397
ddpm,17,-2,0.1874731034040451,0.015624997339078359,0.013392860335963097,0.013392860335963097
ddpm,17,-1,0.2678849995136261,0.16517857675041472,0.07589286459343772,0.07589286459343772
ddpm,18,-5,0.516789436340332,0.078125,0.0848214296357972,0.078125
ddpm,18,-4,0.19292157888412476,0.0178571455180645,0.02678572280066352,0.0178571455180645
ddpm,18,-3,0.10095082223415375,0.008928572492940086,0.03124999574252535,0.008928572492940086
ddpm,18,-2,0.20858952403068542,0.03571428677865437,0.031249990420682078,0.031249990420682078
ddpm,18,-1,0.3310350179672241,0.15625000212873733,0.06696428890739167,0.06696428890739167
ddpm,19,-5,0.8504313230514526,0.07589285607848849,0.05803572280066352,0.05803572280066352
ddpm,19,-4,0.20998243987560272,-0.0022321423249585287,-0.0044642803924424546,-0.0044642803924424546
ddpm,19,-3,0.10789129883050919,-0.004464279328073774,0.0312500021287373,-0.004464279328073774
ddpm,19,-2,0.25592923164367676,0.0022321385996682303,0.0312500021287373,0.0022321385996682303
ddpm,19,-1,0.4360058605670929,0.0937500074505806,0.07142857994352067,0.07142857994352067
ddpm,20,-5,0.8544881939888,0.055803577814783366,0.06696429210049762,0.055803577814783366
ddpm,20,-4,0.23147673904895782,-0.0022321385996682303,0.008928572492940046,-0.0022321385996682303
ddpm,20,-3,0.12492126226425171,0.00892857728259904,-0.01785714072840555,-0.01785714072840555
ddpm,20,-2,0.31902894377708435,0.011160718543188912,0.017857140728405524,0.011160718543188912
ddpm,20,-1,0.4436997175216675,0.0736607164144516,0.11607143282890317,0.0736607164144516
ddpm,21,-5,0.8917503952980042,0.05133928997176034,0.04464285927159442,0.04464285927159442
ddpm,21,-4,0.2816300094127655,-0.0066964275070599145,-0.022321420056479357,-0.022321420056479357
ddpm,21,-3,0.15509890019893646,0.004464294761419296,0.04464286352906907,0.004464294761419296
ddpm,21,-2,0.36695265769958496,0.011160715350082942,0.0133928528853825,0.011160715350082942
ddpm,21,-1,0.48276880383491516,0.09151785182101387,0.08035714072840552,0.08035714072840552
ddpm,22,-5,0.9304402470588684,0.06696428890739169,0.06250000319310595,0.06250000319310595
ddpm,22,-4,0.3204100728034973,0.002232150307723454,-0.026785700448921757,-0.026785700448921757
ddpm,22,-3,0.18263240158557892,0.011160712156976973,0.013392867786543694,0.011160712156976973
ddpm,22,-2,0.41659989953041077,0.017857139664036886,-0.017857138599668254,-0.017857138599668254
ddpm,22,-1,0.4923064708709717,0.06696428571428571,0.129464287843023,0.06696428571428571
ddpm,23,-5,1.043100118637085,0.07142857675041471,0.06250000638621192,0.06250000638621192
ddpm,23,-4,0.37915387749671936,0.006696430700165885,0.004464285714285698,0.004464285714285698
ddpm,23,-3,0.22312191128730774,0.015625,0.017857140728405524,0.015625
ddpm,23,-2,0.4468640685081482,0.020089289971760342,0.008928567171096802,0.008928567171096802
ddpm,23,-1,0.49829038977622986,0.06473214711461749,0.11160714498588015,0.06473214711461749
ddpm,24,-5,1.0540339946746826,0.0647321455180645,0.0803571513720921,0.0647321455180645
ddpm,24,-4,0.4473266005516052,-0.0022321391318525586,0.022321434957640496,-0.0022321391318525586
ddpm,24,-3,0.25836750864982605,-0.0066964296357972285,0.01785715030772342,-0.0066964296357972285
ddpm,24,-2,0.47715720534324646,0.013392862464700426,0.008928571428571397,0.008928571428571397
ddpm,24,-1,0.5027402639389038,0.03794643176453454,0.09821428997176032,0.03794643176453454
ddpm,25,-5,1.0509984493255615,0.06919643495764051,0.08035714711461747,0.06919643495764051
ddpm,25,-4,0.5362613797187805,-0.002232138067483902,-0.004464284649917105,-0.004464284649917105
ddpm,25,-3,0.2960842549800873,0.011160718543188912,-0.022321421120848006,-0.022321421120848006
ddpm,25,-2,0.5000981092453003,0.0178571455180645,0.0312500021287373,0.0178571455180645
ddpm,25,-1,0.5053665041923523,0.0468750037252903,0.11607144879443301,0.0468750037252903
ddpm,26,-5,1.0801507234573364,0.07366071960755757,0.04464286565780637,0.04464286565780637
ddpm,26,-4,0.6611165404319763,0.0022321433893271853,-0.026785710028239706,-0.026785710028239706
ddpm,26,-3,0.34257772564888,-0.004464282521179744,0.02232143176453452,-0.004464282521179744
ddpm,26,-2,0.5191356539726257,0.0066964296357972285,1.0643686543243547e-08,1.0643686543243547e-08
ddpm,26,-1,0.5267229676246643,0.05580357355730874,0.07589285394975115,0.05580357355730874
ddpm,27,-5,1.2838252782821655,0.04241071215697697,0.04464286565780637,0.04241071215697697
ddpm,27,-4,0.7710130214691162,-0.0022321385996682303,-0.004464264426912612,-0.004464264426912612
ddpm,27,-3,0.3863743841648102,-0.013392850756645203,-0.022321427507059954,-0.022321427507059954
ddpm,27,-2,0.5741190314292908,0.020089285714285716,-0.013392846499170608,-0.013392846499170608
ddpm,27,-1,0.5714414119720459,0.04910714498588017,0.10267857781478335,0.04910714498588017
ddpm,28,-5,1.3952656984329224,0.05580357249294009,0.031249991485050727,0.031249991485050727
ddpm,28,-4,0.9284871220588684,0.004464296890156609,-0.008928575686046103,-0.008928575686046103
ddpm,28,-3,0.4651431143283844,-0.002232136470930917,0.004464287843022996,-0.002232136470930917
ddpm,28,-2,0.6597728729248047,0.006696428571428571,-0.01785714072840555,-0.01785714072840555
ddpm,28,-1,0.6360100507736206,0.05580357887915203,0.08482143070016587,0.05580357887915203
ddpm,29,-5,1.5244466066360474,0.03124999680689403,0.049107140728405524,0.03124999680689403
ddpm,29,-4,1.1750868558883667,0.011160717478820257,0.004464305937290192,0.004464305937290192
ddpm,29,-3,0.5794910192489624,0.00669642591050693,0.004464293164866295,0.004464293164866295
ddpm,29,-2,0.7339277267456055,0.01562500319310597,-0.022321422185216655,-0.022321422185216655
ddpm,29,-1,0.7163227200508118,0.04910714498588017,0.08928573131561277,0.04910714498588017
ddpm,30,-5,1.7241164445877075,0.05580357355730874,0.026785724929400817,0.026785724929400817
ddpm,30,-4,1.3544750213623047,0.002232140728405544,1.0643686487732396e-09,1.0643686487732396e-09
ddpm,30,-3,0.744952917098999,3.193105970110212e-09,0.02678571215697695,3.193105970110212e-09
ddpm,30,-2,0.8516149520874023,0.004464287843023028,0.013392860335963097,0.004464287843023028
ddpm,30,-1,0.8145116567611694,0.04910713859966823,0.004464287843022996,0.004464287843022996
ddpm,31,-5,1.9958858489990234,-0.006696428571428571,-0.004464277199336508,-0.006696428571428571
ddpm,31,-4,1.6227781772613525,0.01116071960755757,-0.022321428571428603,-0.022321428571428603
ddpm,31,-3,0.9323632121086121,0.004464289971760341,-0.017857138599668254,-0.017857138599668254
ddpm,31,-2,1.0390907526016235,0.002232143921511514,-0.022321424313953953,-0.022321424313953953
ddpm,31,-1,1.1138262748718262,0.013392862464700426,0.03125000851494922,0.013392862464700426
gcn,0,-5,0.004314832389354706,-0.004464278795889446,0.12053571854318892,-0.004464278795889446
gcn,0,-4,0.006992976181209087,-0.004464285714285714,0.004464291036128998,-0.004464285714285714
gcn,0,-3,0.004929622635245323,-0.006696432828903198,0.1696428635290691,-0.006696432828903198
gcn,0,-2,0.005926057230681181,0.0,0.06250000319310597,0.0
gcn,0,-1,0.0037372808437794447,-0.004464288375207356,-0.022321432828903198,-0.022321432828903198
gcn,1,-5,0.011084661819040775,0.002232148178986141,2.1287373141998245e-08,2.1287373141998245e-08
gcn,1,-4,0.01281890831887722,-0.022321426442691257,0.10267857568604608,-0.022321426442691257
gcn,1,-3,0.009256080724298954,0.002232143921511514,0.13839285714285715,0.002232143921511514
gcn,1,-2,0.010552244260907173,-1.596552985055106e-09,-0.004464281456811103,-0.004464281456811103
gcn,1,-1,0.009569109417498112,0.011160717478820257,0.053571434957640524,0.011160717478820257
gcn,2,-5,0.01799607276916504,0.008928569832018443,0.0446428582072258,0.008928569832018443
gcn,2,-4,0.02039835788309574,0.015625,0.06696429210049767,0.015625
gcn,2,-3,0.018954332917928696,0.011160715882267271,-0.008928557591778907,-0.008928557591778907
gcn,2,-2,0.013071754947304726,0.017857147114617482,-0.017857139664036903,-0.017857139664036903
gcn,2,-1,0.01580565795302391,0.002232143921511514,0.031249992549419403,0.002232143921511514
gcn,3,-5,0.056870248168706894,0.0133928582072258,-0.0357142835855484,-0.0357142835855484
gcn,3,-4,0.03848647326231003,0.004464287843023028,0.013392863529069099,0.004464287843023028
gcn,3,-3,0.033017974346876144,-0.006696433893271855,-0.008928558656147556,-0.008928558656147556
gcn,3,-2,0.022083131596446037,0.011160715882267271,1.1708055247527938e-08,1.1708055247527938e-08
gcn,3,-1,0.040598463267087936,1.064368656703404e-09,0.026785719607557573,1.064368656703404e-09
gcn,4,-5,0.07648224383592606,0.008928572492940086,0.0,0.0
gcn,4,-4,0.05451205000281334,0.011160715350082942,0.06696428784302302,0.011160715350082942
gcn,4,-3,0.048037782311439514,0.00892856823546546,0.017857132213456306,0.00892856823546546
gcn,4,-2,0.03549885377287865,-0.004464283585548401,0.0044642889073917,-0.004464283585548401
gcn,4,-1,0.05816721171140671,-0.046874994678156715,-0.044642861400331746,-0.046874994678156715
gcn,5,-5,0.07589633762836456,0.006696423249585288,0.004464292100497647,0.004464292100497647
gcn,5,-4,0.05954661965370178,-0.033482148711170466,0.022321426442691278,-0.033482148711170466
gcn,5,-3,0.04971364513039589,-0.0066964275070599145,0.01785714072840555,-0.0066964275070599145
gcn,5,-2,0.03726421669125557,-0.004464286246470043,-0.017857123698507005,-0.017857123698507005
gcn,5,-1,0.05976170673966408,-0.03794642963579723,0.004464286778654403,-0.03794642963579723
gcn,6,-5,0.07840637862682343,0.011160710560423988,0.03571429422923497,0.011160710560423988
gcn,6,-4,0.0651395320892334,0.02008928677865437,0.04464286778654372,0.02008928677865437
gcn,6,-3,0.05047955736517906,0.008928573557308741,1.9158635844451766e-08,1.9158635844451766e-08
gcn,6,-2,0.03896704688668251,0.006696437086377825,-0.013392856078488502,-0.013392856078488502
gcn,6,-1,0.0578957162797451,0.020089281988995417,1.0643686598754698e-08,1.0643686598754698e-08
gcn,7,-5,0.1598203033208847,0.04017857355730874,0.044642865657806396,0.04017857355730874
gcn,7,-4,0.08970990777015686,0.022321426442691257,-0.0312499893563134,-0.0312499893563134
gcn,7,-3,0.06328647583723068,0.013392858739410127,0.040178575686046075,0.013392858739410127
gcn,7,-2,0.049920301884412766,7.98276492527553e-09,-0.044642861400331746,-0.044642861400331746
gcn,7,-1,0.08226293325424194,-0.004464288907391685,0.026785718543188924,-0.004464288907391685
gcn,8,-5,0.15994881093502045,0.02901786140033177,0.0,0.0
gcn,8,-4,0.10313748568296432,0.013392858739410127,0.0089285692998341,0.0089285692998341
gcn,8,-3,0.06844896823167801,-0.006696425378322601,8.514949245697068e-09,-0.006696425378322601
gcn,8,-2,0.057267531752586365,-0.026785717478820255,0.03125,-0.026785717478820255
gcn,8,-1,0.08053077757358551,-0.011160705770765032,0.01339286885091237,-0.011160705770765032
gcn,9,-5,0.17274393141269684,-0.013392853417566844,0.01339288055896759,-0.013392853417566844
gcn,9,-4,0.10813199728727341,0.006696433361087527,-0.017857123698507005,-0.017857123698507005
gcn,9,-3,0.06884708255529404,-0.006696424846138273,0.01785715775830407,-0.006696424846138273
gcn,9,-2,0.06624799221754074,-0.024553571428571428,0.0491071396640369,-0.024553571428571428
gcn,9,-1,0.08379729837179184,0.008928576750414712,0.03571428997176035,0.008928576750414712
gcn,10,-5,0.17372126877307892,-0.053571430167981555,0.03124999893563135,-0.053571430167981555
gcn,10,-4,0.11097647994756699,0.03348215350082943,-0.01785714817898615,-0.01785714817898615
gcn,10,-3,0.07124930620193481,0.008928575686046056,0.017857151372092123,0.008928575686046056
gcn,10,-2,0.07435775548219681,-0.002232148711170469,2.128737297546479e-09,-0.002232148711170469
gcn,10,-1,0.08676568418741226,0.022321430700165883,0.013392865657806396,0.013392865657806396
gcn,11,-5,0.22789384424686432,-0.08258928784302302,0.035714292100497674,-0.08258928784302302
gcn,11,-4,0.1444161981344223,0.06473214817898613,0.01785714072840555,0.01785714072840555
gcn,11,-3,0.07877704501152039,0.008928574621677399,-0.004464272941861802,-0.004464272941861802
gcn,11,-2,0.09159169346094131,-0.0111607126891613,0.03125,-0.0111607126891613
gcn,11,-1,0.12080012261867523,-0.015625001064368656,0.049107144985880175,-0.015625001064368656
gcn,12,-5,0.22358931601047516,-0.022321426442691257,0.008928567171096802,-0.022321426442691257
gcn,12,-4,0.1406315714120865,0.04241071535008294,0.08035714285714288,0.04241071535008294
gcn,12,-3,0.0772053673863411,-0.013392852885382516,0.01339285714285715,-0.013392852885382516
gcn,12,-2,0.09730395674705505,-0.01116071960755757,0.00892857355730875,-0.01116071960755757
gcn,12,-1,0.11948232352733612,-0.0022321385996682303,0.0044642889073917,-0.0022321385996682303
gcn,13,-5,0.22317849099636078,0.011160714285714286,0.008928577814783373,0.008928577814783373
gcn,13,-4,0.15733745694160461,0.04910714817898614,0.013392859271594476,0.013392859271594476
gcn,13,-3,0.0811152309179306,-0.006696425378322601,0.004464291036128998,-0.006696425378322601
gcn,13,-2,0.10744933038949966,-0.0178571417927742,0.00446428464991705,-0.0178571417927742
gcn,13,-1,0.12806956470012665,0.002232143921511514,-0.00892857355730875,-0.00892857355730875
gcn,14,-5,0.22667109966278076,-0.015624996274709702,0.01785713647093093,-0.015624996274709702
gcn,14,-4,0.15807165205478668,0.029017859271594455,0.013392861400331774,0.013392861400331774
gcn,14,-3,0.08424163609743118,-0.002232143921511514,0.017857146050248823,-0.002232143921511514
gcn,14,-2,0.11290840059518814,1.1175870895385742e-08,0.013392861400331774,1.1175870895385742e-08
gcn,14,-1,0.12732292711734772,-0.008928576750414712,0.044642860335963125,-0.008928576750414712
gcn,15,-5,0.30739203095436096,8.514949253627232e-09,-0.017857123698507005,-0.017857123698507005
gcn,15,-4,0.17799922823905945,0.04241071481789861,0.00892857355730875,0.00892857355730875
gcn,15,-3,0.0929696187376976,0.006696431764534542,-0.0089285692998341,-0.0089285692998341
gcn,15,-2,0.13896657526493073,-0.022321428571428572,0.035714285714285726,-0.022321428571428572
gcn,15,-1,0.14029894769191742,0.004464283585548401,0.04464287843023029,0.004464283585548401
gcn,16,-5,0.3401693105697632,-0.024553566106728146,0.022321444536958418,-0.024553566106728146
gcn,16,-4,0.19083687663078308,0.0446428582072258,0.026785719607557573,0.026785719607557573
gcn,16,-3,0.09514285624027252,0.011160717478820257,0.03125000957931792,0.011160717478820257
gcn,16,-2,0.1609809845685959,-0.006696433361087527,0.022321444536958418,-0.006696433361087527
gcn,16,-1,0.1709580421447754,0.029017853949751173,0.022321424313953953,0.022321424313953953
gcn,17,-5,0.4487113952636719,0.11383928464991706,0.03571429316486632,0.03571429316486632
gcn,17,-4,0.18914560973644257,0.03794642963579723,0.02232144240822112,0.02232144240822112
gcn,17,-3,0.09901069849729538,0.004464287843023028,-0.00446427932807375,-0.00446427932807375
gcn,17,-2,0.18676477670669556,0.042410717478820255,-0.00446427932807375,-0.00446427932807375
gcn,17,-1,0.2791854739189148,0.16071428571428573,0.10267858845846994,0.10267858845846994
gcn,18,-5,0.4926357567310333,0.10267856876764979,0.0625,0.0625
gcn,18,-4,0.189147487282753,0.013392860335963113,0.0357142835855484,0.013392860335963113
gcn,18,-3,0.10522464662790298,0.020089282521179745,0.026785718543188924,0.020089282521179745
gcn,18,-2,0.20853284001350403,0.037946424313953946,0.004464275070599155,0.004464275070599155
gcn,18,-1,0.34273239970207214,0.15625000425747462,0.09821428784302302,0.09821428784302302
gcn,19,-5,0.7712770700454712,0.07812499893563134,0.07589286140033177,0.07589286140033177
gcn,19,-4,0.20774362981319427,0.002232146050248827,0.03571428997176035,0.002232146050248827
gcn,19,-3,0.10972706228494644,-0.004464281988995416,-0.008928575686046047,-0.008928575686046047
gcn,19,-2,0.2542732059955597,0.011160713221345629,0.013392866722175073,0.011160713221345629
gcn,19,-1,0.45234838128089905,0.10491071109260831,0.0580357164144516,0.0580357164144516
gcn,20,-5,0.7715389132499695,0.0580357126891613,0.0624999978712627,0.0580357126891613
gcn,20,-4,0.2262040674686432,-0.013392857142857142,-0.026785722800663547,-0.026785722800663547
gcn,20,-3,0.1264543980360031,-0.006696418992110661,-0.017857144985880147,-0.017857144985880147
gcn,20,-2,0.31608009338378906,0.02901785501411983,0.01785714817898615,0.01785714817898615
gcn,20,-1,0.457791805267334,0.08482143495764051,0.1116071471146175,0.08482143495764051
gcn,21,-5,0.8065781593322754,0.05357142857142857,0.0625,0.05357142857142857
gcn,21,-4,0.2738998830318451,-0.004464283585548401,0.008928578879152022,-0.004464283585548401
gcn,21,-3,0.15858232975006104,2.128737313406808e-09,-0.00446428464991705,-0.00446428464991705
gcn,21,-2,0.36233171820640564,0.04241071535008294,0.017857138599668226,0.017857138599668226
gcn,21,-1,0.48889249563217163,0.09151785607848849,0.0892857164144516,0.0892857164144516
gcn,22,-5,0.838241457939148,0.05357142750705991,0.05357143602200917,0.05357142750705991
gcn,22,-4,0.3090789318084717,-0.0022321338100092752,-0.004464289971760349,-0.004464289971760349
gcn,22,-3,0.18590737879276276,0.004464287310838699,0.031249996806894026,0.004464287310838699
gcn,22,-2,0.4143872559070587,0.026785711092608317,0.022321423249585304,0.022321423249585304
gcn,22,-1,0.5032888650894165,0.0758928582072258,0.1205357164144516,0.0758928582072258
gcn,23,-5,0.9467599391937256,0.07812499680689403,0.08035714605024882,0.07812499680689403
gcn,23,-4,0.37308764457702637,0.002232148178986141,-0.00892857355730875,-0.00892857355730875
gcn,23,-3,0.22592367231845856,0.008928581540073668,-8.514949245697068e-09,-8.514949245697068e-09
gcn,23,-2,0.4429038166999817,0.0200892873108387,1.0643686598754698e-08,1.0643686598754698e-08
gcn,23,-1,0.5115370750427246,0.06473214605024882,0.1071428656578064,0.06473214605024882
gcn,24,-5,0.955845057964325,0.06473213753529958,0.05357142644269128,0.05357142644269128
gcn,24,-4,0.4421951472759247,-0.008928566106728144,6.3862119481505886e-09,-0.008928566106728144
gcn,24,-3,0.2625235617160797,0.004464281988995416,-0.004464272941861802,-0.004464272941861802
gcn,24,-2,0.473676860332489,0.0290178582072258,0.0357142963579723,0.0290178582072258
gcn,24,-1,0.5162496566772461,0.04910714605024883,0.10267857142857142,0.04910714605024883
gcn,25,-5,0.9657929539680481,0.0714285708963871,0.0714285650423595,0.0714285650423595
gcn,25,-4,0.5300219058990479,4.7896589551653184e-09,0.01785714072840555,4.7896589551653184e-09
gcn,25,-3,0.30790168046951294,2.128737313406808e-09,0.04017858420099532,2.128737313406808e-09
gcn,25,-2,0.49993327260017395,0.04241071588226727,-0.0133928528853825,-0.0133928528853825
gcn,25,-1,0.5204968452453613,0.0558035746216774,0.09821428997176035,0.0558035746216774
gcn,26,-5,0.9958614706993103,0.0602678582072258,0.031250002128737325,0.031250002128737325
gcn,26,-4,0.6470800042152405,0.0066964291036129,0.004464285714285698,0.004464285714285698
gcn,26,-3,0.34982186555862427,-0.002232139664036887,0.013392850756645203,-0.002232139664036887
gcn,26,-2,0.5203737020492554,0.031249999467815672,-0.035714276134967804,-0.035714276134967804
gcn,26,-1,0.544393002986908,0.049107148711170466,0.09821428252117975,0.049107148711170466
gcn,27,-5,1.1767903566360474,0.046874994678156715,0.04017856929983413,0.04017856929983413
gcn,27,-4,0.7629865407943726,-0.00446428411773273,0.008928565042359504,-0.00446428411773273
gcn,27,-3,0.39516377449035645,1.596552985055106e-09,0.004464297422340946,1.596552985055106e-09
gcn,27,-2,0.568021297454834,0.02678571588226727,0.004464289971760349,0.004464289971760349
gcn,27,-1,0.5989701747894287,0.05357142324958529,0.08035714285714288,0.05357142324958529
gcn,28,-5,1.2910038232803345,0.0558035746216774,0.03125000638621195,0.03125000638621195
gcn,28,-4,0.9151079654693604,0.0022321497755391257,-0.004464285714285698,-0.004464285714285698
gcn,28,-3,0.4760299026966095,0.004464288907391685,0.008928582072257996,0.004464288907391685
gcn,28,-2,0.6509284973144531,0.02232143548982484,0.00892856823546545,0.00892856823546545
gcn,28,-1,0.6672292947769165,0.0558035671710968,0.058035718543188924,0.0558035671710968
gcn,29,-5,1.422222375869751,0.04017857249294009,0.035714292100497674,0.035714292100497674
gcn,29,-4,1.1633021831512451,0.0022321391318525586,0.013392860335963125,0.0022321391318525586
gcn,29,-3,0.5799384117126465,-0.006696425378322601,0.01785713008471898,-0.006696425378322601
gcn,29,-2,0.7269509434700012,0.0245535708963871,0.013392861400331774,0.013392861400331774
gcn,29,-1,0.7463561296463013,0.0446428582072258,0.04910714285714288,0.0446428582072258
gcn,30,-5,1.6477575302124023,0.053571430167981555,0.031250002128737325,0.031250002128737325
gcn,30,-4,1.3466013669967651,-0.0044642846499170575,-0.0044642782637051015,-0.0044642846499170575
gcn,30,-3,0.7355813384056091,0.0044642894395760125,0.022321416863373356,0.0044642894395760125
gcn,30,-2,0.8414924144744873,0.020089288375207355,0.03124999893563135,0.020089288375207355
gcn,30,-1,0.8454216122627258,0.06250000212873731,0.013392850756645203,0.013392850756645203
gcn,31,-5,1.919870138168335,-0.015625001064368656,0.022321434957640524,-0.015625001064368656
gcn,31,-4,1.6303681135177612,0.0066964296357972285,-0.0089285692998341,-0.0089285692998341
gcn,31,-3,0.9309045672416687,0.008928569299834115,0.008928563977990855,0.008928563977990855
gcn,31,-2,1.0308761596679688,-0.0066964275070599145,-0.008928565042359504,-0.008928565042359504
gcn,31,-1,1.1785656213760376,0.008928569299834115,0.0580357164144516,0.008928569299834115
kriging,0,-5,0.004341467749327421,0.00669642591050693,-0.044642856078488474,-0.044642856078488474
kriging,0,-4,0.00587462168186903,-0.0111607126891613,-0.04017856823546545,-0.04017856823546545
kriging,0,-3,0.004809367936104536,0.01339286086814744,0.09821428145681109,0.01339286086814744
kriging,0,-2,0.005472132470458746,-0.011160715882267271,0.04017857249294007,-0.011160715882267271
kriging,0,-1,0.0036893936339765787,0.004464286246470043,0.0401785746216774,0.004464286246470043
kriging,1,-5,0.011211550794541836,0.011160716946635927,-0.00892855652741023,-0.00892855652741023
kriging,1,-4,0.013036619871854782,-0.020089280924626758,0.12500000851494925,-0.020089280924626758
kriging,1,-3,0.009894253686070442,-0.01116070310984339,0.11607142963579722,-0.01116070310984339
kriging,1,-2,0.012080688029527664,0.01116072226847921,0.01785714285714285,0.01116072226847921
kriging,1,-1,0.009402627125382423,0.008928571960755758,-0.022321429635797224,-0.022321429635797224
kriging,2,-5,0.018157411366701126,-0.002232139664036887,-0.026785723865032196,-0.026785723865032196
kriging,2,-4,0.021277837455272675,0.004464286246470043,0.03571429529360362,0.004464286246470043
kriging,2,-3,0.020839262753725052,0.024553579411336353,-0.03571427826370513,-0.03571427826370513
kriging,2,-2,0.015339353121817112,-1.596552985055106e-09,9.579317894470307e-09,-1.596552985055106e-09
kriging,2,-1,0.014815520495176315,0.013392865125622069,-0.022321428571428575,-0.022321428571428575
kriging,3,-5,0.05091182515025139,0.006696428571428571,-0.02232143176453455,-0.02232143176453455
kriging,3,-4,0.03866490721702576,-0.008928571428571428,0.008928578879152022,-0.008928571428571428
kriging,3,-3,0.036085378378629684,0.0022321497755391257,0.02232143176453455,0.0022321497755391257
kriging,3,-2,0.02569763921201229,0.008928573025124413,-0.013392839048589983,-0.013392839048589983
kriging,3,-1,0.03920239582657814,-0.0022321401962212156,-0.02232143176453455,-0.02232143176453455
kriging,4,-5,0.07082639634609222,-0.006696418459926333,0.02678572173629487,-0.006696418459926333
kriging,4,-4,0.06062992289662361,-0.008928575153861727,0.04910714817898615,-0.008928575153861727
kriging,4,-3,0.05356789007782936,-0.020089281988995417,-0.004464287843023024,-0.020089281988995417
kriging,4,-2,0.04430827125906944,-0.002232138067483902,0.022321441343852444,-0.002232138067483902
kriging,4,-1,0.0601692870259285,-0.031249994145972387,-0.04910713327782493,-0.04910713327782493
kriging,5,-5,0.07393819838762283,0.013392865657806396,3.1931059740752943e-09,3.1931059740752943e-09
kriging,5,-4,0.0666281059384346,-0.008928568767649787,-0.017857139664036903,-0.017857139664036903
kriging,5,-3,0.05710519850254059,-0.011160712156976973,0.017857146050248823,-0.011160712156976973
kriging,5,-2,0.04602647200226784,-0.002232141260589872,-0.008928555463041582,-0.008928555463041582
kriging,5,-1,0.06399467587471008,-0.031249998403447016,-0.00892856823546545,-0.031249998403447016
kriging,6,-5,0.07984189689159393,0.015625002660921643,0.022321442408221093,0.015625002660921643
kriging,6,-4,0.07041335850954056,-0.004464283053364072,0.017857144985880175,-0.004464283053364072
kriging,6,-3,0.057694558054208755,0.0022321540330137524,0.01339285714285715,0.0022321540330137524
kriging,6,-2,0.047436632215976715,-0.00223213540656226,-0.022321418992110653,-0.022321418992110653
kriging,6,-1,0.06088476628065109,0.022321430167981555,0.004464293164866295,0.004464293164866295
kriging,7,-5,0.13466468453407288,0.04687500319310597,0.04017855759177888,0.04017855759177888
kriging,7,-4,0.0921785831451416,0.008928576750414712,-0.03125000106436865,-0.03125000106436865
kriging,7,-3,0.06886394321918488,0.0133928582072258,0.026785719607557573,0.0133928582072258
kriging,7,-2,0.059370655566453934,-0.013392848095723562,0.026785717478820248,-0.013392848095723562
kriging,7,-1,0.0866706445813179,0.01785714871117047,0.03571428890739167,0.01785714871117047
kriging,8,-5,0.1448497772216797,0.04687500266092164,-0.008928572492940101,-0.008928572492940101
kriging,8,-4,0.10559269040822983,0.002232138067483902,0.017857138599668226,0.002232138067483902
kriging,8,-3,0.07202360033988953,-5.32184328351702e-10,-0.02232142112084798,-0.02232142112084798
kriging,8,-2,0.0679774284362793,-0.024553573025124415,-0.026785713221345625,-0.026785713221345625
kriging,8,-1,0.08448706567287445,-0.0089285708963871,-0.008928571428571425,-0.008928571428571425
kriging,9,-5,0.1683056354522705,-0.011160711624792643,3.1931059740752943e-09,-0.011160711624792643
kriging,9,-4,0.11052193492650986,-0.0111607126891613,-0.013392847563539229,-0.013392847563539229
kriging,9,-3,0.07149440795183182,-5.32184328351702e-10,0.017857150307723446,-5.32184328351702e-10
kriging,9,-2,0.07848507165908813,-0.008928573025124413,0.017857143921511498,-0.008928573025124413
kriging,9,-1,0.08960491418838501,-5.32184328351702e-10,-0.00446428464991705,-0.00446428464991705
kriging,10,-5,0.1697259098291397,-0.0401785634458065,-0.013392851821013851,-0.0401785634458065
kriging,10,-4,0.11030732840299606,0.008928578346967697,-1.0643686487732396e-09,-1.0643686487732396e-09
kriging,10,-3,0.07535075396299362,0.004464288375207356,0.01785715456519807,0.004464288375207356
kriging,10,-2,0.08884382992982864,2.66092164175851e-09,3.1931059740752943e-09,2.66092164175851e-09
kriging,10,-1,0.09288112819194794,-0.004464280924626759,0.008928574621677399,-0.004464280924626759
kriging,11,-5,0.2282634824514389,-0.09598214072840554,0.031249997871262675,-0.09598214072840554
kriging,11,-4,0.129585400223732,0.02232142591050693,0.03125000638621195,0.02232142591050693
kriging,11,-3,0.0838160440325737,-0.008928562381437846,-0.004464280392442427,-0.008928562381437846
kriging,11,-2,0.11511944234371185,-0.026785713753529956,-0.017857133277824955,-0.026785713753529956
kriging,11,-1,0.12893721461296082,-0.03125000159655299,0.05803571960755757,-0.03125000159655299
kriging,12,-5,0.2248661369085312,-0.06919642484613828,0.03571430061544689,-0.06919642484613828
kriging,12,-4,0.13382349908351898,0.004464288375207356,0.03571428252117975,0.004464288375207356
kriging,12,-3,0.0837879404425621,6.918396268572126e-09,-4.257474622848534e-09,-4.257474622848534e-09
kriging,12,-2,0.12193617969751358,-0.011160716946635927,-0.040178583136626644,-0.040178583136626644
kriging,12,-1,0.12947002053260803,-0.006696417395557676,0.022321436022009172,-0.006696417395557676
kriging,13,-5,0.22729462385177612,-0.013392854481935501,0.008928563977990828,-0.013392854481935501
kriging,13,-4,0.15177971124649048,1.596552985055106e-09,0.00446428464991705,1.596552985055106e-09
kriging,13,-3,0.08726980537176132,-0.0066964227174009594,-0.008928571428571425,-0.008928571428571425
kriging,13,-2,0.13144353032112122,-0.04241071588226727,-0.022321424313953953,-0.04241071588226727
kriging,13,-1,0.13571645319461823,0.017857144453695843,-0.008928574621677399,-0.008928574621677399
kriging,14,-5,0.23002664744853973,-0.031249999467815672,-0.004464289971760349,-0.031249999467815672
kriging,14,-4,0.15218578279018402,0.0178571455180645,1.5965529842620896e-08,1.5965529842620896e-08
kriging,14,-3,0.09032086282968521,0.011160714817898614,0.008928574621677399,0.008928574621677399
kriging,14,-2,0.13777251541614532,-0.04910713593874659,0.004464281456811076,-0.04910713593874659
kriging,14,-1,0.1338186264038086,-0.022321426974875585,-0.004464279328073778,-0.022321426974875585
kriging,15,-5,0.3032661974430084,0.00892857408949307,0.04910714711461747,0.00892857408949307
kriging,15,-4,0.17582353949546814,0.03348214338932719,0.0044642889073916725,0.0044642889073916725
kriging,15,-3,0.10100898146629333,0.004464283053364072,7.450580596923828e-09,7.450580596923828e-09
kriging,15,-2,0.17040017247200012,-0.04464285661067281,2.128737297546479e-09,-0.04464285661067281
kriging,15,-1,0.15441517531871796,-0.0022321433893271853,0.03571429210049765,-0.0022321433893271853
kriging,16,-5,0.34946537017822266,-0.031249999467815672,0.013392862464700422,-0.031249999467815672
kriging,16,-4,0.19625191390514374,0.022321423249585286,-0.026785708963871002,-0.026785708963871002
kriging,16,-3,0.10530173778533936,0.022321431232350215,-0.004464281456811103,-0.004464281456811103
kriging,16,-2,0.20132003724575043,-0.015624997871262687,-0.03124998829194478,-0.03124998829194478
kriging,16,-1,0.18618908524513245,0.008928579411336355,-0.008928563977990828,-0.008928563977990828
kriging,17,-5,0.4538206458091736,0.04241071588226727,0.03571428464991705,0.03571428464991705
kriging,17,-4,0.1921149045228958,-0.004464276667152133,-0.004464291036128998,-0.004464291036128998
kriging,17,-3,0.10840829461812973,-0.0022321338100092752,0.01785714072840555,-0.0022321338100092752
kriging,17,-2,0.21982227265834808,0.013392857675041472,-0.008928566106728153,-0.008928566106728153
kriging,17,-1,0.27387580275535583,0.12723214126058988,0.07589286246470042,0.07589286246470042
kriging,18,-5,0.47529080510139465,0.05357143176453454,0.026785723865032196,0.026785723865032196
kriging,18,-4,0.1925310641527176,0.013392859271594457,0.03125001170805522,0.013392859271594457
kriging,18,-3,0.11322180181741714,0.022321431232350215,0.008928570364202776,0.008928570364202776
kriging,18,-2,0.24101269245147705,0.0200892873108387,0.03125001596552984,0.0200892873108387
kriging,18,-1,0.3279174864292145,0.11383928518210139,0.08928571960755756,0.08928571960755756
kriging,19,-5,0.790023684501648,0.062499994678156715,0.09375000425747462,0.062499994678156715
kriging,19,-4,0.21487869322299957,0.0022321465824331555,-0.004464271877493181,-0.004464271877493181
kriging,19,-3,0.11782345920801163,0.008928571960755758,0.00892858526536397,0.008928571960755758
kriging,19,-2,0.29036661982536316,0.015624996274709702,0.031250014901161194,0.015624996274709702
kriging,19,-1,0.43294233083724976,0.07812499840344701,0.08928572280066353,0.07812499840344701
kriging,20,-5,0.7930260896682739,0.04241071481789861,0.08928572173629488,0.04241071481789861
kriging,20,-4,0.23433244228363037,-0.004464280924626759,-0.013392853949751177,-0.013392853949751177
kriging,20,-3,0.13812586665153503,0.002232145518064499,0.0044642889073916725,0.002232145518064499
kriging,20,-2,0.3556768000125885,0.0200892835855484,0.017857157758304043,0.017857157758304043
kriging,20,-1,0.4404606819152832,0.06473214338932719,0.09374998829194477,0.06473214338932719
kriging,21,-5,0.8289244174957275,0.024553571960755756,0.026785717478820248,0.024553571960755756
kriging,21,-4,0.28203800320625305,-0.0022321444536958423,0.017857137535299578,-0.0022321444536958423
kriging,21,-3,0.17205357551574707,0.015624998403447015,-0.031249996806894026,-0.031249996806894026
kriging,21,-2,0.4089452028274536,0.015625,0.01785715243646077,0.015625
kriging,21,-1,0.46419718861579895,0.0691964291036129,0.13392858100788935,0.0691964291036129
kriging,22,-5,0.8650174736976624,0.024553573557308743,0.0491071417927742,0.024553573557308743
kriging,22,-4,0.3207791745662689,2.128737313406808e-09,-0.013392847563539229,-0.013392847563539229
kriging,22,-3,0.20201049745082855,0.006696430167981556,0.013392860335963097,0.006696430167981556
kriging,22,-2,0.46232566237449646,0.04017857408949307,-0.00892856823546545,-0.00892856823546545
kriging,22,-1,0.4801064133644104,0.055803576218230386,0.13392857887915202,0.055803576218230386
kriging,23,-5,0.9884063005447388,0.04687499946781567,0.0624999925494194,0.04687499946781567
kriging,23,-4,0.3911224901676178,-0.002232141260589872,0.008928574621677399,-0.002232141260589872
kriging,23,-3,0.24587200582027435,0.004464291036128998,0.022321424313953953,0.004464291036128998
kriging,23,-2,0.4913129508495331,0.013392849160092217,0.008928574621677399,0.008928574621677399
kriging,23,-1,0.49103549122810364,0.07142857408949307,0.129464291036129,0.07142857408949307
kriging,24,-5,1.0064769983291626,0.03571428305336407,0.071428582072258,0.03571428305336407
kriging,24,-4,0.45635899901390076,-0.0111607126891613,5.321843271621773e-09,-0.0111607126891613
kriging,24,-3,0.2824087142944336,-0.004464285182101386,3.1931059740752943e-09,-0.004464285182101386
kriging,24,-2,0.5247488617897034,0.020089283053364073,-0.004464287843023024,-0.004464287843023024
kriging,24,-1,0.49842944741249084,0.04687500585402761,0.1383928582072258,0.04687500585402761
kriging,25,-5,1.0064880847930908,0.0401785708963871,0.05357143815074647,0.0401785708963871
kriging,25,-4,0.5424476265907288,-0.0022321423249585287,-0.004464282521179752,-0.004464282521179752
kriging,25,-3,0.32767254114151,0.00446428411773273,-0.017857133277824955,-0.017857133277824955
kriging,25,-2,0.551720380783081,0.024553571960755756,0.0133928528853825,0.0133928528853825
kriging,25,-1,0.5068858861923218,0.046875004789658954,0.120535708963871,0.046875004789658954
kriging,26,-5,1.0208600759506226,0.03794643123235021,0.07589285607848847,0.03794643123235021
kriging,26,-4,0.6759772896766663,-0.015625001596552984,0.008928576750414696,-0.015625001596552984
kriging,26,-3,0.3729848563671112,0.006696437618562153,0.008928574621677399,0.006696437618562153
kriging,26,-2,0.5707435011863708,0.00446428411773273,0.004464276134967804,0.004464276134967804
kriging,26,-1,0.5301993489265442,0.05133928518210139,0.11160714605024882,0.05133928518210139
kriging,27,-5,1.2152762413024902,0.024553572492940084,0.05357142218521663,0.024553572492940084
kriging,27,-4,0.7948214411735535,-0.011160711624792643,0.008928570364202776,-0.011160711624792643
kriging,27,-3,0.4167933464050293,0.004464287310838699,0.008928572492940073,0.004464287310838699
kriging,27,-2,0.6321467757225037,0.011160715350082942,0.00892857994352067,0.00892857994352067
kriging,27,-1,0.5685935020446777,0.0513392835855484,0.0982142761349678,0.0513392835855484
kriging,28,-5,1.3354836702346802,0.03125000159655299,0.04017856823546545,0.03125000159655299
kriging,28,-4,0.9513139128684998,-0.0022321423249585287,0.0267857110926083,-0.0022321423249585287
kriging,28,-3,0.5031735301017761,0.013392859271594457,0.0044642889073916725,0.0044642889073916725
kriging,28,-2,0.717014491558075,0.02678571960755757,-2.0223004493225005e-08,-2.0223004493225005e-08
kriging,28,-1,0.6419321298599243,0.04241070843168667,0.0937499829701015,0.04241070843168667
kriging,29,-5,1.4622538089752197,0.024553566638912474,0.0535714253783226,0.024553566638912474
kriging,29,-4,1.2024530172348022,-0.006696428039244243,0.013392848627907877,-0.006696428039244243
kriging,29,-3,0.6201680302619934,5.32184328351702e-10,0.004464297422340946,5.32184328351702e-10
kriging,29,-2,0.8000057935714722,0.01785714498588017,-4.257474622848534e-09,-4.257474622848534e-09
kriging,29,-1,0.7241334319114685,0.046874993081603734,0.09821428039244243,0.046874993081603734
kriging,30,-5,1.7059043645858765,0.04910714126058987,0.026785719607557573,0.026785719607557573
kriging,30,-4,1.382359504699707,-0.004464283053364072,1.0643686487732396e-09,-0.004464283053364072
kriging,30,-3,0.7883061766624451,0.002232146050248827,1.1708055219772362e-08,1.1708055219772362e-08
kriging,30,-2,0.9244781136512756,0.0066964322967188695,-0.0044642889073917,-0.0044642889073917
kriging,30,-1,0.8268026113510132,0.0401785708963871,0.066964291036129,0.0401785708963871
kriging,31,-5,2.025646924972534,-0.0066964322967188695,0.022321418992110653,-0.0066964322967188695
kriging,31,-4,1.7554023265838623,0.02678571588226727,-0.01785714072840555,-0.01785714072840555
kriging,31,-3,1.0024957656860352,0.011160717478820257,0.008928576750414696,0.008928576750414696
kriging,31,-2,1.108177900314331,0.002232141260589872,0.01785715988704137,0.002232141260589872
kriging,31,-1,1.0578556060791016,0.008928573557308741,0.0758928603359631,0.008928573557308741
resnet,0,-5,0.0042281076312065125,-4.257474626813616e-09,0.18750000851494925,-4.257474626813616e-09
resnet,0,-4,0.005773309618234634,-0.008928575686046056,-1.0643686487732396e-09,-0.008928575686046056
resnet,0,-3,0.004537239670753479,0.008928569299834115,0.2767857164144516,0.008928569299834115
resnet,0,-2,0.005840870086103678,-0.011160720139741898,-0.0312500053218433,-0.0312500053218433
resnet,0,-1,0.0032633054070174694,-0.0044642846499170575,0.06696427826370513,-0.0044642846499170575
resnet,1,-5,0.011005796492099762,0.0066964200564793176,0.05803570577076503,0.0066964200564793176
resnet,1,-4,0.011767491698265076,-0.015625001064368656,0.12946427719933645,-0.015625001064368656
resnet,1,-3,0.0088927848264575,0.011160707899502345,0.12053571854318892,0.011160707899502345
resnet,1,-2,0.010210450738668442,2.66092164175851e-09,0.004464289971760349,2.66092164175851e-09
resnet,1,-1,0.008063167333602905,0.006696428571428571,0.03124999574252535,0.006696428571428571
resnet,2,-5,0.01726015843451023,-0.004464288375207356,0.044642860335963125,-0.004464288375207356
resnet,2,-4,0.019116265699267387,0.0022321476468018125,0.03571429210049765,0.0022321476468018125
resnet,2,-3,0.01935078576207161,0.0223214253783226,-0.05803572067192625,-0.05803572067192625
resnet,2,-2,0.013083293102681637,0.008928571428571428,0.004464286778654347,0.004464286778654347
resnet,2,-1,0.014214038848876953,2.128737313406808e-09,0.013392855014119853,2.128737313406808e-09
resnet,3,-5,0.051636915653944016,-0.020089281456811086,-0.0312500021287373,-0.0312500021287373
resnet,3,-4,0.03719552233815193,0.002232139664036887,-0.02678571002823965,-0.02678571002823965
resnet,3,-3,0.032251760363578796,-0.01116071002823966,-0.008928574621677399,-0.01116071002823966
resnet,3,-2,0.020710904151201248,-5.32184328351702e-10,-0.017857144985880147,-0.017857144985880147
resnet,3,-1,0.03627698868513107,0.008928572492940086,0.026785719607557545,0.008928572492940086
resnet,4,-5,0.07067624479532242,-0.011160716414451599,0.0133928528853825,-0.011160716414451599
resnet,4,-4,0.05287938192486763,0.004464280392442431,0.09374999787126267,0.004464280392442431
resnet,4,-3,0.046758539974689484,0.015624998935631343,0.008928567171096802,0.008928567171096802
resnet,4,-2,0.03384266421198845,-0.004464288907391685,0.04017855546304158,-0.004464288907391685
resnet,4,-1,0.054005738347768784,-0.033482142857142856,-0.0580357164144516,-0.0580357164144516
resnet,5,-5,0.07245731353759766,0.0,-0.008928577814783345,-0.008928577814783345
resnet,5,-4,0.05837514251470566,-0.013392853417566844,-0.004464285714285698,-0.013392853417566844
resnet,5,-3,0.04926632344722748,-0.008928571428571428,0.031249993613788052,-0.008928571428571428
resnet,5,-2,0.03578682616353035,-0.002232146050248827,-6.3862119481505886e-09,-0.002232146050248827
resnet,5,-1,0.05753258615732193,-0.022321427507059916,0.008928565042359504,-0.022321427507059916
resnet,6,-5,0.07786532491445541,0.013392855546304159,-0.013392855014119853,-0.013392855014119853
resnet,6,-4,0.06495541334152222,0.008928573025124413,0.031250008514949246,0.008928573025124413
resnet,6,-3,0.04972437024116516,-0.002232143921511514,0.044642843306064606,-0.002232143921511514
resnet,6,-2,0.03782052546739578,0.022321426974875585,-0.008928571428571452,-0.008928571428571452
resnet,6,-1,0.05547788739204407,0.011160711092608315,0.035714275070599155,0.011160711092608315
resnet,7,-5,0.1596570909023285,0.06249999733907836,0.031249987227576104,0.031249987227576104
resnet,7,-4,0.08548226207494736,0.0066964275070599145,0.0133928528853825,0.0066964275070599145
resnet,7,-3,0.06047632917761803,-0.002232143921511514,0.008928563977990855,-0.002232143921511514
resnet,7,-2,0.04736780747771263,0.002232140728405544,0.017857135406562252,0.002232140728405544
resnet,7,-1,0.07462957501411438,0.002232141260589872,0.01339284011295866,0.002232141260589872
resnet,8,-5,0.1627265363931656,0.042410709496055334,-0.0178571417927742,-0.0178571417927742
resnet,8,-4,0.10346225649118423,0.011160717478820257,-0.013392863529069099,-0.013392863529069099
resnet,8,-3,0.06497542560100555,0.006696420588663646,0.031249993613788052,0.006696420588663646
resnet,8,-2,0.05524550378322601,-0.02232143229671887,0.040178571428571425,-0.02232143229671887
resnet,8,-1,0.0744599923491478,-0.0022321423249585287,0.02678569832018446,-0.0022321423249585287
resnet,9,-5,0.1845117211341858,-0.01562500319310597,-0.004464285714285698,-0.01562500319310597
resnet,9,-4,0.10806842148303986,0.00892856823546546,-0.013392859271594448,-0.013392859271594448
resnet,9,-3,0.06626218557357788,0.006696428571428571,0.0089285692998341,0.006696428571428571
resnet,9,-2,0.06355017423629761,-0.01562499680689403,0.04017856397799083,-0.01562499680689403
resnet,9,-1,0.07979615777730942,-0.0022321449858801706,0.017857149243354797,-0.0022321449858801706
resnet,10,-5,0.18824835121631622,-0.04910713966403689,0.004464281456811103,-0.04910713966403689
resnet,10,-4,0.10999909043312073,0.05803571428571429,0.008928571428571452,0.008928571428571452
resnet,10,-3,0.06885100156068802,0.006696430167981556,0.017857132213456306,0.006696430167981556
resnet,10,-2,0.07097550481557846,-0.004464285714285714,0.035714285714285726,-0.004464285714285714
resnet,10,-1,0.08119522035121918,5.32184328351702e-10,-0.02232142644269125,-0.02232142644269125
resnet,11,-5,0.24072739481925964,-0.11607143229671887,0.044642855014119825,-0.11607143229671887
resnet,11,-4,0.1315315216779709,0.0446428582072258,0.004464268684387207,0.004464268684387207
resnet,11,-3,0.080522820353508,0.006696425378322601,0.026785707899502353,0.006696425378322601
resnet,11,-2,0.09392980486154556,-0.011160704706396376,0.0223214307001659,-0.011160704706396376
resnet,11,-1,0.10810963809490204,-0.029017855546304157,-0.008928565042359504,-0.029017855546304157
resnet,12,-5,0.23304474353790283,-0.05133928677865437,0.022321424313953953,-0.05133928677865437
resnet,12,-4,0.13151279091835022,0.031249995210341046,0.08035713966403688,0.031249995210341046
resnet,12,-3,0.07983222603797913,0.008928574621677399,0.03571427719933645,0.008928574621677399
resnet,12,-2,0.10109928995370865,-0.0022321401962212156,-0.004464285714285698,-0.004464285714285698
resnet,12,-1,0.1095079854130745,0.002232141260589872,0.008928565042359504,0.002232141260589872
resnet,13,-5,0.234819695353508,-0.008928571960755758,-0.004464294229234944,-0.008928571960755758
resnet,13,-4,0.15019820630550385,0.03348214232495853,0.04910714285714285,0.03348214232495853
resnet,13,-3,0.08366519212722778,0.011160718011004584,0.03571427719933645,0.011160718011004584
resnet,13,-2,0.11022061854600906,-0.029017858739410127,-4.2574746506041095e-09,-0.029017858739410127
resnet,13,-1,0.11803630739450455,0.020089285714285716,0.013392849692276554,0.013392849692276554
resnet,14,-5,0.23658327758312225,-0.031249997871262685,0.022321424313953953,-0.031249997871262685
resnet,14,-4,0.1501479595899582,0.022321427507059916,0.0446428507566452,0.022321427507059916
resnet,14,-3,0.08867277204990387,0.008928571428571428,0.03124999893563135,0.008928571428571428
resnet,14,-2,0.11704622209072113,-0.020089287843023027,0.026785706835133705,-0.020089287843023027
resnet,14,-1,0.11708037555217743,-0.015625005321843282,0.03125,-0.015625005321843282
resnet,15,-5,0.31435906887054443,0.02455356184925352,0.05357142644269125,0.02455356184925352
resnet,15,-4,0.17166543006896973,0.0535714291036129,0.03125000425747465,0.03125000425747465
resnet,15,-3,0.09883544594049454,-2.128737313406808e-09,-0.022321428571428548,-0.022321428571428548
resnet,15,-2,0.14579489827156067,-0.0401785746216774,0.02678571215697695,-0.0401785746216774
resnet,15,-1,0.1346413493156433,0.008928574621677399,0.07589285288538253,0.008928574621677399
resnet,16,-5,0.35831183195114136,0.004464282521179744,0.0133928528853825,0.004464282521179744
resnet,16,-4,0.18785502016544342,0.03571428145681109,0.022321428571428548,0.022321428571428548
resnet,16,-3,0.10090586543083191,0.024553567171096802,-6.3862119481505886e-09,-6.3862119481505886e-09
resnet,16,-2,0.1756606101989746,0.0044642846499170575,0.01339286246470045,0.0044642846499170575
resnet,16,-1,0.16983573138713837,0.026785710560423986,0.02232143708637785,0.02232143708637785
resnet,17,-5,0.49056723713874817,0.10491071002823966,0.04464286352906907,0.04464286352906907
resnet,17,-4,0.18798565864562988,0.0424107164144516,0.017857149243354797,0.017857149243354797
resnet,17,-3,0.10505078732967377,0.015624995210341044,0.04464285288538253,0.015624995210341044
resnet,17,-2,0.20247292518615723,0.020089284649917057,0.026785718543188897,0.020089284649917057
resnet,17,-1,0.2959403693675995,0.18973214338932717,0.1160714328289032,0.1160714328289032
resnet,18,-5,0.5446520447731018,0.10044642857142858,0.0669642835855484,0.0669642835855484
resnet,18,-4,0.18796414136886597,0.022321426442691257,0.008928567171096802,0.008928567171096802
resnet,18,-3,0.11051460355520248,0.020089282521179745,0.017857132213456306,0.017857132213456306
resnet,18,-2,0.22749757766723633,0.03571428571428571,0.0312500021287373,0.0312500021287373
resnet,18,-1,0.36809271574020386,0.17633928305336408,0.09821428890739167,0.09821428890739167
resnet,19,-5,0.8878411650657654,0.1026785746216774,0.07142856929983413,0.07142856929983413
resnet,19,-4,0.20642836391925812,3.193105970110212e-09,0.013392863529069099,3.193105970110212e-09
resnet,19,-3,0.11543534696102142,-0.004464279328073774,0.03571427294186186,-0.004464279328073774
resnet,19,-2,0.27580082416534424,0.015625001596552984,0.004464282521179752,0.004464282521179752
resnet,19,-1,0.4744216799736023,0.11830357036420278,0.04910714072840555,0.04910714072840555
resnet,20,-5,0.8940408825874329,0.06696428039244243,0.062499997871262675,0.062499997871262675
resnet,20,-4,0.2266141176223755,0.008928568767649787,-1.1708055247527938e-08,-1.1708055247527938e-08
resnet,20,-3,0.13308730721473694,0.0022321492433547974,-0.004464277199336453,-0.004464277199336453
resnet,20,-2,0.3400372266769409,0.03571428464991706,0.022321424313953953,0.022321424313953953
resnet,20,-1,0.4829789996147156,0.09598214285714286,0.10267857036420278,0.09598214285714286
resnet,21,-5,0.9368980526924133,0.06249999787126269,0.06696428145681108,0.06249999787126269
resnet,21,-4,0.27598342299461365,-0.006696426974875587,0.013392859271594448,-0.006696426974875587
resnet,21,-3,0.1641887128353119,-0.004464287843023028,-0.031250008514949246,-0.031250008514949246
resnet,21,-2,0.39221858978271484,0.031249998935631344,0.01785714285714285,0.01785714285714285
resnet,21,-1,0.5264238119125366,0.1026785708963871,0.10267857142857142,0.1026785708963871
resnet,22,-5,0.9831027984619141,0.09375,0.053571429635797224,0.053571429635797224
resnet,22,-4,0.3121204078197479,0.004464283585548401,0.017857132213456306,0.004464283585548401
resnet,22,-3,0.19271676242351532,-0.0022321492433547974,0.008928567171096802,-0.0022321492433547974
resnet,22,-2,0.4444243013858795,0.026785717478820255,2.128737297546479e-09,2.128737297546479e-09
resnet,22,-1,0.5373324155807495,0.08035714498588017,0.11160713647093093,0.08035714498588017
resnet,23,-5,1.1259757280349731,0.08035714072840554,0.08482142005647933,0.08035714072840554
resnet,23,-4,0.3768518269062042,3.725290298461914e-09,-0.004464294229234944,-0.004464294229234944
resnet,23,-3,0.23382562398910522,0.008928573557308741,0.02678571215697695,0.008928573557308741
resnet,23,-2,0.47504857182502747,0.015625,0.0312500021287373,0.015625
resnet,23,-1,0.5491145253181458,0.09151785022446088,0.12053571428571427,0.09151785022446088
resnet,24,-5,1.142299771308899,0.06696428039244243,0.05803570577076503,0.05803570577076503
resnet,24,-4,0.43694621324539185,0.006696430167981556,-2.128737297546479e-09,-2.128737297546479e-09
resnet,24,-3,0.27078068256378174,0.0066964275070599145,0.004464276134967804,0.004464276134967804
resnet,24,-2,0.5069189071655273,0.020089291036128998,-0.017857152436460744,-0.017857152436460744
resnet,24,-1,0.5537310242652893,0.0714285746216774,0.12053571854318892,0.0714285746216774
resnet,25,-5,1.1504253149032593,0.06249999042068209,0.062499996806894026,0.06249999042068209
resnet,25,-4,0.5182404518127441,-3.193105970110212e-09,-8.514949245697068e-09,-8.514949245697068e-09
resnet,25,-3,0.3135336935520172,0.006696432828903198,-0.0178571471146175,-0.0178571471146175
resnet,25,-2,0.5355328917503357,0.020089285714285716,0.00892857355730875,0.00892857355730875
resnet,25,-1,0.5581623911857605,0.07366071428571429,0.10267857142857142,0.07366071428571429
resnet,26,-5,1.1993839740753174,0.0714285671710968,0.08035714817898615,0.0714285671710968
resnet,26,-4,0.6417158246040344,0.002232139664036887,0.004464294229234944,0.002232139664036887
resnet,26,-3,0.35525140166282654,-0.004464286778654371,-1.0643686543243547e-08,-0.004464286778654371
resnet,26,-2,0.5543918609619141,0.026785712156976973,-0.004464283585548401,-0.004464283585548401
resnet,26,-1,0.5890628695487976,0.08035714232495852,0.0267857164144516,0.0267857164144516
resnet,27,-5,1.430681824684143,0.05803571535008294,0.058035712156976976,0.058035712156976976
resnet,27,-4,0.7451021671295166,-0.01116071960755757,0.004464285714285698,-0.01116071960755757
resnet,27,-3,0.4030035138130188,5.32184328351702e-10,0.0223214307001659,5.32184328351702e-10
resnet,27,-2,0.605938732624054,0.022321428571428572,0.0,0.0
resnet,27,-1,0.647226870059967,0.07589285607848849,0.09821428571428573,0.07589285607848849
resnet,28,-5,1.5600072145462036,0.04017856876764979,0.02232142644269125,0.02232142644269125
resnet,28,-4,0.8968141078948975,0.006696426974875587,0.013392846499170552,0.006696426974875587
resnet,28,-3,0.4798789918422699,-0.008928561849253518,0.02232143176453455,-0.008928561849253518
resnet,28,-2,0.6789531707763672,0.020089287843023027,-0.031249997871262702,-0.031249997871262702
resnet,28,-1,0.7180303335189819,0.06249999574252537,0.058035718543188924,0.058035718543188924
resnet,29,-5,1.7010762691497803,0.0223214253783226,0.049107138599668226,0.0223214253783226
resnet,29,-4,1.141408920288086,0.013392856078488486,0.00892857355730875,0.00892857355730875
resnet,29,-3,0.5845205187797546,0.008928576750414712,-0.004464294229234944,-0.004464294229234944
resnet,29,-2,0.7608113288879395,0.011160715350082942,0.004464283585548401,0.004464283585548401
resnet,29,-1,0.8046063780784607,0.0558035746216774,0.07142856929983413,0.0558035746216774
resnet,30,-5,1.916672706604004,0.05580357142857143,0.0446428507566452,0.0446428507566452
resnet,30,-4,1.3106707334518433,0.0,0.004464296357972297,0.0
resnet,30,-3,0.7416382431983948,0.004464289971760341,0.022321420056479302,0.004464289971760341
resnet,30,-2,0.8852255344390869,0.020089285714285716,-0.013392853949751149,-0.013392853949751149
resnet,30,-1,0.9059333205223083,0.060267853417566845,0.008928567171096802,0.008928567171096802
resnet,31,-5,2.2052500247955322,-0.0022321417927742004,-1.2772423896301177e-08,-0.0022321417927742004
resnet,31,-4,1.565084457397461,-0.002232140728405544,-4.2574746506041095e-09,-0.002232140728405544
resnet,31,-3,0.9229188561439514,0.006696430700165885,0.0044642803924424546,0.0044642803924424546
resnet,31,-2,1.0776032209396362,0.008928569299834115,0.008928575686046047,0.008928569299834115
resnet,31,-1,1.302492618560791,-3.193105970110212e-09,-2.128737297546479e-09,-3.193105970110212e-09
transformer,0,-5,0.004233860410749912,5.32184328351702e-09,0.10267857355730872,5.32184328351702e-09
transformer,0,-4,0.006471358239650726,-0.002232138067483902,0.05357142857142855,-0.002232138067483902
transformer,0,-3,0.004488068167120218,0.004464282521179744,0.13839286140033175,0.004464282521179744
transformer,0,-2,0.005613152403384447,-0.0066964291036129,-0.089285712156977,-0.089285712156977
transformer,0,-1,0.003631279803812504,-0.0066964275070599145,0.026785729186875468,-0.0066964275070599145
transformer,1,-5,0.011005405336618423,0.013392855014119829,-0.04017855333430431,-0.04017855333430431
transformer,1,-4,0.01288211066275835,-0.01339285182101386,0.07589285182101382,-0.01339285182101386
transformer,1,-3,0.009363094344735146,0.002232143921511514,0.10714285927159442,0.002232143921511514
transformer,1,-2,0.010345729999244213,-0.002232142857142857,-0.004464291036128998,-0.004464291036128998
transformer,1,-1,0.008439806289970875,-0.0022321359387465884,-0.026785718543188952,-0.026785718543188952
transformer,2,-5,0.017800727859139442,5.32184328351702e-09,-0.00892857355730875,-0.00892857355730875
transformer,2,-4,0.019912583753466606,0.0066964322967188695,0.08035715350082939,0.0066964322967188695
transformer,2,-3,0.02005475014448166,0.013392857142857142,-0.02678572067192625,-0.02678572067192625
transformer,2,-2,0.013255896978080273,0.017857150307723453,-0.004464283585548401,-0.004464283585548401
transformer,2,-1,0.014322319999337196,-0.004464279860258102,-0.008928576750414752,-0.008928576750414752
transformer,3,-5,0.05368310585618019,0.013392850756645203,-0.03125000212873735,-0.03125000212873735
transformer,3,-4,0.039064522832632065,-0.011160711092608315,0.013392857142857095,-0.011160711092608315
transformer,3,-3,0.0341639406979084,-0.004464278263705117,4.257474595092958e-09,-0.004464278263705117
transformer,3,-2,0.022135423496365547,-0.013392857675041472,-0.02678571535008295,-0.02678571535008295
transformer,3,-1,0.03961719200015068,0.01116071002823966,0.0133928528853825,0.01116071002823966
transformer,4,-5,0.07411544770002365,-0.004464286246470043,0.013392855014119798,-0.004464286246470043
transformer,4,-4,0.053946975618600845,0.008928572492940086,0.08482143815074647,0.008928572492940086
transformer,4,-3,0.04816635698080063,-0.013392854481935501,-0.004464279328073806,-0.013392854481935501
transformer,4,-2,0.034519195556640625,0.00892857408949307,-0.004464296357972297,-0.004464296357972297
transformer,4,-1,0.057869210839271545,-0.04464285394975117,-0.026785712156977004,-0.04464285394975117
transformer,5,-5,0.07514592260122299,0.008928581540073668,-0.026785710028239706,-0.026785710028239706
transformer,5,-4,0.05886489152908325,-0.015624997871262687,-0.008928569299834155,-0.015624997871262687
transformer,5,-3,0.051461875438690186,6.386211940220424e-09,-0.04464285501411985,-0.04464285501411985
transformer,5,-2,0.03620376065373421,-0.013392849692276545,0.008928571428571397,-0.013392849692276545
transformer,5,-1,0.06213292479515076,-0.029017859271594455,0.0044642899717602935,-0.029017859271594455
transformer,6,-5,0.07948192954063416,0.02232143921511514,0.00446428464991705,0.00446428464991705
transformer,6,-4,0.06514261662960052,0.002232151372092111,0.044642861400331746,0.002232151372092111
transformer,6,-3,0.051716454327106476,0.002232150307723454,0.02232143282890317,0.002232150307723454
transformer,6,-2,0.03793923929333687,0.0022321449858801706,-0.026785710028239706,-0.026785710028239706
transformer,6,-1,0.06017739325761795,0.024553572492940084,-0.0223214253783226,-0.0223214253783226
transformer,7,-5,0.15684345364570618,0.026785714285714284,0.031249999999999972,0.026785714285714284
transformer,7,-4,0.08583512902259827,0.008928576750414712,-0.026785701513290405,-0.026785701513290405
transformer,7,-3,0.06477697938680649,0.0,0.008928575686046047,0.0
transformer,7,-2,0.050314027816057205,-0.022321427507059916,0.0580357036420277,-0.022321427507059916
transformer,7,-1,0.08724874258041382,-0.008928573557308741,3.1931059463197187e-09,-0.008928573557308741
transformer,8,-5,0.15568053722381592,0.033482140728405545,-0.01785714072840555,-0.01785714072840555
transformer,8,-4,0.10287176072597504,0.002232143921511514,0.04017858526536394,0.002232143921511514
transformer,8,-3,0.06890826672315598,-2.128737313406808e-09,0.004464287843022996,-2.128737313406808e-09
transformer,8,-2,0.057980068027973175,-0.03571428677865437,0.0357142729418618,-0.03571428677865437
transformer,8,-1,0.08603444695472717,-0.008928572492940086,-0.0267857164144516,-0.0267857164144516
transformer,9,-5,0.17531272768974304,-0.020089285714285716,-0.004464283585548401,-0.020089285714285716
transformer,9,-4,0.10582595318555832,0.00669643868293081,-0.008928561849253558,-0.008928561849253558
transformer,9,-3,0.0700482428073883,-0.006696425378322601,0.013392856078488447,-0.006696425378322601
transformer,9,-2,0.06672704964876175,-0.015624997871262687,0.022321425378322574,-0.015624997871262687
transformer,9,-1,0.08916441351175308,0.011160716946635927,0.02232144347258974,0.011160716946635927
transformer,10,-5,0.17931537330150604,-0.033482140728405545,0.004464285714285698,-0.033482140728405545
transformer,10,-4,0.10762962698936462,0.03794642112084797,0.017857134342193604,0.017857134342193604
transformer,10,-3,0.07174883037805557,-0.0066964275070599145,0.0133928528853825,-0.0066964275070599145
transformer,10,-2,0.07392212748527527,-0.006696424313953945,0.00446428464991705,-0.006696424313953945
transformer,10,-1,0.0913809984922409,0.002232142857142857,0.0089285692998341,0.002232142857142857
transformer,11,-5,0.22920426726341248,-0.08928571428571429,0.013392855014119798,-0.08928571428571429
transformer,11,-4,0.12889732420444489,0.04017857675041471,0.0133928582072258,0.0133928582072258
transformer,11,-3,0.0809384137392044,-0.020089279328073775,0.008928562913622151,-0.020089279328073775
transformer,11,-2,0.09498986601829529,-0.03794643123235021,-0.017857136470930957,-0.03794643123235021
transformer,11,-1,0.13541185855865479,-0.022321423249585286,0.058035720671926194,-0.022321423249585286
transformer,12,-5,0.22522036731243134,-0.06696428677865437,0.022321434957640496,-0.06696428677865437
transformer,12,-4,0.12813198566436768,0.022321432828903198,0.02232143389327182,0.022321432828903198
transformer,12,-3,0.0805952325463295,0.0,0.03571428677865435,0.0
transformer,12,-2,0.10333335399627686,-0.011160715350082942,-0.01785714072840555,-0.01785714072840555
transformer,12,-1,0.1332923024892807,-2.128737313406808e-09,0.004464281456811048,-2.128737313406808e-09
transformer,13,-5,0.23020145297050476,-0.017857130084718977,0.03571429210049762,-0.017857130084718977
transformer,13,-4,0.14795753359794617,0.029017865657806396,0.031249999999999972,0.029017865657806396
transformer,13,-3,0.08427014201879501,2.128737313406808e-09,0.008928562913622151,2.128737313406808e-09
transformer,13,-2,0.11210693418979645,-0.008928568767649787,-0.004464275070599155,-0.008928568767649787
transformer,13,-1,0.14069049060344696,0.013392862464700426,0.008928571428571397,0.008928571428571397
transformer,14,-5,0.23230227828025818,-0.03794642963579723,0.008928585265363942,-0.03794642963579723
transformer,14,-4,0.149697944521904,0.033482137003115246,0.022321424313953925,0.022321424313953925
transformer,14,-3,0.088816799223423,0.006696422185216632,0.026785697255815755,0.006696422185216632
transformer,14,-2,0.12106591463088989,-0.02008928677865437,0.026785713221345597,-0.02008928677865437
transformer,14,-1,0.1412779539823532,-0.006696425378322601,0.031249996806893998,-0.006696425378322601
transformer,15,-5,0.3132619857788086,0.00669642591050693,0.026785718543188897,0.00669642591050693
transformer,15,-4,0.17121145129203796,0.062499995210341046,0.017857130084718953,0.017857130084718953
transformer,15,-3,0.09991902858018875,0.011160718543188912,-0.004464279328073806,-0.004464279328073806
transformer,15,-2,0.15320296585559845,-0.03125,-0.008928568235465506,-0.03125
transformer,15,-1,0.16106736660003662,0.013392856078488486,0.0446428603359631,0.013392856078488486
transformer,16,-5,0.36772313714027405,-0.03125000053218433,-0.013392859271594504,-0.03125000053218433
transformer,16,-4,0.18808229267597198,0.042410719607557566,0.0178571385996682,0.0178571385996682
transformer,16,-3,0.10263844579458237,0.013392859271594457,0.004464283585548401,0.004464283585548401
transformer,16,-2,0.18125516176223755,-0.004464285714285714,0.022321423249585276,-0.004464285714285714
transformer,16,-1,0.19106483459472656,0.015624995742525374,-0.008928572492940101,-0.008928572492940101
transformer,17,-5,0.5024552345275879,0.06696428997176034,-0.01339284011295866,-0.01339284011295866
transformer,17,-4,0.19032448530197144,0.03571428677865437,0.02678571215697695,0.02678571215697695
transformer,17,-3,0.1070636510848999,-2.128737313406808e-09,0.022321420056479302,-2.128737313406808e-09
transformer,17,-2,0.20593897998332977,0.01562500319310597,0.008928560784884854,0.008928560784884854
transformer,17,-1,0.307596355676651,0.14285713966403688,0.08482143921511512,0.08482143921511512
transformer,18,-5,0.5584250688552856,0.07366071002823966,0.08482144347258974,0.07366071002823966
transformer,18,-4,0.19223624467849731,0.008928569299834115,-0.013392842241695957,-0.013392842241695957
transformer,18,-3,0.11234787851572037,0.029017862464700426,0.013392868850912343,0.013392868850912343
transformer,18,-2,0.23094682395458221,0.024553570364202772,-0.017857132213456306,-0.017857132213456306
transformer,18,-1,0.3816766142845154,0.13616071322134563,0.08928572492940082,0.08928572492940082
transformer,19,-5,0.8856633901596069,0.06026786033596311,0.05357143708637779,0.05357143708637779
transformer,19,-4,0.20934605598449707,0.006696426442691258,0.013392850756645203,0.006696426442691258
transformer,19,-3,0.11809389293193817,0.0044642846499170575,0.017857140728405496,0.0044642846499170575
transformer,19,-2,0.2829691767692566,0.015624999467815672,-0.013392849692276554,-0.013392849692276554
transformer,19,-1,0.48499196767807007,0.07812500478965896,0.044642856078488474,0.044642856078488474
transformer,20,-5,0.8950373530387878,0.05357142963579723,0.06696429635797227,0.05357142963579723
transformer,20,-4,0.22897621989250183,0.008928565042359489,-0.004464279328073806,-0.004464279328073806
transformer,20,-3,0.1381017416715622,-0.011160713753529958,-0.008928558656147556,-0.011160713753529958
transformer,20,-2,0.3489648103713989,0.020089287843023027,4.257474595092958e-09,4.257474595092958e-09
transformer,20,-1,0.4895131289958954,0.046875,0.0803571364709309,0.046875
transformer,21,-5,0.9375377893447876,0.035714292100497654,0.03124999574252535,0.03124999574252535
transformer,21,-4,0.27748367190361023,0.002232148178986141,-0.008928560784884909,-0.008928560784884909
transformer,21,-3,0.17146587371826172,-0.0022321385996682303,-0.022321426442691306,-0.022321426442691306
transformer,21,-2,0.40217217803001404,0.015625002128737315,0.013392857142857095,0.013392857142857095
transformer,21,-1,0.5173631906509399,0.07366071428571429,0.07142856717109677,0.07142856717109677
transformer,22,-5,0.9743942618370056,0.0401785783469677,0.031250004257474595,0.031250004257474595
transformer,22,-4,0.3139243423938751,0.01339286778654371,0.01785714285714285,0.01339286778654371
transformer,22,-3,0.2017010897397995,-0.006696428571428571,0.0044642899717602935,-0.006696428571428571
transformer,22,-2,0.4562183916568756,0.033482147114617486,0.004464287843022996,0.004464287843022996
transformer,22,-1,0.5205051302909851,0.06473214285714286,0.07589286352906907,0.06473214285714286
transformer,23,-5,1.1045186519622803,0.05133928464991706,0.04464286565780637,0.04464286565780637
transformer,23,-4,0.3739309310913086,0.020089293164866313,-0.008928560784884909,-0.008928560784884909
transformer,23,-3,0.24470151960849762,4.257474626813616e-09,6.386211892639437e-09,4.257474626813616e-09
transformer,23,-2,0.4876802861690521,0.017857146050248827,-0.004464281456811103,-0.004464281456811103
transformer,23,-1,0.5284489393234253,0.06249999680689403,0.0758928401129586,0.06249999680689403
transformer,24,-5,1.1240047216415405,0.0401785671710968,0.035714287843022996,0.035714287843022996
transformer,24,-4,0.44013041257858276,0.015625001596552984,0.00446428464991705,0.00446428464991705
transformer,24,-3,0.2802894413471222,-0.0066964275070599145,0.01785715456519807,-0.0066964275070599145
transformer,24,-2,0.5186331272125244,0.026785722268479212,-0.008928569299834155,-0.008928569299834155
transformer,24,-1,0.5285631418228149,0.044642857142857144,0.0714285714285714,0.044642857142857144
transformer,25,-5,1.1348953247070312,0.04017857355730874,0.035714287843022996,0.035714287843022996
transformer,25,-4,0.5216333866119385,2.128737313406808e-09,-0.008928565042359504,-0.008928565042359504
transformer,25,-3,0.3245551586151123,-0.00223213221345629,0.026785729186875468,-0.00223213221345629
transformer,25,-2,0.5476552248001099,0.015625004257474626,0.031250004257474595,0.015625004257474626
transformer,25,-1,0.5349941253662109,0.049107140728405545,0.08482143815074647,0.049107140728405545
transformer,26,-5,1.1615575551986694,0.046874998935631344,0.05357143282890317,0.046874998935631344
transformer,26,-4,0.6499173045158386,5.32184328351702e-09,0.008928577814783345,5.32184328351702e-09
transformer,26,-3,0.36841699481010437,-0.0022321375352995737,0.0044642899717602935,-0.0022321375352995737
transformer,26,-2,0.566938042640686,0.017857142857142856,-0.013392845434801959,-0.013392845434801959
transformer,26,-1,0.5586692690849304,0.04687500266092164,-0.0401785671710968,-0.0401785671710968
transformer,27,-5,1.3938264846801758,0.024553573557308743,0.017857140728405496,0.017857140728405496
transformer,27,-4,0.7483875751495361,-0.008928569299834115,-0.008928556527410259,-0.008928569299834115
transformer,27,-3,0.4166545569896698,-0.0022321471146174838,0.013392855014119798,-0.0022321471146174838
transformer,27,-2,0.6180643439292908,0.011160716414451599,-0.004464281456811103,-0.004464281456811103
transformer,27,-1,0.6071632504463196,0.05803571535008294,0.06696427719933642,0.05803571535008294
transformer,28,-5,1.5202946662902832,0.03348214392151151,0.031249999999999972,0.031249999999999972
transformer,28,-4,0.9042889475822449,-0.011160706835133689,0.017857146050248796,-0.011160706835133689
transformer,28,-3,0.49611788988113403,-0.008928567171096802,-0.00892857355730875,-0.00892857355730875
transformer,28,-2,0.6924499273300171,0.00892857781478337,0.013392863529069043,0.00892857781478337
transformer,28,-1,0.6691142320632935,0.04464285661067281,0.05357143070016587,0.04464285661067281
transformer,29,-5,1.645315408706665,0.015625001064368656,0.0312500021287373,0.015625001064368656
transformer,29,-4,1.142796277999878,-0.011160711092608315,0.026785718543188897,-0.011160711092608315
transformer,29,-3,0.6078055500984192,-0.002232143921511514,-0.0223214307001659,-0.0223214307001659
transformer,29,-2,0.7726991176605225,0.008928572492940086,-0.013392849692276554,-0.013392849692276554
transformer,29,-1,0.7498242855072021,0.0446428582072258,0.06249999574252535,0.0446428582072258
transformer,30,-5,1.8419290781021118,0.04464285661067281,0.008928574621677399,0.008928574621677399
transformer,30,-4,1.310153603553772,0.0022321524364607675,0.022321426442691222,0.0022321524364607675
transformer,30,-3,0.7629886865615845,0.006696434957640511,0.013392850756645203,0.006696434957640511
transformer,30,-2,0.8998531103134155,0.0089285708963871,0.008928592715944539,0.0089285708963871
transformer,30,-1,0.8459483981132507,0.04687500159655299,0.017857147114617472,0.017857147114617472
transformer,31,-5,2.1158363819122314,-0.011160712156976973,0.004464292100497647,-0.011160712156976973
transformer,31,-4,1.5832810401916504,0.015625002128737315,2.128737297546479e-09,2.128737297546479e-09
transformer,31,-3,0.9561489820480347,0.0022321449858801706,-0.004464278263705157,-0.004464278263705157
transformer,31,-2,1.0837233066558838,0.004464291036128998,0.008928566106728097,0.004464291036128998
transformer,31,-1,1.1572710275650024,0.006696424313953945,-0.008928571428571452,-0.008928571428571452
unet,0,-5,0.004622515756636858,-0.0044642771993364605,-0.0714285671710968,-0.0714285671710968
unet,0,-4,0.007568460889160633,0.004464286246470043,0.040178575686046075,0.004464286246470043
unet,0,-3,0.004623078275471926,-0.006696424313953945,0.33928571535008295,-0.006696424313953945
unet,0,-2,0.00640585832297802,-0.011160707367318017,0.07589285501411983,-0.011160707367318017
unet,0,-1,0.0037193396128714085,-5.854027611868722e-09,0.035714285714285726,-5.854027611868722e-09
unet,1,-5,0.011062177829444408,0.008928569299834115,-0.03571427932807375,-0.03571427932807375
unet,1,-4,0.012901928275823593,-0.0200892835855484,0.0714285746216774,-0.0200892835855484
unet,1,-3,0.00901056732982397,1.064368656703404e-09,0.1071428560784885,1.064368656703404e-09
unet,1,-2,0.010810285806655884,-0.013392857675041472,0.06250000106436868,-0.013392857675041472
unet,1,-1,0.00803250353783369,0.006696428571428571,-0.017857139664036903,-0.017857139664036903
unet,2,-5,0.017604712396860123,-0.0022321417927742004,0.00892857355730875,-0.0022321417927742004
unet,2,-4,0.02010037750005722,-0.0066964275070599145,0.0446428635290691,-0.0066964275070599145
unet,2,-3,0.018895426765084267,0.017857141260589873,-0.0267857110926083,-0.0267857110926083
unet,2,-2,0.013300526887178421,-0.008928572492940086,0.031249995742525377,-0.008928572492940086
unet,2,-1,0.013714728876948357,0.004464283585548401,0.017857142857142877,0.004464283585548401
unet,3,-5,0.0516614206135273,-4.257474626813616e-09,-0.017857134342193604,-0.017857134342193604
unet,3,-4,0.03733549639582634,-0.024553573557308743,0.013392862464700422,-0.024553573557308743
unet,3,-3,0.03099510446190834,-0.0022321401962212156,-0.008928565042359504,-0.008928565042359504
unet,3,-2,0.021568531170487404,0.011160724397216524,0.0223214307001659,0.011160724397216524
unet,3,-1,0.03549069166183472,-0.008928570364202772,0.008928576750414724,-0.008928570364202772
unet,4,-5,0.07096996158361435,-0.011160717478820257,0.004464285714285698,-0.011160717478820257
unet,4,-4,0.0538734570145607,-0.004464279328073774,0.09375000851494927,-0.004464279328073774
unet,4,-3,0.045266102999448776,-0.008928573557308741,1.2772423896301177e-08,-0.008928573557308741
unet,4,-2,0.03572766110301018,-0.004464281456811088,0.017857134342193604,-0.004464281456811088
unet,4,-1,0.05263016000390053,-0.013392857142857142,-0.03571427719933645,-0.03571427719933645
unet,5,-5,0.07173268496990204,0.008928570364202772,-0.004464287843022996,-0.004464287843022996
unet,5,-4,0.058700140565633774,-0.024553568235465457,0.017857139664036903,-0.024553568235465457
unet,5,-3,0.04703778401017189,-0.00669642591050693,0.013392852885382528,-0.00669642591050693
unet,5,-2,0.037790361791849136,-0.004464288907391685,8.514949245697068e-09,-0.004464288907391685
unet,5,-1,0.05583883821964264,-0.03571428997176034,-0.02232142644269125,-0.03571428997176034
unet,6,-5,0.07499609887599945,0.002232142857142857,0.008928576750414724,0.002232142857142857
unet,6,-4,0.06527811288833618,-0.004464289971760341,0.0535714307001659,-0.004464289971760341
unet,6,-3,0.04777524992823601,-0.004464285714285714,1.4901161193847656e-08,-0.004464285714285714
unet,6,-2,0.03988195210695267,8.514949253627232e-09,-0.013392865657806396,-0.013392865657806396
unet,6,-1,0.0559864342212677,0.011160713221345629,8.514949245697068e-09,8.514949245697068e-09
unet,7,-5,0.14318794012069702,0.04241071215697697,0.008928575686046075,0.008928575686046075
unet,7,-4,0.08601128309965134,-0.0066964322967188695,-1.7029898491394135e-08,-0.0066964322967188695
unet,7,-3,0.05707840621471405,-0.008928575686046056,0.008928577814783373,-0.008928575686046056
unet,7,-2,0.04961061105132103,-0.0066964291036129,-0.0044642782637051015,-0.0066964291036129
unet,7,-1,0.07732629030942917,-0.015625002128737315,0.004464298486709595,-0.015625002128737315
unet,8,-5,0.14740483462810516,0.02901785501411983,-0.0446428528853825,-0.0446428528853825
unet,8,-4,0.10208527743816376,0.006696431764534542,0.013392863529069099,0.006696431764534542
unet,8,-3,0.06316695362329483,-0.01116071002823966,-0.03125000638621195,-0.03125000638621195
unet,8,-2,0.05714115872979164,-0.029017859271594455,-0.022321420056479302,-0.029017859271594455
unet,8,-1,0.07762282341718674,-0.035714286246470044,0.0044642889073917,-0.035714286246470044
unet,9,-5,0.167227640748024,-0.013392856610672814,0.0,-0.013392856610672814
unet,9,-4,0.1064642071723938,0.011160713221345629,-0.044642848627907905,-0.044642848627907905
unet,9,-3,0.0644582137465477,-0.013392852353198188,0.022321422185216627,-0.013392852353198188
unet,9,-2,0.06541774421930313,-0.022321432828903198,0.03124999893563135,-0.022321432828903198
unet,9,-1,0.08152379840612411,-0.002232140728405544,-0.008928570364202748,-0.008928570364202748
unet,10,-5,0.17117805778980255,-0.058035711092608314,0.00892857355730875,-0.058035711092608314
unet,10,-4,0.10787010937929153,0.04464286086814744,0.022321426442691278,0.022321426442691278
unet,10,-3,0.06704960018396378,1.064368656703404e-09,4.2574746506041095e-09,1.064368656703404e-09
unet,10,-2,0.07298677414655685,-0.0312500037252903,0.02232143708637782,-0.0312500037252903
unet,10,-1,0.08103924989700317,0.002232140728405544,-0.013392859271594448,-0.013392859271594448
unet,11,-5,0.2287629097700119,-0.1093749925494194,0.013392872044018345,-0.1093749925494194
unet,11,-4,0.13040794432163239,0.04017857355730874,0.022321432828903198,0.022321432828903198
unet,11,-3,0.07683366537094116,0.004464285714285714,-0.008928559720516205,-0.008928559720516205
unet,11,-2,0.09783007204532623,-0.015624995742525374,-0.04910714498588015,-0.04910714498588015
unet,11,-1,0.11054396629333496,-0.011160714817898614,0.0401785799435207,-0.011160714817898614
unet,12,-5,0.2252352386713028,-0.055803575686046054,0.026785720671926222,-0.055803575686046054
unet,12,-4,0.13161855936050415,0.035714286246470044,0.053571428571428575,0.035714286246470044
unet,12,-3,0.07497191429138184,-0.006696425378322601,-0.004464275070599155,-0.006696425378322601
unet,12,-2,0.10214821249246597,-0.002232136470930917,-0.04017855759177891,-0.04017855759177891
unet,12,-1,0.11097811907529831,-0.022321433893271854,0.017857138599668226,-0.022321433893271854
unet,13,-5,0.22660735249519348,0.004464291036128998,0.022321438150746498,0.004464291036128998
unet,13,-4,0.15237437188625336,0.02678571322134563,0.017857142857142877,0.017857142857142877
unet,13,-3,0.07762160897254944,-0.0022321417927742004,0.026785712156976976,-0.0022321417927742004
unet,13,-2,0.11002948135137558,-0.029017856610672816,-5.321843299377349e-09,-0.029017856610672816
unet,13,-1,0.12096484005451202,7.98276492527553e-09,0.004464294229235,7.98276492527553e-09
unet,14,-5,0.2307921051979065,-0.015624994678156716,-0.0133928582072258,-0.015624994678156716
unet,14,-4,0.1510024219751358,0.03125000319310597,-0.008928582072257996,-0.008928582072257996
unet,14,-3,0.0812307819724083,0.004464288907391685,0.01339285714285715,0.004464288907391685
unet,14,-2,0.11613757163286209,-0.02232141899211066,0.017857149243354797,-0.02232141899211066
unet,14,-1,0.11928613483905792,-0.008928574621677399,0.017857144985880175,-0.008928574621677399
unet,15,-5,0.3120175004005432,0.040178571960755756,0.035714287843023024,0.035714287843023024
unet,15,-4,0.1718568205833435,0.046874998935631344,0.01785714817898615,0.01785714817898615
unet,15,-3,0.087540403008461,0.008928572492940086,-0.01785713753529955,-0.01785713753529955
unet,15,-2,0.14523664116859436,-0.03794642963579723,5.321843299377349e-09,-0.03794642963579723
unet,15,-1,0.13221371173858643,0.002232143921511514,0.058035723865032196,0.002232143921511514
unet,16,-5,0.35595637559890747,-0.015624994678156716,0.0044642803924424546,-0.015624994678156716
unet,16,-4,0.18764595687389374,0.037946428039244244,0.0223214307001659,0.0223214307001659
unet,16,-3,0.090953528881073,0.022321429635797228,0.013392855014119825,0.013392855014119825
unet,16,-2,0.17382998764514923,0.008928576750414712,-0.0133928528853825,-0.0133928528853825
unet,16,-1,0.16927027702331543,0.022321429635797228,0.008928584200995321,0.008928584200995321
unet,17,-5,0.4842168688774109,0.09598214605024882,0.04910714285714288,0.04910714285714288
unet,17,-4,0.18911725282669067,0.03794642963579723,3.19310600183087e-09,3.19310600183087e-09
unet,17,-3,0.09787625074386597,0.0178571417927742,0.031249995742525377,0.0178571417927742
unet,17,-2,0.1993512064218521,0.022321431764534543,0.004464277199336453,0.004464277199336453
unet,17,-1,0.2967160642147064,0.18973214711461747,0.12946428571428573,0.12946428571428573
unet,18,-5,0.5309182405471802,0.1026785671710968,0.0892857142857143,0.0892857142857143
unet,18,-4,0.18896272778511047,0.017857149243354797,0.040178582072257996,0.017857149243354797
unet,18,-3,0.10391764342784882,0.020089281456811086,0.022321428571428575,0.020089281456811086
unet,18,-2,0.224139004945755,0.04464285607848849,0.0089285692998341,0.0089285692998341
unet,18,-1,0.36780375242233276,0.17410713966403688,0.12053572067192622,0.12053572067192622
unet,19,-5,0.8579892516136169,0.07589286140033177,0.05803573131561279,0.05803573131561279
unet,19,-4,0.2090999186038971,0.01339285182101386,0.03125000957931792,0.01339285182101386
unet,19,-3,0.10835880041122437,0.006696423781769616,-0.0267857142857143,-0.0267857142857143
unet,19,-2,0.2757347524166107,0.03125000319310597,0.0044642803924424546,0.0044642803924424546
unet,19,-1,0.47847750782966614,0.10714286033596311,0.10267857568604608,0.10267857568604608
unet,20,-5,0.8573035001754761,0.05357142750705991,0.05357143708637782,0.05357142750705991
unet,20,-4,0.227289617061615,0.002232140728405544,0.008928567171096802,0.002232140728405544
unet,20,-3,0.12771344184875488,-0.0022321417927742004,0.013392860335963125,-0.0022321417927742004
unet,20,-2,0.33992907404899597,0.024553573557308743,0.0,0.0
unet,20,-1,0.48890936374664307,0.08705357036420278,0.11607142005647933,0.08705357036420278
unet,21,-5,0.8937472701072693,0.06026786033596311,0.03125,0.03125
unet,21,-4,0.2752332389354706,0.0022321401962212156,1.1708055247527938e-08,1.1708055247527938e-08
unet,21,-3,0.1608206033706665,-1.064368656703404e-09,0.004464289971760349,-1.064368656703404e-09
unet,21,-2,0.3903690576553345,0.026785714285714284,0.022321434957640524,0.022321434957640524
unet,21,-1,0.5270986557006836,0.08705356770328113,0.084821417927742,0.084821417927742
unet,22,-5,0.9344895482063293,0.06696428464991706,0.0848214381507465,0.06696428464991706
unet,22,-4,0.31242746114730835,-6.386211940220424e-09,0.013392849692276554,-6.386211940220424e-09
unet,22,-3,0.18834374845027924,-0.004464278263705117,0.0044642878430230515,-0.004464278263705117
unet,22,-2,0.44342976808547974,0.03571428677865437,-0.004464289971760349,-0.004464289971760349
unet,22,-1,0.5408007502555847,0.08035714285714286,0.11607143176453455,0.08035714285714286
unet,23,-5,1.0560035705566406,0.06696429316486631,0.08035715350082942,0.06696429316486631
unet,23,-4,0.37426987290382385,0.006696425378322601,-0.004464292100497647,-0.004464292100497647
unet,23,-3,0.2270507514476776,0.006696425378322601,0.022321432828903198,0.006696425378322601
unet,23,-2,0.47394201159477234,0.022321429635797228,0.004464298486709595,0.004464298486709595
unet,23,-1,0.5492569208145142,0.08482142750705991,0.13392857568604605,0.08482142750705991
unet,24,-5,1.0675257444381714,0.062499998935631344,0.0803571492433548,0.062499998935631344
unet,24,-4,0.4392971992492676,7.98276492527553e-09,-0.031249985098838806,-0.031249985098838806
unet,24,-3,0.2632065713405609,0.011160715350082942,0.004464277199336453,0.004464277199336453
unet,24,-2,0.5084202289581299,0.026785710028239658,0.013392855014119825,0.013392855014119825
unet,24,-1,0.5534788966178894,0.07589285980377879,0.1116071471146175,0.07589285980377879
unet,25,-5,1.0716866254806519,0.06026785501411983,0.0580357164144516,0.0580357164144516
unet,25,-4,0.5233961343765259,0.008928570364202772,0.004464281456811103,0.004464281456811103
unet,25,-3,0.30216851830482483,0.008928567171096802,0.008928565042359504,0.008928565042359504
unet,25,-2,0.5363984107971191,0.031250005321843285,-0.008928575686046047,-0.008928575686046047
unet,25,-1,0.5575128197669983,0.06473213540656227,0.1116071471146175,0.06473213540656227
unet,26,-5,1.0996421575546265,0.07812499946781568,0.0624999978712627,0.0624999978712627
unet,26,-4,0.6453366279602051,0.0022321449858801706,0.004464291036128998,0.0022321449858801706
unet,26,-3,0.3470640778541565,-0.006696430700165885,-0.008928572492940101,-0.008928572492940101
unet,26,-2,0.5570245385169983,0.0089285708963871,1.0643686598754698e-08,1.0643686598754698e-08
unet,26,-1,0.5829190015792847,0.0714285671710968,0.044642861400331774,0.044642861400331774
unet,27,-5,1.3233587741851807,0.0446428544819355,0.04017857355730875,0.04017857355730875
unet,27,-4,0.7605268359184265,-0.0022321375352995737,-0.008928570364202748,-0.008928570364202748
unet,27,-3,0.39398062229156494,-0.0066964275070599145,1.0643686598754698e-08,-0.0066964275070599145
unet,27,-2,0.6101794242858887,0.01785714498588017,-0.013392845434801903,-0.013392845434801903
unet,27,-1,0.635528564453125,0.06026785607848849,0.09821428464991708,0.06026785607848849
unet,28,-5,1.4400442838668823,0.03571428518210139,0.02678571002823968,0.02678571002823968
unet,28,-4,0.9182904362678528,-0.006696434957640511,-0.01339285714285715,-0.01339285714285715
unet,28,-3,0.4745962619781494,0.0022321524364607675,0.008928574621677399,0.0022321524364607675
unet,28,-2,0.6925552487373352,0.013392860335963113,-0.013392851821013851,-0.013392851821013851
unet,28,-1,0.7090717554092407,0.06919642591050693,0.04464286246470042,0.04464286246470042
unet,29,-5,1.5773240327835083,0.031250005321843285,0.0357142889073917,0.031250005321843285
unet,29,-4,1.166725516319275,-0.004464283053364072,0.004464282521179752,-0.004464283053364072
unet,29,-3,0.5761235952377319,0.0066964291036129,-0.017857134342193604,-0.017857134342193604
unet,29,-2,0.7703980207443237,0.011160710560423988,-0.008928576750414696,-0.008928576750414696
unet,29,-1,0.7944663763046265,0.0625,0.07589286885091237,0.0625
unet,30,-5,1.7891641855239868,0.04687499680689403,0.040178565042359504,0.040178565042359504
unet,30,-4,1.3342474699020386,0.004464289971760341,0.008928572492940101,0.004464289971760341
unet,30,-3,0.7334448099136353,-0.015624998935631343,-0.008928571428571397,-0.015624998935631343
unet,30,-2,0.8934512138366699,0.024553572492940084,0.03571429529360362,0.024553572492940084
unet,30,-1,0.899215817451477,0.0535714328289032,-0.008928575686046047,-0.008928575686046047
unet,31,-5,2.059614658355713,0.006696428571428571,-0.004464287843022996,-0.004464287843022996
unet,31,-4,1.6112773418426514,0.017857140728405545,-0.026785701513290405,-0.026785701513290405
unet,31,-3,0.9246988296508789,-0.00892856823546546,-0.00446427932807375,-0.00892856823546546
unet,31,-2,1.097927451133728,0.004464287843023028,-0.008928558656147556,-0.008928558656147556
unet,31,-1,1.3160279989242554,1.064368656703404e-09,0.004464283585548401,1.064368656703404e-09
xgboost,0,-5,0.004414672497659922,-0.002232143921511514,-0.022321422185216627,-0.022321422185216627
xgboost,0,-4,0.006030666176229715,1.596552985055106e-09,0.022321428571428575,1.596552985055106e-09
xgboost,0,-3,0.004675934556871653,0.008928573025124413,0.19642857355730875,0.008928573025124413
xgboost,0,-2,0.0057111941277980804,0.01785714817898614,0.11160713859966824,0.01785714817898614
xgboost,0,-1,0.0037973152939230204,0.020089291568313326,0.0133928582072258,0.0133928582072258
xgboost,1,-5,0.011129587888717651,0.01785714498588017,0.013392859271594448,0.013392859271594448
xgboost,1,-4,0.012139405123889446,0.006696428039244243,0.1383928528853825,0.006696428039244243
xgboost,1,-3,0.009016511030495167,-0.013392859271594457,0.15625000319310597,-0.013392859271594457
xgboost,1,-2,0.009691973216831684,0.008928576218230384,0.004464295293603621,0.004464295293603621
xgboost,1,-1,0.007823135703802109,0.0022321417927742004,0.00446430061544692,0.0022321417927742004
xgboost,2,-5,0.017885224893689156,0.008928574621677399,0.04017856291362218,0.008928574621677399
xgboost,2,-4,0.020161747932434082,0.01562500691839627,0.01785714072840555,0.01562500691839627
xgboost,2,-3,0.01844879239797592,0.020089291036128998,-0.008928562913622179,-0.008928562913622179
xgboost,2,-2,0.012774939648807049,0.017857143389327184,-4.257474622848534e-09,-4.257474622848534e-09
xgboost,2,-1,0.01376928947865963,0.011160714285714286,0.01785714817898615,0.011160714285714286
xgboost,3,-5,0.05536242201924324,-0.015624997871262687,-0.008928570364202776,-0.015624997871262687
xgboost,3,-4,0.03748026862740517,-0.013392852885382516,0.022321434957640524,-0.013392852885382516
xgboost,3,-3,0.030770696699619293,-0.006696421653032303,0.0178571417927742,-0.006696421653032303
xgboost,3,-2,0.02131814882159233,-0.008928571428571428,-0.0133928528853825,-0.0133928528853825
xgboost,3,-1,0.03567639738321304,0.022321426974875585,0.0669642835855484,0.022321426974875585
xgboost,4,-5,0.07343582808971405,-0.00892856770328113,0.04017856929983413,-0.00892856770328113
xgboost,4,-4,0.05474011227488518,-0.008928569299834115,0.06250001064368657,-0.008928569299834115
xgboost,4,-3,0.045801032334566116,0.008928573025124413,0.03125,0.008928573025124413
xgboost,4,-2,0.03424037620425224,-0.008928569299834115,-0.017857138599668226,-0.017857138599668226
xgboost,4,-1,0.0549810416996479,-0.004464289971760341,-0.031249995742525377,-0.031249995742525377
xgboost,5,-5,0.07320573180913925,0.002232151372092111,-0.004464274006230479,-0.004464274006230479
xgboost,5,-4,0.059467021375894547,-0.017857142857142856,0.013392863529069099,-0.017857142857142856
xgboost,5,-3,0.048197291791439056,0.004464293164866311,0.004464287843023024,0.004464287843023024
xgboost,5,-2,0.035580676048994064,0.002232142857142857,-0.00892857355730875,-0.00892857355730875
xgboost,5,-1,0.05921214446425438,-0.008928560784884862,0.017857135406562252,-0.008928560784884862
xgboost,6,-5,0.07519814372062683,0.01785714232495853,0.00892856823546545,0.00892856823546545
xgboost,6,-4,0.06604424118995667,0.004464288375207356,0.0446428582072258,0.004464288375207356
xgboost,6,-3,0.04891914129257202,3.193105970110212e-09,0.03571428252117975,3.193105970110212e-09
xgboost,6,-2,0.03772798180580139,0.015625009579317912,0.017857144985880175,0.015625009579317912
xgboost,6,-1,0.05821529030799866,0.024553575153861727,0.022321433893271847,0.022321433893271847
xgboost,7,-5,0.16573558747768402,0.031250005321843285,-0.0044642889073916725,-0.0044642889073916725
xgboost,7,-4,0.09151944518089294,0.0066964275070599145,-0.008928549076829634,-0.008928549076829634
xgboost,7,-3,0.06118286773562431,0.006696426442691258,0.02678572705813817,0.006696426442691258
xgboost,7,-2,0.04939641058444977,-0.024553568767649785,0.04017857781478337,-0.024553568767649785
xgboost,7,-1,0.0797809585928917,0.015625002660921643,0.004464294229234972,0.004464294229234972
xgboost,8,-5,0.1613885909318924,0.0245535746216774,0.008928577814783373,0.008928577814783373
xgboost,8,-4,0.10569804906845093,0.015625004257474626,0.04910714072840555,0.015625004257474626
xgboost,8,-3,0.06516442447900772,0.0022321471146174838,-0.026785705770765028,-0.026785705770765028
xgboost,8,-2,0.05751195177435875,-0.022321430700165883,-0.008928566106728153,-0.022321430700165883
xgboost,8,-1,0.07979368418455124,0.0044642846499170575,-0.0044642782637051015,-0.0044642782637051015
xgboost,9,-5,0.1774611473083496,-0.0066964200564793176,0.040178571428571425,-0.0066964200564793176
xgboost,9,-4,0.11026957631111145,0.008928581540073668,0.01785715988704137,0.008928581540073668
xgboost,9,-3,0.06590170413255692,0.0312500074505806,0.04017858100788935,0.0312500074505806
xgboost,9,-2,0.06682790070772171,-0.01116071002823966,0.04910715137209212,-0.01116071002823966
xgboost,9,-1,0.08531451970338821,-0.0022321433893271853,0.017857151372092123,-0.0022321433893271853
xgboost,10,-5,0.18095164000988007,-0.026785712156976973,0.0267857164144516,-0.026785712156976973
xgboost,10,-4,0.1104421392083168,0.022321434957640513,0.017857138599668226,0.017857138599668226
xgboost,10,-3,0.06862533092498779,0.006696432828903198,0.03571429210049765,0.006696432828903198
xgboost,10,-2,0.07385221123695374,0.006696430167981556,0.02232142644269125,0.006696430167981556
xgboost,10,-1,0.08564375340938568,0.015625004257474626,0.004464289971760349,0.004464289971760349
xgboost,11,-5,0.24229083955287933,-0.089285708963871,-0.004464281456811076,-0.089285708963871
xgboost,11,-4,0.1395939439535141,0.04910714392151151,0.031249997871262702,0.031249997871262702
xgboost,11,-3,0.08315158635377884,0.008928576750414712,0.022321434957640524,0.008928576750414712
xgboost,11,-2,0.09841664135456085,-0.006696430167981556,0.02232143708637782,-0.006696430167981556
xgboost,11,-1,0.11643696576356888,-0.004464281456811088,0.04910715243646077,-0.004464281456811088
xgboost,12,-5,0.23566654324531555,-0.04687499787126269,0.008928577814783373,-0.04687499787126269
xgboost,12,-4,0.1395242065191269,0.024553573557308743,0.06696428784302302,0.024553573557308743
xgboost,12,-3,0.08267842233181,0.017857139131852558,0.035714287843023024,0.017857139131852558
xgboost,12,-2,0.10328862071037292,0.004464292100497654,0.02678573344435012,0.004464292100497654
xgboost,12,-1,0.11754820495843887,0.0022321497755391257,0.031250012772423896,0.0022321497755391257
xgboost,13,-5,0.2355266809463501,-0.008928571960755758,-0.017857134342193604,-0.017857134342193604
xgboost,13,-4,0.15544159710407257,0.024553576750414714,0.0446428635290691,0.024553576750414714
xgboost,13,-3,0.08442595601081848,-0.004464287843023028,0.05803571960755757,-0.004464287843023028
xgboost,13,-2,0.10798075050115585,-0.013392859271594457,-0.004464293164866295,-0.013392859271594457
xgboost,13,-1,0.12309033423662186,5.854027611868722e-09,0.013392863529069099,5.854027611868722e-09
xgboost,14,-5,0.23391693830490112,-0.011160715350082942,0.0044642889073917,-0.011160715350082942
xgboost,14,-4,0.15491251647472382,0.020089279328073775,0.035714291036129,0.020089279328073775
xgboost,14,-3,0.08849353343248367,-0.008928569832018443,0.053571434957640524,-0.008928569832018443
xgboost,14,-2,0.11414176225662231,-0.029017857142857144,0.013392861400331774,-0.029017857142857144
xgboost,14,-1,0.12092971801757812,0.0022321492433547974,0.017857146050248823,0.0022321492433547974
xgboost,15,-5,0.30390021204948425,0.03794643495764051,0.013392856078488502,0.013392856078488502
xgboost,15,-4,0.17810752987861633,0.055803575686046054,0.04017858420099532,0.04017858420099532
xgboost,15,-3,0.09575195610523224,-0.0044642771993364605,-0.004464282521179752,-0.004464282521179752
xgboost,15,-2,0.14697550237178802,-0.037946422185216634,0.026785713221345625,-0.037946422185216634
xgboost,15,-1,0.13813933730125427,0.01785714498588017,0.06250000319310597,0.01785714498588017
xgboost,16,-5,0.3483133614063263,2.66092164175851e-09,0.040178565042359504,2.66092164175851e-09
xgboost,16,-4,0.19292373955249786,0.022321434425456182,0.0267857164144516,0.022321434425456182
xgboost,16,-3,0.10013049095869064,0.03348214764680181,0.02232143176453455,0.02232143176453455
xgboost,16,-2,0.17268234491348267,0.00892857781478337,0.026785724929400845,0.00892857781478337
xgboost,16,-1,0.17039939761161804,0.03348214498588017,0.013392865657806396,0.013392865657806396
xgboost,17,-5,0.47948524355888367,0.10267857142857142,0.022321439215115146,0.022321439215115146
xgboost,17,-4,0.1924777626991272,0.033482147114617486,0.017857143921511526,0.017857143921511526
xgboost,17,-3,0.10570841282606125,0.03571428571428571,0.026785718543188924,0.026785718543188924
xgboost,17,-2,0.19766102731227875,0.015625001064368656,0.02232143176453455,0.015625001064368656
xgboost,17,-1,0.28780630230903625,0.1607142873108387,0.1294642761349678,0.1294642761349678
xgboost,18,-5,0.5268874168395996,0.09821428997176034,0.07589285714285715,0.07589285714285715
xgboost,18,-4,0.19111667573451996,0.0044642942292349675,0.0178571471146175,0.0044642942292349675
xgboost,18,-3,0.11093326658010483,0.022321428039244244,0.03125001064368657,0.022321428039244244
xgboost,18,-2,0.22124826908111572,0.044642859271594455,0.03571427719933645,0.03571427719933645
xgboost,18,-1,0.3564015328884125,0.16294643123235023,0.120535708963871,0.120535708963871
xgboost,19,-5,0.846943736076355,0.07142856929983411,0.12053571535008295,0.07142856929983411
xgboost,19,-4,0.20685723423957825,-0.002232136470930917,0.017857138599668226,-0.002232136470930917
xgboost,19,-3,0.11876324564218521,0.0022321471146174838,-7.450580596923828e-09,-7.450580596923828e-09
xgboost,19,-2,0.27147164940834045,0.01116071960755757,0.004464287843023024,0.004464287843023024
xgboost,19,-1,0.4577077329158783,0.10267857142857142,0.07142858632973262,0.07142858632973262
xgboost,20,-5,0.8502174615859985,0.0491071492433548,0.07142857781478337,0.0491071492433548
xgboost,20,-4,0.22577878832817078,0.011160715882267271,-0.0089285692998341,-0.0089285692998341
xgboost,20,-3,0.13808107376098633,5.854027611868722e-09,0.013392859271594448,5.854027611868722e-09
xgboost,20,-2,0.3387465178966522,0.03571428997176034,0.008928581007889347,0.008928581007889347
xgboost,20,-1,0.46352559328079224,0.08482142857142858,0.13392857355730875,0.08482142857142858
xgboost,21,-5,0.8926867246627808,0.051339288375207355,0.06696428784302302,0.051339288375207355
xgboost,21,-4,0.27671462297439575,0.004464286778654371,-0.004464287843023024,-0.004464287843023024
xgboost,21,-3,0.16740156710147858,0.013392860335963113,0.026785713221345625,0.013392860335963113
xgboost,21,-2,0.3909927308559418,0.03571428145681109,-0.017857126891613007,-0.017857126891613007
xgboost,21,-1,0.49956485629081726,0.08482143176453454,0.11160715350082943,0.08482143176453454
xgboost,22,-5,0.9385405778884888,0.0513392873108387,0.058035718543188924,0.0513392873108387
xgboost,22,-4,0.3127918839454651,0.008928576218230384,-0.017857132213456278,-0.017857132213456278
xgboost,22,-3,0.19659404456615448,3.193105970110212e-09,0.01785714072840555,3.193105970110212e-09
xgboost,22,-2,0.4412189722061157,0.03125000319310597,-0.013392856078488474,-0.013392856078488474
xgboost,22,-1,0.5108595490455627,0.08705357142857142,0.1026785650423595,0.08705357142857142
xgboost,23,-5,1.0770419836044312,0.04687500425747463,0.058035718543188924,0.04687500425747463
xgboost,23,-4,0.374459445476532,0.013392864593437739,0.044642855014119825,0.013392864593437739
xgboost,23,-3,0.2396726757287979,0.011160715350082942,0.02232142112084798,0.011160715350082942
xgboost,23,-2,0.47330936789512634,0.015624996274709702,0.017857144985880175,0.015624996274709702
xgboost,23,-1,0.5196836590766907,0.06250000212873731,0.09375000425747462,0.06250000212873731
xgboost,24,-5,1.0956034660339355,0.0446428619325161,0.053571434957640524,0.0446428619325161
xgboost,24,-4,0.44017431139945984,-3.193105970110212e-09,0.004464294229234972,-3.193105970110212e-09
xgboost,24,-3,0.2758427560329437,0.0022321417927742004,0.017857139664036903,0.0022321417927742004
xgboost,24,-2,0.5025048851966858,0.020089289971760342,0.026785719607557573,0.020089289971760342
xgboost,24,-1,0.5220907926559448,0.06696429210049766,0.09375000638621195,0.06696429210049766
xgboost,25,-5,1.1039059162139893,0.04687499946781567,0.06250001170805522,0.04687499946781567
xgboost,25,-4,0.5235168933868408,0.008928573025124413,0.008928586329732618,0.008928573025124413
xgboost,25,-3,0.31321388483047485,0.006696431764534542,0.022321432828903198,0.006696431764534542
xgboost,25,-2,0.5288342237472534,0.024553569832018445,0.013392866722175045,0.013392866722175045
xgboost,25,-1,0.5255087018013,0.0602678619325161,0.07589285288538253,0.0602678619325161
xgboost,26,-5,1.1603548526763916,0.0669642835855484,0.03571429316486632,0.03571429316486632
xgboost,26,-4,0.6413836479187012,0.00892857781478337,0.017857144985880175,0.00892857781478337
xgboost,26,-3,0.36377277970314026,5.32184328351702e-09,0.017857154565198097,5.32184328351702e-09
xgboost,26,-2,0.5548956990242004,0.022321427507059916,0.022321428571428575,0.022321427507059916
xgboost,26,-1,0.5494368076324463,0.0602678582072258,0.01785714072840555,0.01785714072840555
xgboost,27,-5,1.3862481117248535,0.04017857036420277,0.0357142835855484,0.0357142835855484
xgboost,27,-4,0.7488905787467957,-0.004464292100497654,0.013392856078488502,-0.004464292100497654
xgboost,27,-3,0.41284260153770447,-0.00892856451017516,0.013392859271594448,-0.00892856451017516
xgboost,27,-2,0.606121838092804,0.029017860335963114,-0.03125000425747462,-0.03125000425747462
xgboost,27,-1,0.5915095806121826,0.05357143123235021,0.053571439215115146,0.05357143123235021
xgboost,28,-5,1.520074486732483,0.04017857355730874,0.03125001064368657,0.03125001064368657
xgboost,28,-4,0.9133619070053101,-0.004464281456811088,0.022321434957640524,-0.004464281456811088
xgboost,28,-3,0.4912201464176178,9.579317910330637e-09,-0.008928577814783373,-0.008928577814783373
xgboost,28,-2,0.6866776347160339,0.008928570364202772,0.01339285714285715,0.008928570364202772
xgboost,28,-1,0.6583594679832458,0.06026786033596311,0.05357143389327185,0.05357143389327185
xgboost,29,-5,1.6434426307678223,0.0290178582072258,0.022321424313953953,0.022321424313953953
xgboost,29,-4,1.1697388887405396,0.004464286246470043,-0.017857138599668226,-0.017857138599668226
xgboost,29,-3,0.6038666367530823,0.015625007450580597,0.013392865657806396,0.013392865657806396
xgboost,29,-2,0.7705685496330261,0.020089293164866313,-0.017857134342193604,-0.017857134342193604
xgboost,29,-1,0.7354306578636169,0.05580357249294009,0.0401785746216774,0.0401785746216774
xgboost,30,-5,1.859749436378479,0.04687499574252537,0.035714276134967804,0.035714276134967804
xgboost,30,-4,1.3539981842041016,0.004464292100497654,0.02232144879443304,0.004464292100497654
xgboost,30,-3,0.7656731605529785,0.006696428571428571,0.004464292100497647,0.004464292100497647
xgboost,30,-2,0.8880817294120789,0.01562499680689403,0.013392852885382528,0.013392852885382528
xgboost,30,-1,0.836622953414917,0.05357142750705991,-0.008928567171096802,-0.008928567171096802
xgboost,31,-5,2.1325418949127197,-0.0022321417927742004,0.035714285714285726,-0.0022321417927742004
xgboost,31,-4,1.6200815439224243,0.011160721736294883,-0.026785707899502326,-0.026785707899502326
xgboost,31,-3,0.9436532855033875,-0.002232139664036887,0.04017858100788935,-0.002232139664036887
xgboost,31,-2,1.080888271331787,0.006696428571428571,0.022321432828903198,0.006696428571428571
xgboost,31,-1,1.1553809642791748,0.017857142857142856,-0.008928571428571425,-0.008928571428571425
