heldout_source,layer,tail_position,direction_norm,validation_addition_effect,validation_ablation_reduction,selection_score
bert,0,-5,0.09189921617507935,-0.03571428571428571,-0.07142857142857142,-0.07142857142857142
bert,0,-4,0.037743743509054184,-0.07142857142857142,-0.09821428571428571,-0.09821428571428571
bert,0,-3,0.07724415510892868,-0.017857142857142856,-0.13392857142857142,-0.13392857142857142
bert,0,-2,0.055743664503097534,-0.08928571428571429,-0.07142857142857142,-0.08928571428571429
bert,0,-1,0.05592877045273781,-0.07589285714285714,0.05357142857142856,-0.07589285714285714
bert,1,-5,0.14759381115436554,-0.10714285714285714,-0.044642857142857144,-0.10714285714285714
bert,1,-4,0.053264956921339035,-0.026785714285714284,0.17857142857142855,-0.026785714285714284
bert,1,-3,0.12123306840658188,-0.11607142857142858,-0.017857142857142863,-0.11607142857142858
bert,1,-2,0.06710708886384964,0.0,-0.07142857142857142,-0.07142857142857142
bert,1,-1,0.06712327897548676,-0.06696428571428571,0.0,-0.06696428571428571
bert,2,-5,0.16143004596233368,-0.05803571428571429,-0.35714285714285715,-0.35714285714285715
bert,2,-4,0.07283017039299011,0.04017857142857143,-0.09821428571428571,-0.09821428571428571
bert,2,-3,0.12968790531158447,-0.03571428571428571,-0.7678571428571429,-0.7678571428571429
bert,2,-2,0.12342607229948044,-0.08035714285714286,0.07142857142857144,-0.08035714285714286
bert,2,-1,0.08678822964429855,0.004464285714285714,-0.20535714285714285,-0.20535714285714285
bert,3,-5,0.4655313491821289,0.04017857142857143,0.1875,0.04017857142857143
bert,3,-4,0.08801361918449402,-0.008928571428571428,0.11607142857142856,-0.008928571428571428
bert,3,-3,0.2942984700202942,0.044642857142857144,0.2589285714285714,0.044642857142857144
bert,3,-2,0.3198828101158142,0.10267857142857142,-0.4375,-0.4375
bert,3,-1,0.19049695134162903,0.044642857142857144,-0.4375,-0.4375
bert,4,-5,0.48282894492149353,-0.06696428571428571,0.14285714285714285,-0.06696428571428571
bert,4,-4,0.16753602027893066,-0.03571428571428571,0.05357142857142856,-0.03571428571428571
bert,4,-3,0.333633154630661,-0.013392857142857142,-0.125,-0.125
bert,4,-2,0.3593708574771881,0.04017857142857143,-0.08035714285714286,-0.08035714285714286
bert,4,-1,0.2403208166360855,0.03571428571428571,0.09821428571428571,0.03571428571428571
bert,5,-5,0.5330817699432373,-0.10714285714285714,0.14285714285714285,-0.10714285714285714
bert,5,-4,0.27269476652145386,0.10267857142857142,0.4375,0.10267857142857142
bert,5,-3,0.4029550850391388,-0.07589285714285714,0.11607142857142856,-0.07589285714285714
bert,5,-2,0.4148852527141571,-0.08928571428571429,0.008928571428571425,-0.08928571428571429
bert,5,-1,0.27492931485176086,-0.013392857142857142,0.12499999999999999,-0.013392857142857142
bert,6,-5,0.5476579070091248,-0.07589285714285714,0.40178571428571425,-0.07589285714285714
bert,6,-4,0.361701101064682,0.0,0.03571428571428571,0.0
bert,6,-3,0.5390215516090393,0.07142857142857142,0.3482142857142857,0.07142857142857142
bert,6,-2,0.4579939544200897,-0.03125,0.07142857142857144,-0.03125
bert,6,-1,0.34491947293281555,0.09821428571428571,0.2857142857142857,0.09821428571428571
bert,7,-5,0.6045480966567993,-0.017857142857142856,0.08035714285714286,-0.017857142857142856
bert,7,-4,0.451663613319397,-0.08035714285714286,0.11607142857142856,-0.08035714285714286
bert,7,-3,0.8028464317321777,0.026785714285714284,0.03571428571428571,0.026785714285714284
bert,7,-2,0.43171876668930054,-0.125,-0.11607142857142858,-0.125
bert,7,-1,0.3931542932987213,-0.05357142857142857,0.10714285714285714,-0.05357142857142857
bert,8,-5,0.6632854342460632,0.0,0.13392857142857145,0.0
bert,8,-4,0.542522132396698,0.013392857142857142,-0.044642857142857144,-0.044642857142857144
bert,8,-3,0.834944486618042,0.0625,-0.03571428571428572,-0.03571428571428572
bert,8,-2,0.44933122396469116,-0.13392857142857142,0.24107142857142855,-0.13392857142857142
bert,8,-1,0.49997642636299133,-0.04017857142857143,-0.125,-0.125
bert,9,-5,0.6601901054382324,0.017857142857142856,0.01785714285714285,0.01785714285714285
bert,9,-4,0.5253909230232239,-0.03571428571428571,0.07142857142857144,-0.03571428571428571
bert,9,-3,0.8256570100784302,0.12053571428571429,-0.044642857142857144,-0.044642857142857144
bert,9,-2,0.46026644110679626,-0.026785714285714284,-0.026785714285714288,-0.026785714285714288
bert,9,-1,0.5090889930725098,0.008928571428571428,-0.08035714285714286,-0.08035714285714286
bert,10,-5,0.6132077574729919,0.08035714285714286,0.29464285714285715,0.08035714285714286
bert,10,-4,0.5108875036239624,0.06696428571428571,0.0,0.0
bert,10,-3,0.7709110379219055,0.14285714285714285,-0.2857142857142857,-0.2857142857142857
bert,10,-2,0.7245769500732422,-0.026785714285714284,-0.03571428571428572,-0.03571428571428572
bert,10,-1,0.48157912492752075,0.017857142857142856,-0.08928571428571429,-0.08928571428571429
bert,11,-5,0.6231571435928345,-0.026785714285714284,0.08928571428571429,-0.026785714285714284
bert,11,-4,0.5243212580680847,0.049107142857142856,-0.044642857142857144,-0.044642857142857144
bert,11,-3,0.7931184768676758,0.017857142857142856,-0.7142857142857143,-0.7142857142857143
bert,11,-2,0.7348990440368652,0.04017857142857143,0.14285714285714285,0.04017857142857143
bert,11,-1,0.49241769313812256,-0.044642857142857144,-0.0625,-0.0625
bert,12,-5,0.6013753414154053,0.008928571428571428,0.13392857142857145,0.008928571428571428
bert,12,-4,0.51793372631073,0.04017857142857143,0.03571428571428571,0.03571428571428571
bert,12,-3,0.7525365948677063,0.23660714285714285,-0.2232142857142857,-0.2232142857142857
bert,12,-2,0.6720380783081055,0.044642857142857144,0.008928571428571425,0.008928571428571425
bert,12,-1,0.47469213604927063,-0.09375,-0.25892857142857145,-0.25892857142857145
bert,13,-5,0.7040619254112244,0.09375,0.0,0.0
bert,13,-4,0.5319285988807678,0.008928571428571428,-0.053571428571428575,-0.053571428571428575
bert,13,-3,0.8133199214935303,0.125,-0.375,-0.375
bert,13,-2,0.6635410785675049,0.022321428571428572,-0.10714285714285715,-0.10714285714285715
bert,13,-1,0.5138331651687622,-0.03125,-0.10714285714285715,-0.10714285714285715
bert,14,-5,0.6833817958831787,0.022321428571428572,-0.17857142857142858,-0.17857142857142858
bert,14,-4,0.5217973589897156,-0.05357142857142857,-0.11607142857142858,-0.11607142857142858
bert,14,-3,0.8248217701911926,0.11607142857142858,-0.125,-0.125
bert,14,-2,0.6347640156745911,0.09375,-0.0625,-0.0625
bert,14,-1,0.547220766544342,-0.0625,-0.07142857142857142,-0.07142857142857142
bert,15,-5,0.7495975494384766,0.25,-0.10714285714285715,-0.10714285714285715
bert,15,-4,0.6973465085029602,-0.10267857142857142,-0.14285714285714285,-0.14285714285714285
bert,15,-3,0.9197106957435608,0.004464285714285714,0.09821428571428571,0.004464285714285714
bert,15,-2,0.7188749313354492,0.15178571428571427,-0.017857142857142863,-0.017857142857142863
bert,15,-1,0.5601063370704651,-0.07589285714285714,-0.32142857142857145,-0.32142857142857145
bert,16,-5,0.7554033398628235,0.28125,-0.08035714285714286,-0.08035714285714286
bert,16,-4,0.8378514647483826,-0.15625,0.026785714285714288,-0.15625
bert,16,-3,0.909691572189331,0.16517857142857142,0.2589285714285714,0.16517857142857142
bert,16,-2,0.71980881690979,0.08035714285714286,0.07142857142857144,0.07142857142857144
bert,16,-1,0.6589769721031189,-0.19196428571428573,-0.17857142857142858,-0.19196428571428573
bert,17,-5,0.8364073038101196,0.06696428571428571,-0.07142857142857142,-0.07142857142857142
bert,17,-4,1.0112391710281372,-0.0625,-0.125,-0.125
bert,17,-3,0.9742234349250793,0.17410714285714285,0.008928571428571425,0.008928571428571425
bert,17,-2,0.7818836569786072,0.09375,-0.10714285714285715,-0.10714285714285715
bert,17,-1,0.7077269554138184,-0.13839285714285715,-0.017857142857142863,-0.13839285714285715
bert,18,-5,0.8566479086875916,0.03571428571428571,0.1875,0.03571428571428571
bert,18,-4,1.088962435722351,-0.26339285714285715,0.09821428571428571,-0.26339285714285715
bert,18,-3,0.9532164931297302,0.06696428571428571,0.12499999999999999,0.06696428571428571
bert,18,-2,0.787423849105835,0.16517857142857142,-0.2232142857142857,-0.2232142857142857
bert,18,-1,0.7137987017631531,-0.19642857142857142,0.062499999999999986,-0.19642857142857142
bert,19,-5,0.8799209594726562,0.07589285714285714,0.4196428571428571,0.07589285714285714
bert,19,-4,1.266041874885559,-0.19642857142857142,0.09821428571428571,-0.19642857142857142
bert,19,-3,1.0346301794052124,0.2857142857142857,0.16964285714285715,0.16964285714285715
bert,19,-2,0.8191128373146057,-0.20535714285714285,-0.044642857142857144,-0.20535714285714285
bert,19,-1,0.6921969056129456,-0.29017857142857145,-0.1517857142857143,-0.29017857142857145
bert,20,-5,0.9462875723838806,-0.08035714285714286,-0.10714285714285715,-0.10714285714285715
bert,20,-4,1.3521760702133179,0.10714285714285714,-0.2142857142857143,-0.2142857142857143
bert,20,-3,1.0345745086669922,0.13392857142857142,0.008928571428571425,0.008928571428571425
bert,20,-2,0.8903024196624756,-0.17410714285714285,-0.14285714285714285,-0.17410714285714285
bert,20,-1,0.7098591923713684,-0.026785714285714284,0.062499999999999986,-0.026785714285714284
bert,21,-5,1.0098340511322021,-0.08035714285714286,0.008928571428571425,-0.08035714285714286
bert,21,-4,1.5277955532073975,-0.11160714285714286,0.04464285714285714,-0.11160714285714286
bert,21,-3,1.0502147674560547,-0.013392857142857142,-0.07142857142857142,-0.07142857142857142
bert,21,-2,1.1770617961883545,-0.34375,-0.16964285714285715,-0.34375
bert,21,-1,0.8212002515792847,-0.2767857142857143,-0.2232142857142857,-0.2767857142857143
bert,22,-5,1.1534613370895386,0.20982142857142858,0.026785714285714288,0.026785714285714288
bert,22,-4,1.4209016561508179,0.022321428571428572,-0.10714285714285715,-0.10714285714285715
bert,22,-3,1.1559195518493652,-0.026785714285714284,-0.044642857142857144,-0.044642857142857144
bert,22,-2,1.232282280921936,-0.19642857142857142,-0.19642857142857142,-0.19642857142857142
bert,22,-1,0.7924193739891052,-0.03125,0.01785714285714285,-0.03125
bert,23,-5,1.2594958543777466,0.0625,-0.0625,-0.0625
bert,23,-4,1.5607856512069702,-0.026785714285714284,0.16964285714285715,-0.026785714285714284
bert,23,-3,1.1924537420272827,-0.008928571428571428,-0.008928571428571425,-0.008928571428571428
bert,23,-2,1.6119452714920044,-0.06696428571428571,-0.08035714285714286,-0.08035714285714286
bert,23,-1,0.9769972562789917,-0.004464285714285714,0.07142857142857144,-0.004464285714285714
bert,24,-5,1.336609125137329,0.008928571428571428,-0.08928571428571429,-0.08928571428571429
bert,24,-4,1.6585296392440796,0.06696428571428571,-0.053571428571428575,-0.053571428571428575
bert,24,-3,1.1924052238464355,0.08035714285714286,0.09821428571428571,0.08035714285714286
bert,24,-2,1.7796207666397095,-0.07142857142857142,-0.026785714285714288,-0.07142857142857142
bert,24,-1,1.4902387857437134,0.15178571428571427,-0.053571428571428575,-0.053571428571428575
bert,25,-5,1.3472567796707153,-0.10267857142857142,-0.03571428571428572,-0.10267857142857142
bert,25,-4,1.6093244552612305,-0.017857142857142856,-0.0625,-0.0625
bert,25,-3,1.2361383438110352,-0.022321428571428572,0.03571428571428571,-0.022321428571428572
bert,25,-2,1.8844773769378662,-0.026785714285714284,-0.008928571428571425,-0.026785714285714284
bert,25,-1,1.6218289136886597,0.11160714285714286,-0.08928571428571429,-0.08928571428571429
bert,26,-5,1.3097732067108154,-0.044642857142857144,0.008928571428571425,-0.044642857142857144
bert,26,-4,1.6797817945480347,0.008928571428571428,-0.026785714285714288,-0.026785714285714288
bert,26,-3,1.2710158824920654,0.03571428571428571,0.03571428571428571,0.03571428571428571
bert,26,-2,1.8363611698150635,0.026785714285714284,0.03571428571428571,0.026785714285714284
bert,26,-1,2.0049800872802734,0.13839285714285715,-0.044642857142857144,-0.044642857142857144
bert,27,-5,1.3446990251541138,-0.03125,-0.044642857142857144,-0.044642857142857144
bert,27,-4,1.7003198862075806,0.022321428571428572,-0.053571428571428575,-0.053571428571428575
bert,27,-3,1.3288025856018066,-0.017857142857142856,0.026785714285714288,-0.017857142857142856
bert,27,-2,2.138007402420044,0.049107142857142856,0.062499999999999986,0.049107142857142856
bert,27,-1,2.3921236991882324,0.10267857142857142,0.05357142857142856,0.05357142857142856
bert,28,-5,1.4112571477890015,0.0,-0.044642857142857144,-0.044642857142857144
bert,28,-4,1.686820387840271,0.03571428571428571,-0.053571428571428575,-0.053571428571428575
bert,28,-3,1.448084831237793,0.013392857142857142,0.04464285714285714,0.013392857142857142
bert,28,-2,2.235452651977539,0.013392857142857142,0.008928571428571425,0.008928571428571425
bert,28,-1,2.4863460063934326,0.07142857142857142,0.03571428571428571,0.03571428571428571
bert,29,-5,1.712880253791809,-0.008928571428571428,-0.026785714285714288,-0.026785714285714288
bert,29,-4,1.8598562479019165,0.0625,-0.053571428571428575,-0.053571428571428575
bert,29,-3,1.6262108087539673,0.044642857142857144,-0.017857142857142863,-0.017857142857142863
bert,29,-2,2.439256429672241,0.03571428571428571,-0.017857142857142863,-0.017857142857142863
bert,29,-1,2.695298433303833,0.05357142857142857,0.062499999999999986,0.05357142857142857
bert,30,-5,1.909635066986084,-0.03571428571428571,0.04464285714285714,-0.03571428571428571
bert,30,-4,2.032621145248413,0.008928571428571428,0.01785714285714285,0.008928571428571428
bert,30,-3,1.929341435432434,0.004464285714285714,0.03571428571428571,0.004464285714285714
bert,30,-2,2.7787013053894043,0.026785714285714284,-0.017857142857142863,-0.017857142857142863
bert,30,-1,2.8885788917541504,0.05803571428571429,0.008928571428571425,0.008928571428571425
bert,31,-5,2.1608619689941406,-0.03125,0.03571428571428571,-0.03125
bert,31,-4,2.1984164714813232,-0.013392857142857142,0.008928571428571425,-0.013392857142857142
bert,31,-3,2.2745776176452637,0.008928571428571428,0.0,0.0
bert,31,-2,3.2184367179870605,0.013392857142857142,0.0,0.0
bert,31,-1,3.0764777660369873,0.044642857142857144,-0.026785714285714288,-0.026785714285714288
bert,32,-5,2.4474685192108154,-0.008928571428571428,-0.008928575686046061,-0.008928575686046061
bert,32,-4,2.6212215423583984,-0.026785714285714284,0.05357142857142856,-0.026785714285714284
bert,32,-3,2.6368629932403564,0.022321428571428572,-0.08928571428571429,-0.08928571428571429
bert,32,-2,3.748816967010498,-0.04017857142857143,-0.08928571428571429,-0.08928571428571429
bert,32,-1,3.410764455795288,0.017857142857142856,0.05357142857142856,0.017857142857142856
bert,33,-5,2.7600619792938232,-0.03571428571428571,-0.026785714285714288,-0.03571428571428571
bert,33,-4,2.9548003673553467,0.026785714285714284,0.01785714285714285,0.01785714285714285
bert,33,-3,2.858755350112915,-0.013392857142857142,0.03571428571428571,-0.013392857142857142
bert,33,-2,3.9220998287200928,-0.004464285714285714,0.08035714285714286,-0.004464285714285714
bert,33,-1,3.6680028438568115,0.03571428571428571,0.04464285714285714,0.03571428571428571
bert,34,-5,3.277754068374634,0.0,0.026785714285714288,0.0
bert,34,-4,3.5418825149536133,0.004464285714285714,-0.017857142857142863,-0.017857142857142863
bert,34,-3,3.4472506046295166,0.008928571428571428,-0.03571428571428572,-0.03571428571428572
bert,34,-2,5.012596607208252,0.022321428571428572,0.0,0.0
bert,34,-1,4.392139434814453,-0.017857142857142856,0.01785714285714285,-0.017857142857142856
bert,35,-5,4.317114353179932,0.0,-0.008928571428571425,-0.008928571428571425
bert,35,-4,4.358314037322998,0.017857142857142856,-0.044642857142857144,-0.044642857142857144
bert,35,-3,3.9034841060638428,0.0,0.01785714285714285,0.0
bert,35,-2,6.769152641296387,-0.004464285714285714,-0.026785714285714288,-0.026785714285714288
bert,35,-1,4.766282558441162,-0.008928571428571428,-0.0625,-0.0625
ddpm,0,-5,0.09784203767776489,-0.049107142857142856,-0.04464285714285715,-0.049107142857142856
ddpm,0,-4,0.038366347551345825,-0.03571428571428571,-0.026785714285714288,-0.03571428571428571
ddpm,0,-3,0.08397667109966278,-0.06696428571428571,0.09821428571428571,-0.06696428571428571
ddpm,0,-2,0.05734989419579506,-0.09821428571428571,-0.10714285714285714,-0.10714285714285714
ddpm,0,-1,0.05562709644436836,-0.06696428571428571,-0.1875,-0.1875
ddpm,1,-5,0.1828184574842453,-0.1875,-0.008928571428571432,-0.1875
ddpm,1,-4,0.05296698957681656,-0.026785714285714284,0.2767857142857143,-0.026785714285714284
ddpm,1,-3,0.13956071436405182,-0.11160714285714286,-0.25892857142857145,-0.25892857142857145
ddpm,1,-2,0.06844834983348846,-0.06696428571428571,-0.017857142857142856,-0.06696428571428571
ddpm,1,-1,0.06814222037792206,-0.07589285714285714,-0.19642857142857145,-0.19642857142857145
ddpm,2,-5,0.20352989435195923,-0.044642857142857144,-0.6964285714285714,-0.6964285714285714
ddpm,2,-4,0.07516728341579437,0.049107142857142856,-0.10714285714285714,-0.10714285714285714
ddpm,2,-3,0.14926005899906158,-0.0625,-1.0267857142857142,-1.0267857142857142
ddpm,2,-2,0.12062296271324158,-0.12946428571428573,-0.04464285714285715,-0.12946428571428573
ddpm,2,-1,0.08908453583717346,-0.07142857142857142,-0.1517857142857143,-0.1517857142857143
ddpm,3,-5,0.5022722482681274,0.15178571428571427,0.40178571428571425,0.15178571428571427
ddpm,3,-4,0.10010959953069687,0.12053571428571429,-0.11607142857142856,-0.11607142857142856
ddpm,3,-3,0.30227527022361755,0.11160714285714286,0.41964285714285715,0.11160714285714286
ddpm,3,-2,0.3628327250480652,0.20535714285714285,0.2232142857142857,0.20535714285714285
ddpm,3,-1,0.14469432830810547,-0.013392857142857142,0.0,-0.013392857142857142
ddpm,4,-5,0.5314734578132629,0.044642857142857144,-0.09821428571428571,-0.09821428571428571
ddpm,4,-4,0.18442001938819885,-0.04017857142857143,0.07142857142857142,-0.04017857142857143
ddpm,4,-3,0.36641836166381836,0.0,0.5089285714285714,0.0
ddpm,4,-2,0.42538589239120483,0.07142857142857142,-0.04464285714285715,-0.04464285714285715
ddpm,4,-1,0.2176659107208252,-0.08035714285714286,-0.44642857142857145,-0.44642857142857145
ddpm,5,-5,0.6035777926445007,-0.08928571428571429,0.1607142857142857,-0.08928571428571429
ddpm,5,-4,0.32371294498443604,0.044642857142857144,-0.017857142857142856,-0.017857142857142856
ddpm,5,-3,0.4286224842071533,-0.05357142857142857,-0.008928571428571432,-0.05357142857142857
ddpm,5,-2,0.525301992893219,0.0625,-0.026785714285714288,-0.026785714285714288
ddpm,5,-1,0.29345643520355225,0.07142857142857142,-0.0625,-0.0625
ddpm,6,-5,0.611609160900116,-0.22321428571428573,0.14285714285714285,-0.22321428571428573
ddpm,6,-4,0.403887003660202,0.12946428571428573,-0.20535714285714285,-0.20535714285714285
ddpm,6,-3,0.5219376683235168,0.13392857142857142,0.25892857142857145,0.13392857142857142
ddpm,6,-2,0.5348753929138184,-0.15178571428571427,-0.16964285714285715,-0.16964285714285715
ddpm,6,-1,0.35120153427124023,-0.049107142857142856,0.4732142857142857,-0.049107142857142856
ddpm,7,-5,0.6749605536460876,-0.06696428571428571,-0.2142857142857143,-0.2142857142857143
ddpm,7,-4,0.4885418713092804,0.022321428571428572,-0.2410714285714286,-0.2410714285714286
ddpm,7,-3,0.7403386235237122,0.022321428571428572,0.04464285714285714,0.022321428571428572
ddpm,7,-2,0.5646504759788513,-0.017857142857142856,-0.09821428571428571,-0.09821428571428571
ddpm,7,-1,0.38704803586006165,0.11607142857142858,-0.10714285714285714,-0.10714285714285714
ddpm,8,-5,0.7327350974082947,-0.004464285714285714,0.1607142857142857,-0.004464285714285714
ddpm,8,-4,0.5613895654678345,-0.04017857142857143,-0.25892857142857145,-0.25892857142857145
ddpm,8,-3,0.7746400237083435,0.08482142857142858,0.026785714285714284,0.026785714285714284
ddpm,8,-2,0.5535134077072144,-0.06696428571428571,-0.017857142857142856,-0.06696428571428571
ddpm,8,-1,0.5195330381393433,-0.09821428571428571,-0.09821428571428571,-0.09821428571428571
ddpm,9,-5,0.7219115495681763,0.0625,0.11607142857142858,0.0625
ddpm,9,-4,0.5509891510009766,0.0,-0.29464285714285715,-0.29464285714285715
ddpm,9,-3,0.7724213004112244,0.10267857142857142,0.1517857142857143,0.10267857142857142
ddpm,9,-2,0.5720431208610535,0.022321428571428572,0.13392857142857142,0.022321428571428572
ddpm,9,-1,0.5487478971481323,0.07142857142857142,0.04464285714285714,0.04464285714285714
ddpm,10,-5,0.6705123782157898,0.14285714285714285,0.1607142857142857,0.14285714285714285
ddpm,10,-4,0.5378804206848145,0.08482142857142858,-0.4285714285714286,-0.4285714285714286
ddpm,10,-3,0.7296910881996155,0.2544642857142857,0.14285714285714285,0.14285714285714285
ddpm,10,-2,0.9886260628700256,0.07142857142857142,-0.19642857142857145,-0.19642857142857145
ddpm,10,-1,0.49938908219337463,0.004464285714285714,-0.0625,-0.0625
ddpm,11,-5,0.6808018684387207,0.09375,-0.08035714285714286,-0.08035714285714286
ddpm,11,-4,0.5552136301994324,0.04017857142857143,-0.16964285714285715,-0.16964285714285715
ddpm,11,-3,0.7576992511749268,0.09375,-0.5357142857142857,-0.5357142857142857
ddpm,11,-2,0.9734693169593811,0.14732142857142858,-0.026785714285714288,-0.026785714285714288
ddpm,11,-1,0.5161772966384888,0.03125,-0.053571428571428575,-0.053571428571428575
ddpm,12,-5,0.6388584971427917,0.022321428571428572,0.0,0.0
ddpm,12,-4,0.5337401628494263,0.026785714285714284,-0.08928571428571429,-0.08928571428571429
ddpm,12,-3,0.7223962545394897,0.21428571428571427,-0.1875,-0.1875
ddpm,12,-2,0.850587785243988,-0.008928571428571428,-0.44642857142857145,-0.44642857142857145
ddpm,12,-1,0.4746052026748657,0.026785714285714284,-0.0625,-0.0625
ddpm,13,-5,0.6993440985679626,0.09821428571428571,0.04464285714285714,0.04464285714285714
ddpm,13,-4,0.5679630637168884,-0.03125,0.09821428571428571,-0.03125
ddpm,13,-3,0.7694011330604553,0.1875,-0.375,-0.375
ddpm,13,-2,0.866936981678009,0.12946428571428573,-0.08928571428571429,-0.08928571428571429
ddpm,13,-1,0.5400617122650146,-0.044642857142857144,-0.1517857142857143,-0.1517857142857143
ddpm,14,-5,0.7096856832504272,0.1875,0.026785714285714284,0.026785714285714284
ddpm,14,-4,0.5772003531455994,0.044642857142857144,0.03571428571428571,0.03571428571428571
ddpm,14,-3,0.7672066688537598,0.22321428571428573,-0.13392857142857145,-0.13392857142857145
ddpm,14,-2,0.826938807964325,0.008928571428571428,-0.13392857142857145,-0.13392857142857145
ddpm,14,-1,0.5622661709785461,-0.03125,-0.25892857142857145,-0.25892857142857145
ddpm,15,-5,0.8190959692001343,0.20089285714285715,-0.17857142857142855,-0.17857142857142855
ddpm,15,-4,0.7923993468284607,-0.16964285714285715,-0.09821428571428571,-0.16964285714285715
ddpm,15,-3,0.8918266296386719,0.27232142857142855,-0.017857142857142856,-0.017857142857142856
ddpm,15,-2,0.9017291069030762,0.32142857142857145,0.30357142857142855,0.30357142857142855
ddpm,15,-1,0.577401876449585,-0.16964285714285715,-0.41071428571428575,-0.41071428571428575
ddpm,16,-5,0.8230209946632385,0.3169642857142857,-0.1875,-0.1875
ddpm,16,-4,0.9717303514480591,-0.13839285714285715,-0.2767857142857143,-0.2767857142857143
ddpm,16,-3,0.8810847997665405,0.34375,0.05357142857142857,0.05357142857142857
ddpm,16,-2,0.9203022122383118,-0.013392857142857142,0.07142857142857142,-0.013392857142857142
ddpm,16,-1,0.6800748705863953,-0.125,-0.1607142857142857,-0.1607142857142857
ddpm,17,-5,0.8946617841720581,0.09375,-0.14285714285714285,-0.14285714285714285
ddpm,17,-4,1.0407634973526,-0.026785714285714284,-0.07142857142857142,-0.07142857142857142
ddpm,17,-3,0.9346421360969543,0.32142857142857145,-0.22321428571428575,-0.22321428571428575
ddpm,17,-2,1.044889211654663,0.07589285714285714,-0.11607142857142856,-0.11607142857142856
ddpm,17,-1,0.7199617028236389,-0.12053571428571429,0.125,-0.12053571428571429
ddpm,18,-5,0.8968871235847473,0.13839285714285715,-0.03571428571428571,-0.03571428571428571
ddpm,18,-4,1.1093101501464844,-0.12053571428571429,0.03571428571428571,-0.12053571428571429
ddpm,18,-3,0.9206218123435974,0.14732142857142858,0.1607142857142857,0.14732142857142858
ddpm,18,-2,1.0249983072280884,0.08482142857142858,-0.3392857142857143,-0.3392857142857143
ddpm,18,-1,0.7242273092269897,-0.25,0.0625,-0.25
ddpm,19,-5,0.9097204208374023,0.09821428571428571,0.1607142857142857,0.09821428571428571
ddpm,19,-4,1.2829794883728027,-0.20089285714285715,-0.16964285714285715,-0.20089285714285715
ddpm,19,-3,0.9789913296699524,0.33035714285714285,0.017857142857142856,0.017857142857142856
ddpm,19,-2,1.0713002681732178,-0.26785714285714285,-0.5178571428571429,-0.5178571428571429
ddpm,19,-1,0.6930604577064514,-0.41964285714285715,0.017857142857142856,-0.41964285714285715
ddpm,20,-5,1.0014561414718628,0.05803571428571429,-0.09821428571428571,-0.09821428571428571
ddpm,20,-4,1.4007976055145264,-0.08035714285714286,-0.125,-0.125
ddpm,20,-3,0.9814131259918213,0.15625,-0.0625,-0.0625
ddpm,20,-2,1.0627731084823608,-0.21428571428571427,-0.0625,-0.21428571428571427
ddpm,20,-1,0.7201963663101196,-0.044642857142857144,-0.22321428571428575,-0.22321428571428575
ddpm,21,-5,1.0831667184829712,-0.09821428571428571,-0.16964285714285715,-0.16964285714285715
ddpm,21,-4,1.443192958831787,-0.24107142857142858,0.16964285714285715,-0.24107142857142858
ddpm,21,-3,0.9913820624351501,-0.004464285714285714,-0.13392857142857145,-0.13392857142857145
ddpm,21,-2,1.2698231935501099,-0.32142857142857145,-0.017857142857142856,-0.32142857142857145
ddpm,21,-1,0.7920379638671875,-0.20535714285714285,-0.0625,-0.20535714285714285
ddpm,22,-5,1.226531744003296,-0.022321428571428572,-0.11607142857142856,-0.11607142857142856
ddpm,22,-4,1.386566400527954,0.013392857142857142,0.26785714285714285,0.013392857142857142
ddpm,22,-3,1.0431430339813232,-0.05803571428571429,-0.3125,-0.3125
ddpm,22,-2,1.3776146173477173,-0.08035714285714286,0.1517857142857143,-0.08035714285714286
ddpm,22,-1,0.7948093414306641,-0.008928571428571428,-0.008928571428571432,-0.008928571428571432
ddpm,23,-5,1.3329120874404907,-0.049107142857142856,-0.17857142857142855,-0.17857142857142855
ddpm,23,-4,1.579938292503357,-0.22767857142857142,0.03571428571428571,-0.22767857142857142
ddpm,23,-3,1.100782036781311,0.08035714285714286,-0.026785714285714288,-0.026785714285714288
ddpm,23,-2,1.6984355449676514,-0.06696428571428571,-0.0625,-0.06696428571428571
ddpm,23,-1,1.0163496732711792,-0.09375,0.09821428571428571,-0.09375
ddpm,24,-5,1.4358869791030884,0.06696428571428571,-0.2589285724929401,-0.2589285724929401
ddpm,24,-4,1.7253178358078003,-0.008928571428571428,-0.04464285714285715,-0.04464285714285715
ddpm,24,-3,1.1280524730682373,0.07589285714285714,0.05357142857142857,0.05357142857142857
ddpm,24,-2,1.8595150709152222,-0.008928571428571428,-0.017857142857142856,-0.017857142857142856
ddpm,24,-1,1.7353484630584717,0.20535714285714285,0.0625,0.0625
ddpm,25,-5,1.440574049949646,-0.004464285714285714,0.008928571428571428,-0.004464285714285714
ddpm,25,-4,1.725809097290039,-0.09821428571428571,0.008928571428571428,-0.09821428571428571
ddpm,25,-3,1.1765114068984985,0.004464285714285714,0.0,0.0
ddpm,25,-2,1.9579033851623535,-0.026785714285714284,0.0,-0.026785714285714284
ddpm,25,-1,1.9269654750823975,0.15625,0.03571428571428571,0.03571428571428571
ddpm,26,-5,1.4274870157241821,0.03571428571428571,0.0625,0.03571428571428571
ddpm,26,-4,1.801620602607727,0.0,0.0,0.0
ddpm,26,-3,1.1867785453796387,0.03571428571428571,0.05357142857142857,0.03571428571428571
ddpm,26,-2,1.9194737672805786,0.017857142857142856,0.08928571428571427,0.017857142857142856
ddpm,26,-1,2.2172329425811768,0.15178571428571427,0.0,0.0
ddpm,27,-5,1.475355625152588,0.008928571428571428,0.07142857142857142,0.008928571428571428
ddpm,27,-4,1.9075003862380981,0.044642857142857144,-0.008928571428571432,-0.008928571428571432
ddpm,27,-3,1.2485965490341187,-0.008928571428571428,0.008928571428571428,-0.008928571428571428
ddpm,27,-2,2.1695101261138916,0.044642857142857144,0.05357142857142857,0.044642857142857144
ddpm,27,-1,2.626873731613159,0.11160714285714286,0.16964285714285715,0.11160714285714286
ddpm,28,-5,1.5516114234924316,0.017857142857142856,-0.008928571428571432,-0.008928571428571432
ddpm,28,-4,2.0131075382232666,0.08035714285714286,0.03571428571428571,0.03571428571428571
ddpm,28,-3,1.3886569738388062,0.008928571428571428,0.0,0.0
ddpm,28,-2,2.204350471496582,-0.03571428571428571,0.0,-0.03571428571428571
ddpm,28,-1,2.7240779399871826,0.07142857142857142,0.07142857142857142,0.07142857142857142
ddpm,29,-5,1.8967875242233276,0.004464285714285714,-0.08035714285714286,-0.08035714285714286
ddpm,29,-4,2.0159101486206055,0.05357142857142857,0.0,0.0
ddpm,29,-3,1.5803228616714478,0.008928571428571428,0.0,0.0
ddpm,29,-2,2.3609986305236816,0.04017857142857143,-0.04464285714285715,-0.04464285714285715
ddpm,29,-1,2.977883815765381,0.05357142857142857,0.09821428571428571,0.05357142857142857
ddpm,30,-5,2.1092865467071533,0.03125,0.017857142857142856,0.017857142857142856
ddpm,30,-4,2.2249224185943604,-0.017857142857142856,0.03571428571428571,-0.017857142857142856
ddpm,30,-3,1.828033447265625,0.04017857142857143,0.04464285714285714,0.04017857142857143
ddpm,30,-2,2.7954678535461426,-0.013392857142857142,0.008928571428571428,-0.013392857142857142
ddpm,30,-1,3.1524035930633545,0.05803571428571429,0.0625,0.05803571428571429
ddpm,31,-5,2.3710415363311768,-0.026785714285714284,-0.00892856078488486,-0.026785714285714284
ddpm,31,-4,2.4929802417755127,0.0,0.017857142857142856,0.0
ddpm,31,-3,2.098871946334839,-0.013392857142857142,-0.008928571428571432,-0.013392857142857142
ddpm,31,-2,3.1452083587646484,-0.04017857142857143,0.0,-0.04017857142857143
ddpm,31,-1,3.331357717514038,0.049107142857142856,0.05357142857142857,0.049107142857142856
ddpm,32,-5,2.661947727203369,-0.044642857142857144,0.053571417927742004,-0.044642857142857144
ddpm,32,-4,3.0179121494293213,-0.022321428571428572,-0.026785714285714288,-0.026785714285714288
ddpm,32,-3,2.4723458290100098,-0.004464285714285714,-0.017857142857142856,-0.017857142857142856
ddpm,32,-2,3.717468738555908,-0.07142857142857142,-0.008928571428571432,-0.07142857142857142
ddpm,32,-1,3.715611457824707,0.03571428571428571,0.026785714285714284,0.026785714285714284
ddpm,33,-5,3.049151659011841,-0.017857142857142856,0.026785714285714284,-0.017857142857142856
ddpm,33,-4,3.4477787017822266,0.004464285714285714,0.03571428571428571,0.004464285714285714
ddpm,33,-3,2.703611135482788,-0.017857142857142856,-0.008928571428571432,-0.017857142857142856
ddpm,33,-2,4.188645839691162,-0.008928571428571428,0.1517857142857143,-0.008928571428571428
ddpm,33,-1,4.008620262145996,0.026785714285714284,0.05357142857142857,0.026785714285714284
ddpm,34,-5,3.57193660736084,-0.017857142857142856,0.03571428571428571,-0.017857142857142856
ddpm,34,-4,4.406174659729004,0.017857142857142856,-0.017857142857142856,-0.017857142857142856
ddpm,34,-3,3.3311548233032227,0.0,0.017857142857142856,0.0
ddpm,34,-2,5.654556751251221,-0.03125,0.09821428997176034,-0.03125
ddpm,34,-1,4.763194561004639,-0.022321428571428572,0.0625,-0.022321428571428572
ddpm,35,-5,4.652198314666748,0.022321428571428572,0.03571428571428571,0.022321428571428572
ddpm,35,-4,5.679190158843994,0.0,-0.017857142857142856,-0.017857142857142856
ddpm,35,-3,3.6581337451934814,-0.008928571428571428,-0.03571428571428571,-0.03571428571428571
ddpm,35,-2,7.233997344970703,0.008928571428571428,0.0,0.0
ddpm,35,-1,5.122682571411133,-0.004464285714285714,0.0,-0.004464285714285714
gcn,0,-5,0.1039545014500618,-0.08482142857142858,-0.08035714285714286,-0.08482142857142858
gcn,0,-4,0.03907580301165581,-0.017857142857142856,0.026785714285714284,-0.017857142857142856
gcn,0,-3,0.08312241733074188,-0.07589285714285714,-0.053571428571428575,-0.07589285714285714
gcn,0,-2,0.053499478846788406,-0.03571428571428571,-0.1517857142857143,-0.1517857142857143
gcn,0,-1,0.056951384991407394,-0.0625,-0.07142857142857142,-0.07142857142857142
gcn,1,-5,0.18396210670471191,-0.044642857142857144,0.05357142857142857,-0.044642857142857144
gcn,1,-4,0.05393267422914505,-0.022321428571428572,0.14285714285714285,-0.022321428571428572
gcn,1,-3,0.12248548120260239,-0.15178571428571427,0.0,-0.15178571428571427
gcn,1,-2,0.06568926572799683,-0.004464285714285714,-0.053571428571428575,-0.053571428571428575
gcn,1,-1,0.06837981939315796,-0.013392857142857142,-0.19642857142857145,-0.19642857142857145
gcn,2,-5,0.20220337808132172,-0.026785714285714284,-0.5,-0.5
gcn,2,-4,0.07645148783922195,0.0,-0.053571428571428575,-0.053571428571428575
gcn,2,-3,0.13279291987419128,-0.11160714285714286,-0.5892857142857143,-0.5892857142857143
gcn,2,-2,0.11238007992506027,-0.022321428571428572,0.125,-0.022321428571428572
gcn,2,-1,0.08847979456186295,-0.07589285714285714,-0.017857142857142856,-0.07589285714285714
gcn,3,-5,0.5523329973220825,0.19642857142857142,0.0625,0.0625
gcn,3,-4,0.09665228426456451,-0.03571428571428571,-0.11607142857142856,-0.11607142857142856
gcn,3,-3,0.32581111788749695,0.026785714285714284,0.5357142857142857,0.026785714285714284
gcn,3,-2,0.34188058972358704,0.26339285714285715,-0.10714285714285714,-0.10714285714285714
gcn,3,-1,0.12052974104881287,0.022321428571428572,0.0,0.0
gcn,4,-5,0.5694084167480469,0.0625,-0.07142857142857142,-0.07142857142857142
gcn,4,-4,0.18901360034942627,0.0,0.16964285714285715,0.0
gcn,4,-3,0.36575230956077576,-0.05803571428571429,0.4375,-0.05803571428571429
gcn,4,-2,0.3907538652420044,0.0625,-0.1607142857142857,-0.1607142857142857
gcn,4,-1,0.19678695499897003,-0.12946428571428573,-0.26785714285714285,-0.26785714285714285
gcn,5,-5,0.6396226286888123,-0.08482142857142858,0.0625,-0.08482142857142858
gcn,5,-4,0.3412288427352905,0.19196428571428573,0.0625,0.0625
gcn,5,-3,0.4447149932384491,-0.026785714285714284,0.39285714285714285,-0.026785714285714284
gcn,5,-2,0.47793737053871155,-0.03125,0.04464285714285714,-0.03125
gcn,5,-1,0.26727908849716187,0.04017857142857143,0.0,0.0
gcn,6,-5,0.651323676109314,-0.08482142857142858,0.20535714285714285,-0.08482142857142858
gcn,6,-4,0.4381323754787445,0.17410714285714285,0.03571428571428571,0.03571428571428571
gcn,6,-3,0.5820272564888,0.21875,0.45535714285714285,0.21875
gcn,6,-2,0.49166449904441833,-0.11607142857142858,-0.125,-0.125
gcn,6,-1,0.3250284492969513,-0.03125,0.2142857142857143,-0.03125
gcn,7,-5,0.7010199427604675,0.022321428571428572,0.10714285714285714,0.022321428571428572
gcn,7,-4,0.5127370953559875,0.07589285714285714,0.1607142857142857,0.07589285714285714
gcn,7,-3,0.7470687627792358,0.08035714285714286,0.2142857142857143,0.08035714285714286
gcn,7,-2,0.5169010758399963,0.09821428571428571,0.0625,0.0625
gcn,7,-1,0.3752877712249756,0.04017857142857143,0.1875,0.04017857142857143
gcn,8,-5,0.7666928172111511,0.05803571428571429,0.40178571428571425,0.05803571428571429
gcn,8,-4,0.5949172377586365,0.0625,0.0,0.0
gcn,8,-3,0.7859249711036682,0.05357142857142857,0.16964285714285715,0.05357142857142857
gcn,8,-2,0.5132701396942139,-0.026785714285714284,0.1607142857142857,-0.026785714285714284
gcn,8,-1,0.49821850657463074,0.11607142857142858,0.09821428571428571,0.09821428571428571
gcn,9,-5,0.7518588900566101,0.11160714285714286,0.125,0.11160714285714286
gcn,9,-4,0.5833686590194702,-0.013392857142857142,-0.08035714285714286,-0.08035714285714286
gcn,9,-3,0.7814774513244629,0.20089285714285715,0.2142857142857143,0.20089285714285715
gcn,9,-2,0.5263839364051819,-0.008928571428571428,0.04464285714285714,-0.008928571428571428
gcn,9,-1,0.5228672027587891,0.11160714285714286,-0.017857142857142856,-0.017857142857142856
gcn,10,-5,0.6966255903244019,0.17857142857142858,0.4107142857142857,0.17857142857142858
gcn,10,-4,0.5581353902816772,0.08928571428571429,-0.13392857142857145,-0.13392857142857145
gcn,10,-3,0.7348997592926025,0.22321428571428573,0.1517857142857143,0.1517857142857143
gcn,10,-2,0.8436368107795715,0.10714285714285714,-0.07142857142857142,-0.07142857142857142
gcn,10,-1,0.4860776364803314,-0.03571428571428571,-0.125,-0.125
gcn,11,-5,0.7072638869285583,0.09375,-0.13392857142857145,-0.13392857142857145
gcn,11,-4,0.5622870922088623,0.06696428571428571,-0.11607142857142856,-0.11607142857142856
gcn,11,-3,0.7603359222412109,0.15625,0.017857142857142856,0.017857142857142856
gcn,11,-2,0.8430020213127136,0.08928571428571429,-0.04464285714285715,-0.04464285714285715
gcn,11,-1,0.4958969056606293,-0.008928571428571428,-0.14285714285714285,-0.14285714285714285
gcn,12,-5,0.6753943562507629,0.16071428571428573,-0.0625,-0.0625
gcn,12,-4,0.5466487407684326,0.07142857142857142,0.0625,0.0625
gcn,12,-3,0.7231987714767456,0.2857142857142857,0.125,0.125
gcn,12,-2,0.7384610772132874,0.08035714285714286,-0.04464285714285715,-0.04464285714285715
gcn,12,-1,0.486449658870697,0.022321428571428572,-0.008928571428571432,-0.008928571428571432
gcn,13,-5,0.7560237050056458,0.04017857142857143,-0.03571428571428571,-0.03571428571428571
gcn,13,-4,0.561000645160675,-0.022321428571428572,0.05357142857142857,-0.022321428571428572
gcn,13,-3,0.7779014110565186,0.17857142857142858,0.10714285714285714,0.10714285714285714
gcn,13,-2,0.7534614205360413,0.16517857142857142,0.04464285714285714,0.04464285714285714
gcn,13,-1,0.5314352512359619,0.05357142857142857,0.08928571428571427,0.05357142857142857
gcn,14,-5,0.750801682472229,0.12053571428571429,0.3482142857142857,0.12053571428571429
gcn,14,-4,0.5757205486297607,0.09821428571428571,0.0625,0.0625
gcn,14,-3,0.7905784845352173,0.26339285714285715,-0.07142857142857142,-0.07142857142857142
gcn,14,-2,0.7205986380577087,0.09821428571428571,0.03571428571428571,0.03571428571428571
gcn,14,-1,0.5664753317832947,-0.049107142857142856,-0.053571428571428575,-0.053571428571428575
gcn,15,-5,0.8553569912910461,0.32589285714285715,-0.08928571428571429,-0.08928571428571429
gcn,15,-4,0.8054153323173523,-0.07142857142857142,-0.04464285714285715,-0.07142857142857142
gcn,15,-3,0.976839542388916,0.23660714285714285,0.14285714285714285,0.14285714285714285
gcn,15,-2,0.8460779190063477,0.3169642857142857,0.17857142857142855,0.17857142857142855
gcn,15,-1,0.5822626948356628,-0.14285714285714285,-0.1517857142857143,-0.1517857142857143
gcn,16,-5,0.8897697329521179,0.39285714285714285,-0.22321428571428575,-0.22321428571428575
gcn,16,-4,0.9569296836853027,-0.17410714285714285,-0.2767857142857143,-0.2767857142857143
gcn,16,-3,0.9638941884040833,0.3125,-0.04464285714285715,-0.04464285714285715
gcn,16,-2,0.8693556189537048,0.044642857142857144,0.125,0.044642857142857144
gcn,16,-1,0.7088263034820557,-0.17410714285714285,-0.08035714285714286,-0.17410714285714285
gcn,17,-5,0.9438875913619995,0.022321428571428572,-0.14285714285714285,-0.14285714285714285
gcn,17,-4,1.0986921787261963,0.013392857142857142,-0.017857142857142856,-0.017857142857142856
gcn,17,-3,1.0067863464355469,0.2857142857142857,-0.22321428571428575,-0.22321428571428575
gcn,17,-2,0.9877683520317078,0.08035714285714286,-0.19642857142857145,-0.19642857142857145
gcn,17,-1,0.7521486282348633,-0.08928571428571429,0.05357142857142857,-0.08928571428571429
gcn,18,-5,0.9590327739715576,0.15178571428571427,0.07142857142857142,0.07142857142857142
gcn,18,-4,1.176604986190796,-0.08928571428571429,-0.13392857142857145,-0.13392857142857145
gcn,18,-3,0.9722917675971985,0.12053571428571429,0.08035714285714285,0.08035714285714285
gcn,18,-2,0.9849156141281128,0.10267857142857142,-0.29464285714285715,-0.29464285714285715
gcn,18,-1,0.7580914497375488,-0.21875,0.08928571428571427,-0.21875
gcn,19,-5,0.9528781175613403,0.19642857142857142,0.24107142857142855,0.19642857142857142
gcn,19,-4,1.348051905632019,-0.20982142857142858,-0.03571428571428571,-0.20982142857142858
gcn,19,-3,1.0314760208129883,0.26785714285714285,0.11607142857142858,0.11607142857142858
gcn,19,-2,1.011599063873291,-0.16517857142857142,-0.125,-0.16517857142857142
gcn,19,-1,0.7156302332878113,-0.375,0.017857142857142856,-0.375
gcn,20,-5,1.0178800821304321,0.03571428571428571,0.0,0.0
gcn,20,-4,1.4327044486999512,-0.026785714285714284,-0.1607142857142857,-0.1607142857142857
gcn,20,-3,1.0291945934295654,0.15625,0.026785714285714284,0.026785714285714284
gcn,20,-2,1.05185866355896,-0.11160714285714286,0.03571428464991706,-0.11160714285714286
gcn,20,-1,0.7370296120643616,-0.05803571428571429,-0.03571428571428571,-0.05803571428571429
gcn,21,-5,1.0697379112243652,-0.05357142857142857,-0.2142857142857143,-0.2142857142857143
gcn,21,-4,1.525996208190918,-0.0625,-0.0625,-0.0625
gcn,21,-3,1.0311249494552612,-0.013392857142857142,-0.07142857142857142,-0.07142857142857142
gcn,21,-2,1.3066091537475586,-0.13839285714285715,-0.1607142857142857,-0.1607142857142857
gcn,21,-1,0.7899104952812195,-0.18303571428571427,0.13392857142857142,-0.18303571428571427
gcn,22,-5,1.2518388032913208,0.20535714285714285,-0.125,-0.125
gcn,22,-4,1.416608214378357,0.08035714285714286,0.05357142857142857,0.05357142857142857
gcn,22,-3,1.0980075597763062,0.0625,-0.04464285714285715,-0.04464285714285715
gcn,22,-2,1.3987277746200562,-0.08035714285714286,-0.053571428571428575,-0.08035714285714286
gcn,22,-1,0.781398355960846,0.0,-0.008928571428571432,-0.008928571428571432
gcn,23,-5,1.3347995281219482,0.08482142857142858,0.03571428571428571,0.03571428571428571
gcn,23,-4,1.5725347995758057,-0.125,0.05357142857142857,-0.125
gcn,23,-3,1.1325130462646484,0.08928571428571429,0.08035714285714285,0.08035714285714285
gcn,23,-2,1.7379335165023804,-0.08035714285714286,0.026785714285714284,-0.08035714285714286
gcn,23,-1,1.0085642337799072,-0.05803571428571429,0.13392857142857142,-0.05803571428571429
gcn,24,-5,1.4065440893173218,0.0625,-0.0625,-0.0625
gcn,24,-4,1.829383134841919,0.022321428571428572,-0.03571428571428571,-0.03571428571428571
gcn,24,-3,1.1502022743225098,0.15625,0.03571428571428571,0.03571428571428571
gcn,24,-2,1.8336933851242065,-0.07142857142857142,0.026785714285714284,-0.07142857142857142
gcn,24,-1,1.7189230918884277,0.20535714285714285,0.08928571428571427,0.08928571428571427
gcn,25,-5,1.4164334535598755,-0.022321428571428572,-0.0625,-0.0625
gcn,25,-4,1.840155839920044,-0.05357142857142857,-0.04464285714285715,-0.05357142857142857
gcn,25,-3,1.1864405870437622,-0.008928571428571428,0.026785714285714284,-0.008928571428571428
gcn,25,-2,1.9230880737304688,-0.0625,0.11607142857142858,-0.0625
gcn,25,-1,1.9589917659759521,0.19642857142857142,0.05357142857142857,0.05357142857142857
gcn,26,-5,1.402621865272522,0.07589285714285714,0.04464285714285714,0.04464285714285714
gcn,26,-4,1.9352521896362305,0.013392857142857142,0.125,0.013392857142857142
gcn,26,-3,1.215180516242981,0.049107142857142856,0.14285714285714285,0.049107142857142856
gcn,26,-2,1.9040378332138062,0.004464285714285714,0.07142857142857142,0.004464285714285714
gcn,26,-1,2.336811065673828,0.15178571428571427,0.08035714285714285,0.08035714285714285
gcn,27,-5,1.4446648359298706,-0.03125,0.10714285714285714,-0.03125
gcn,27,-4,2.078043222427368,0.0,-0.13392857142857145,-0.13392857142857145
gcn,27,-3,1.2705440521240234,-0.008928571428571428,0.07142857142857142,-0.008928571428571428
gcn,27,-2,2.1647279262542725,0.03125,0.08928571428571427,0.03125
gcn,27,-1,2.896135091781616,0.11160714285714286,0.13392857142857142,0.11160714285714286
gcn,28,-5,1.5419929027557373,0.022321428571428572,-0.04464285714285715,-0.04464285714285715
gcn,28,-4,2.133598804473877,0.05803571428571429,0.008928571428571428,0.008928571428571428
gcn,28,-3,1.4194881916046143,0.013392857142857142,-0.017857142857142856,-0.017857142857142856
gcn,28,-2,2.2683396339416504,-0.017857142857142856,-0.008928571428571432,-0.017857142857142856
gcn,28,-1,3.041177749633789,0.08035714285714286,0.14285714285714285,0.08035714285714286
gcn,29,-5,1.8590571880340576,-0.008928571428571428,0.0625,-0.008928571428571428
gcn,29,-4,2.1722822189331055,0.03125,-0.08928571428571429,-0.08928571428571429
gcn,29,-3,1.595352292060852,0.022321428571428572,0.0,0.0
gcn,29,-2,2.4654831886291504,0.0,0.08035714285714285,0.0
gcn,29,-1,3.308413505554199,0.0625,0.10714285714285714,0.0625
gcn,30,-5,2.0629701614379883,0.013392857142857142,0.04464285714285714,0.013392857142857142
gcn,30,-4,2.340360403060913,0.026785714285714284,0.026785714285714284,0.026785714285714284
gcn,30,-3,1.855838656425476,0.022321428571428572,0.008928571428571428,0.008928571428571428
gcn,30,-2,2.8786065578460693,0.004464285714285714,0.08928571428571427,0.004464285714285714
gcn,30,-1,3.47851300239563,0.044642857142857144,0.10714285714285714,0.044642857142857144
gcn,31,-5,2.328470468521118,-0.07142857142857142,0.017857142857142856,-0.07142857142857142
gcn,31,-4,2.5779595375061035,0.008928571428571428,-0.008928571428571432,-0.008928571428571432
gcn,31,-3,2.1998684406280518,0.004464285714285714,-0.026785714285714288,-0.026785714285714288
gcn,31,-2,3.279961585998535,-0.017857142857142856,0.05357142857142857,-0.017857142857142856
gcn,31,-1,3.6372132301330566,0.0625,0.008928571428571428,0.008928571428571428
gcn,32,-5,2.656261682510376,-0.03571428571428571,0.008928571428571428,-0.03571428571428571
gcn,32,-4,3.116525411605835,0.004464285714285714,-0.008928571428571432,-0.008928571428571432
gcn,32,-3,2.5890114307403564,-0.017857142857142856,0.026785714285714284,-0.017857142857142856
gcn,32,-2,3.8768117427825928,-0.08035714285714286,-0.026785714285714288,-0.08035714285714286
gcn,32,-1,3.9981963634490967,0.008928571428571428,0.08035714285714285,0.008928571428571428
gcn,33,-5,3.1272165775299072,-0.004464285714285714,-0.017857142857142856,-0.017857142857142856
gcn,33,-4,3.4319725036621094,0.013392857142857142,-0.017857142857142856,-0.017857142857142856
gcn,33,-3,2.922330379486084,-0.013392857142857142,0.026785714285714284,-0.013392857142857142
gcn,33,-2,4.14764928817749,0.0,0.0625,0.0
gcn,33,-1,4.251760005950928,0.049107142857142856,0.08928571428571427,0.049107142857142856
gcn,34,-5,3.689997434616089,-0.013392857142857142,-0.03571428571428571,-0.03571428571428571
gcn,34,-4,4.173970699310303,0.017857142857142856,0.04464285714285714,0.017857142857142856
gcn,34,-3,3.640465259552002,-0.008928571428571428,-0.017857142857142856,-0.017857142857142856
gcn,34,-2,5.42516565322876,-0.03571428571428571,0.08035714285714285,-0.03571428571428571
gcn,34,-1,4.928577423095703,-0.013392857142857142,0.05357142857142857,-0.013392857142857142
gcn,35,-5,4.820533752441406,0.044642857142857144,0.017857142857142856,0.017857142857142856
gcn,35,-4,5.2337565422058105,0.004464285714285714,0.04464285714285714,0.004464285714285714
gcn,35,-3,3.9391930103302,0.026785714285714284,0.017857142857142856,0.017857142857142856
gcn,35,-2,7.17070198059082,0.004464285714285714,-0.008928571428571432,-0.008928571428571432
gcn,35,-1,5.329661846160889,0.008928571428571428,0.026785714285714284,0.008928571428571428
kriging,0,-5,0.09978727996349335,-0.11160714285714286,0.0,-0.11160714285714286
kriging,0,-4,0.039149582386016846,-0.08035714285714286,-0.15178571428571427,-0.15178571428571427
kriging,0,-3,0.07938742637634277,-0.08482142857142858,-0.20535714285714285,-0.20535714285714285
kriging,0,-2,0.0604071244597435,-0.05803571428571429,-0.17857142857142855,-0.17857142857142855
kriging,0,-1,0.052165526896715164,-0.11607142857142858,-0.16964285714285712,-0.16964285714285712
kriging,1,-5,0.18946382403373718,-0.22767857142857142,-0.13392857142857142,-0.22767857142857142
kriging,1,-4,0.05281548202037811,-0.05803571428571429,0.0,-0.05803571428571429
kriging,1,-3,0.12555760145187378,-0.19642857142857142,-0.15178571428571427,-0.19642857142857142
kriging,1,-2,0.07044845074415207,0.008928571428571428,-0.12499999999999999,-0.12499999999999999
kriging,1,-1,0.06431005895137787,-0.07589285714285714,-0.19642857142857142,-0.19642857142857142
kriging,2,-5,0.20294888317584991,-0.05803571428571429,-0.5535714285714286,-0.5535714285714286
kriging,2,-4,0.07465726137161255,-0.008928571428571428,-0.13392857142857142,-0.13392857142857142
kriging,2,-3,0.1334644854068756,-0.15178571428571427,-1.232142857142857,-1.232142857142857
kriging,2,-2,0.1326328068971634,-0.05357142857142857,-0.08928571428571427,-0.08928571428571427
kriging,2,-1,0.08681638538837433,-0.05803571428571429,-0.21428571428571427,-0.21428571428571427
kriging,3,-5,0.4020329713821411,0.05803571428571429,0.21428571428571427,0.05803571428571429
kriging,3,-4,0.0946144312620163,0.026785714285714284,0.0,0.0
kriging,3,-3,0.23510906100273132,0.04017857142857143,0.3660714285714286,0.04017857142857143
kriging,3,-2,0.29745861887931824,0.11607142857142858,-0.2232142857142857,-0.2232142857142857
kriging,3,-1,0.19000372290611267,0.008928571428571428,-0.3214285714285714,-0.3214285714285714
kriging,4,-5,0.41811326146125793,0.0,0.12500000000000003,0.0
kriging,4,-4,0.15326648950576782,0.022321428571428572,-0.15178571428571427,-0.15178571428571427
kriging,4,-3,0.27558380365371704,-0.08928571428571429,0.017857142857142877,-0.08928571428571429
kriging,4,-2,0.3334486484527588,0.04017857142857143,-0.10714285714285712,-0.10714285714285712
kriging,4,-1,0.23328450322151184,-0.017857142857142856,-0.5,-0.5
kriging,5,-5,0.4722346067428589,-0.16071428571428573,0.16964285714285718,-0.16071428571428573
kriging,5,-4,0.2524999976158142,-0.004464285714285714,0.017857142857142877,-0.004464285714285714
kriging,5,-3,0.3280448615550995,-0.17857142857142858,0.0892857142857143,-0.17857142857142858
kriging,5,-2,0.3994004726409912,-0.03571428571428571,-0.3482142857142857,-0.3482142857142857
kriging,5,-1,0.27195796370506287,-0.017857142857142856,0.0267857142857143,-0.017857142857142856
kriging,6,-5,0.4916972815990448,0.0,0.20535714285714288,0.0
kriging,6,-4,0.33751434087753296,0.07142857142857142,-0.11607142857142856,-0.11607142857142856
kriging,6,-3,0.43735265731811523,0.15178571428571427,0.23214285714285718,0.15178571428571427
kriging,6,-2,0.43747374415397644,-0.10714285714285714,-0.2857142857142857,-0.2857142857142857
kriging,6,-1,0.3319079875946045,-0.008928571428571428,0.11607142857142858,-0.008928571428571428
kriging,7,-5,0.5483260750770569,-0.03125,0.2678571428571429,-0.03125
kriging,7,-4,0.4338737428188324,-0.06696428571428571,0.008928571428571452,-0.06696428571428571
kriging,7,-3,0.7681847214698792,-0.03125,0.04464285714285715,-0.03125
kriging,7,-2,0.44242197275161743,-0.13839285714285715,-0.11607142857142856,-0.13839285714285715
kriging,7,-1,0.3914599120616913,-0.07142857142857142,0.0625,-0.07142857142857142
kriging,8,-5,0.604677140712738,0.15178571428571427,-0.008928571428571425,-0.008928571428571425
kriging,8,-4,0.5278324484825134,0.04017857142857143,-0.26785714285714285,-0.26785714285714285
kriging,8,-3,0.8000565767288208,0.07142857142857142,-0.11607142857142856,-0.11607142857142856
kriging,8,-2,0.47318336367607117,-0.07589285714285714,0.017857142857142877,-0.07589285714285714
kriging,8,-1,0.504001796245575,0.004464285714285714,-0.026785714285714274,-0.026785714285714274
kriging,9,-5,0.6119798421859741,0.07142857142857142,0.20535714285714288,0.07142857142857142
kriging,9,-4,0.5145097970962524,-0.022321428571428572,-0.08035714285714285,-0.08035714285714285
kriging,9,-3,0.7926791310310364,0.05803571428571429,0.035714285714285726,0.035714285714285726
kriging,9,-2,0.49203309416770935,-0.0625,-0.07142857142857141,-0.07142857142857141
kriging,9,-1,0.5132960081100464,0.08035714285714286,0.008928571428571452,0.008928571428571452
kriging,10,-5,0.572010338306427,0.10267857142857142,0.14285714285714288,0.10267857142857142
kriging,10,-4,0.5003949999809265,0.06696428571428571,-0.10714285714285712,-0.10714285714285712
kriging,10,-3,0.7351909279823303,0.10267857142857142,0.12500000000000003,0.10267857142857142
kriging,10,-2,0.7995427846908569,0.05803571428571429,-0.1607142857142857,-0.1607142857142857
kriging,10,-1,0.4854400157928467,0.05357142857142857,-0.17857142857142855,-0.17857142857142855
kriging,11,-5,0.5910707116127014,0.13392857142857142,0.035714285714285726,0.035714285714285726
kriging,11,-4,0.5238584280014038,-0.008928571428571428,-0.11607142857142856,-0.11607142857142856
kriging,11,-3,0.7610336542129517,0.13392857142857142,-0.2589285714285714,-0.2589285714285714
kriging,11,-2,0.7884893417358398,0.008928571428571428,0.017857142857142877,0.008928571428571428
kriging,11,-1,0.5283854007720947,-0.03571428571428571,-0.3392857142857143,-0.3392857142857143
kriging,12,-5,0.5599000453948975,0.125,-0.026785714285714274,-0.026785714285714274
kriging,12,-4,0.5035533905029297,-0.05357142857142857,-0.0357142857142857,-0.05357142857142857
kriging,12,-3,0.7138057947158813,0.23214285714285715,-0.07142857142857141,-0.07142857142857141
kriging,12,-2,0.7171365022659302,0.03125,0.04464285714285715,0.03125
kriging,12,-1,0.49282458424568176,0.013392857142857142,-0.2857142857142857,-0.2857142857142857
kriging,13,-5,0.6729909181594849,-0.03571428571428571,0.0625,-0.03571428571428571
kriging,13,-4,0.5205895304679871,-0.08928571428571429,-0.11607142857142856,-0.11607142857142856
kriging,13,-3,0.7654902935028076,0.07142857142857142,-0.20535714285714285,-0.20535714285714285
kriging,13,-2,0.725226640701294,0.05357142857142857,0.14285714285714288,0.05357142857142857
kriging,13,-1,0.5279586315155029,-0.026785714285714284,-0.062499999999999986,-0.062499999999999986
kriging,14,-5,0.6500181555747986,0.05357142857142857,-0.0982142857142857,-0.0982142857142857
kriging,14,-4,0.5282444357872009,-0.0625,-0.0982142857142857,-0.0982142857142857
kriging,14,-3,0.7692846059799194,0.12053571428571429,-0.008928571428571425,-0.008928571428571425
kriging,14,-2,0.6918917894363403,0.09821428571428571,0.08035714285714288,0.08035714285714288
kriging,14,-1,0.545868456363678,-0.05803571428571429,-0.0982142857142857,-0.0982142857142857
kriging,15,-5,0.7252238392829895,0.21428571428571427,-0.11607142857142856,-0.11607142857142856
kriging,15,-4,0.7203737497329712,-0.20535714285714285,-0.15178571428571427,-0.20535714285714285
kriging,15,-3,0.8504447340965271,0.12053571428571429,0.13392857142857142,0.12053571428571429
kriging,15,-2,0.7665467262268066,0.24553571428571427,-0.0982142857142857,-0.0982142857142857
kriging,15,-1,0.5589410662651062,-0.12946428571428573,-0.12499999999999999,-0.12946428571428573
kriging,16,-5,0.7544406056404114,0.2767857142857143,-0.17857142857142855,-0.17857142857142855
kriging,16,-4,0.859966516494751,-0.2767857142857143,-0.19642857142857142,-0.2767857142857143
kriging,16,-3,0.8486363887786865,0.23660714285714285,0.25,0.23660714285714285
kriging,16,-2,0.7739390730857849,0.03125,-0.0357142857142857,-0.0357142857142857
kriging,16,-1,0.6822342872619629,-0.23660714285714285,-0.13392857142857142,-0.23660714285714285
kriging,17,-5,0.8453332185745239,0.10714285714285714,-0.08928571428571427,-0.08928571428571427
kriging,17,-4,1.0577366352081299,-0.22321428571428573,-0.08928571428571427,-0.22321428571428573
kriging,17,-3,0.9631757736206055,0.08928571428571429,-0.08035714285714285,-0.08035714285714285
kriging,17,-2,0.8401694297790527,0.08482142857142858,-0.5446428571428571,-0.5446428571428571
kriging,17,-1,0.7341750264167786,-0.16071428571428573,0.15178571428571427,-0.16071428571428573
kriging,18,-5,0.851676344871521,-0.044642857142857144,-0.10714285714285712,-0.10714285714285712
kriging,18,-4,1.1437950134277344,-0.24553571428571427,-0.07142857142857141,-0.24553571428571427
kriging,18,-3,0.9649604558944702,0.0,-0.04464285714285714,-0.04464285714285714
kriging,18,-2,0.8458819389343262,-0.08928571428571429,-0.4017857142857143,-0.4017857142857143
kriging,18,-1,0.7370712161064148,-0.35267857142857145,0.04464285714285715,-0.35267857142857145
kriging,19,-5,0.8767716288566589,-0.022321428571428572,0.0,-0.022321428571428572
kriging,19,-4,1.3216381072998047,-0.26339285714285715,-0.04464285714285714,-0.26339285714285715
kriging,19,-3,1.041877031326294,0.10714285714285714,-0.04464285714285714,-0.04464285714285714
kriging,19,-2,0.8828473091125488,-0.21428571428571427,-0.17857142857142855,-0.21428571428571427
kriging,19,-1,0.7046412825584412,-0.4107142857142857,-0.17857142857142855,-0.4107142857142857
kriging,20,-5,0.9341999292373657,-0.20089285714285715,-1.2142857142857142,-1.2142857142857142
kriging,20,-4,1.4222123622894287,-0.008928571428571428,-0.1607142857142857,-0.1607142857142857
kriging,20,-3,1.0324281454086304,-0.049107142857142856,-0.11607142857142856,-0.11607142857142856
kriging,20,-2,0.9509841203689575,-0.2857142857142857,-0.20535714285714285,-0.2857142857142857
kriging,20,-1,0.7268291711807251,-0.14732142857142858,-0.0357142857142857,-0.14732142857142858
kriging,21,-5,0.9905490875244141,-0.125,-0.4642857142857143,-0.4642857142857143
kriging,21,-4,1.5612624883651733,0.0,0.15178571428571427,0.0
kriging,21,-3,1.0569921731948853,-0.12946428571428573,-0.19642857142857142,-0.19642857142857142
kriging,21,-2,1.202352523803711,-0.29910714285714285,-0.3392857142857143,-0.3392857142857143
kriging,21,-1,0.8007723093032837,-0.26785714285714285,-0.07142857142857141,-0.26785714285714285
kriging,22,-5,1.163124680519104,0.25892857142857145,-0.3214285714285714,-0.3214285714285714
kriging,22,-4,1.4863756895065308,0.04017857142857143,-0.008928571428571425,-0.008928571428571425
kriging,22,-3,1.151584267616272,-0.049107142857142856,-0.14285714285714285,-0.14285714285714285
kriging,22,-2,1.2503116130828857,-0.26339285714285715,-0.10714285714285712,-0.26339285714285715
kriging,22,-1,0.7884476184844971,0.004464285714285714,-0.008928571428571425,-0.008928571428571425
kriging,23,-5,1.2600698471069336,-0.026785714285714284,-0.12499999999999999,-0.12499999999999999
kriging,23,-4,1.6485819816589355,-0.22321428571428573,-0.04464285714285714,-0.22321428571428573
kriging,23,-3,1.1906565427780151,0.05357142857142857,-0.13392857142857142,-0.13392857142857142
kriging,23,-2,1.6178359985351562,-0.25,-0.11607142857142856,-0.25
kriging,23,-1,0.9935765862464905,-0.15178571428571427,-0.10714285714285712,-0.15178571428571427
kriging,24,-5,1.3091692924499512,-0.0625,-0.20535714285714285,-0.20535714285714285
kriging,24,-4,1.7311278581619263,0.044642857142857144,-0.01785714285714285,-0.01785714285714285
kriging,24,-3,1.198195457458496,0.10714285714285714,0.035714285714285726,0.035714285714285726
kriging,24,-2,1.8181748390197754,-0.21875,0.008928571428571452,-0.21875
kriging,24,-1,1.8017795085906982,0.20982142857142858,-0.10714285714285712,-0.10714285714285712
kriging,25,-5,1.3145519495010376,-0.14285714285714285,-0.062499999999999986,-0.14285714285714285
kriging,25,-4,1.7237269878387451,-0.008928571428571428,-0.14285714285714285,-0.14285714285714285
kriging,25,-3,1.248422384262085,-0.044642857142857144,-0.08035714285714285,-0.08035714285714285
kriging,25,-2,1.9512226581573486,-0.07142857142857142,0.07142857142857145,-0.07142857142857142
kriging,25,-1,2.0048465728759766,0.16517857142857142,-0.13392857142857142,-0.13392857142857142
kriging,26,-5,1.2786548137664795,0.03125,-0.026785714285714274,-0.026785714285714274
kriging,26,-4,1.7723147869110107,-0.004464285714285714,-0.04464285714285714,-0.04464285714285714
kriging,26,-3,1.2648028135299683,-0.004464285714285714,0.08035714285714288,-0.004464285714285714
kriging,26,-2,1.9251081943511963,-0.07142857142857142,0.0,-0.07142857142857142
kriging,26,-1,2.438849449157715,0.12053571428571429,-0.0982142857142857,-0.0982142857142857
kriging,27,-5,1.2907211780548096,-0.03571428571428571,-0.026785714285714274,-0.03571428571428571
kriging,27,-4,1.8495231866836548,0.026785714285714284,-0.10714285714285712,-0.10714285714285712
kriging,27,-3,1.3186198472976685,-0.013392857142857142,-0.008928571428571425,-0.013392857142857142
kriging,27,-2,2.197641611099243,0.08035714285714286,0.035714285714285726,0.035714285714285726
kriging,27,-1,2.94696044921875,0.16071428571428573,0.035714285714285726,0.035714285714285726
kriging,28,-5,1.3971893787384033,-0.008928571428571428,-0.008928571428571425,-0.008928571428571428
kriging,28,-4,1.8529160022735596,0.06696428571428571,-0.05357142857142856,-0.05357142857142856
kriging,28,-3,1.4577147960662842,0.008928571428571428,-0.008928571428571425,-0.008928571428571425
kriging,28,-2,2.247551202774048,0.0,-0.008928571428571425,-0.008928571428571425
kriging,28,-1,3.1252517700195312,0.11607142857142858,-0.026785714285714274,-0.026785714285714274
kriging,29,-5,1.7202430963516235,0.017857142857142856,-0.04464285714285714,-0.04464285714285714
kriging,29,-4,1.9404816627502441,0.05357142857142857,-0.05357142857142856,-0.05357142857142856
kriging,29,-3,1.6652400493621826,0.07142857142857142,-0.05357142857142856,-0.05357142857142856
kriging,29,-2,2.456150770187378,0.044642857142857144,-0.062499999999999986,-0.062499999999999986
kriging,29,-1,3.3852040767669678,0.12946428571428573,0.035714285714285726,0.035714285714285726
kriging,30,-5,1.9159202575683594,0.008928571428571428,0.017857142857142877,0.008928571428571428
kriging,30,-4,2.1477060317993164,0.008928571428571428,-0.026785714285714274,-0.026785714285714274
kriging,30,-3,1.9637579917907715,-0.008928571428571428,0.0,-0.008928571428571428
kriging,30,-2,2.8042681217193604,0.008928571428571428,-0.01785714285714285,-0.01785714285714285
kriging,30,-1,3.6050212383270264,0.08482142857142858,-0.01785714285714285,-0.01785714285714285
kriging,31,-5,2.1362359523773193,-0.03571428571428571,0.0,-0.03571428571428571
kriging,31,-4,2.340247869491577,-0.017857142857142856,-0.01785714285714285,-0.017857142857142856
kriging,31,-3,2.3444137573242188,0.022321428571428572,-0.08035714285714285,-0.08035714285714285
kriging,31,-2,3.2629683017730713,0.0,0.008928571428571452,0.0
kriging,31,-1,3.8121497631073,0.0625,-0.10714285714285712,-0.10714285714285712
kriging,32,-5,2.3907761573791504,-0.04017857142857143,-0.05357143708637781,-0.05357143708637781
kriging,32,-4,2.8037607669830322,-0.03571428571428571,0.0,-0.03571428571428571
kriging,32,-3,2.7000114917755127,-0.004464285714285714,-0.026785714285714274,-0.026785714285714274
kriging,32,-2,3.7380380630493164,-0.0625,-0.026785714285714274,-0.0625
kriging,32,-1,4.245967388153076,0.08482142857142858,-0.026785714285714274,-0.026785714285714274
kriging,33,-5,2.8770577907562256,-0.05357142857142857,-0.0982142857142857,-0.0982142857142857
kriging,33,-4,3.091981887817383,-0.03125,-0.026785714285714274,-0.03125
kriging,33,-3,2.955657958984375,-0.03571428571428571,0.0,-0.03571428571428571
kriging,33,-2,3.9680287837982178,-0.008928571428571428,0.017857142857142877,-0.008928571428571428
kriging,33,-1,4.514326572418213,0.07142857142857142,-0.08928571428571427,-0.08928571428571427
kriging,34,-5,3.423280954360962,-0.03571428571428571,-0.05357142857142856,-0.05357142857142856
kriging,34,-4,3.790714979171753,-0.03125,-0.04464285714285714,-0.04464285714285714
kriging,34,-3,3.5256235599517822,-0.017857142857142856,-0.008928571428571425,-0.017857142857142856
kriging,34,-2,5.105763912200928,-0.013392857142857142,0.008928571428571452,-0.013392857142857142
kriging,34,-1,5.282463550567627,0.004464285714285714,-0.026785714285714274,-0.026785714285714274
kriging,35,-5,4.488616466522217,-0.022321428571428572,0.008928571428571452,-0.022321428571428572
kriging,35,-4,4.937438488006592,-0.03571428571428571,-0.07142857142857141,-0.07142857142857141
kriging,35,-3,3.9952192306518555,-0.013392857142857142,-0.04464285714285714,-0.04464285714285714
kriging,35,-2,6.730713367462158,-0.004464285714285714,-0.0357142857142857,-0.0357142857142857
kriging,35,-1,5.7042236328125,-0.008928571428571428,0.008928571428571452,-0.008928571428571428
resnet,0,-5,0.06494545936584473,-0.03571428571428571,0.23214285714285715,-0.03571428571428571
resnet,0,-4,0.03713752329349518,-0.05357142857142857,0.14285714285714285,-0.05357142857142857
resnet,0,-3,0.06360965222120285,0.017857142857142856,0.09821428571428571,0.017857142857142856
resnet,0,-2,0.04844208061695099,0.004464285714285714,0.04464285714285715,0.004464285714285714
resnet,0,-1,0.04293479770421982,-0.06696428571428571,0.026785714285714274,-0.06696428571428571
resnet,1,-5,0.14529721438884735,0.0,-0.053571428571428575,-0.053571428571428575
resnet,1,-4,0.05013090372085571,-0.017857142857142856,-0.08928571428571427,-0.08928571428571427
resnet,1,-3,0.1187564805150032,-0.04017857142857143,0.01785714285714285,-0.04017857142857143
resnet,1,-2,0.06030889227986336,-0.09375,0.04464285714285715,-0.09375
resnet,1,-1,0.057112518697977066,0.017857142857142856,-0.01785714285714285,-0.01785714285714285
resnet,2,-5,0.16356970369815826,-0.013392857142857142,0.08035714285714285,-0.013392857142857142
resnet,2,-4,0.07258383184671402,-0.04017857142857143,0.17857142857142858,-0.04017857142857143
resnet,2,-3,0.12786103785037994,-0.022321428571428572,-0.6517857142857143,-0.6517857142857143
resnet,2,-2,0.09698259085416794,-0.12053571428571429,0.13392857142857142,-0.12053571428571429
resnet,2,-1,0.07682672888040543,0.03125,0.01785714285714285,0.01785714285714285
resnet,3,-5,0.41889792680740356,0.026785714285714284,0.08035714285714285,0.026785714285714284
resnet,3,-4,0.08729466050863266,-0.022321428571428572,0.16964285714285715,-0.022321428571428572
resnet,3,-3,0.2877703905105591,0.04017857142857143,0.6428571428571429,0.04017857142857143
resnet,3,-2,0.29327601194381714,0.15625,0.08928571428571429,0.08928571428571429
resnet,3,-1,0.09493258595466614,0.017857142857142856,0.09821428571428571,0.017857142857142856
resnet,4,-5,0.44712406396865845,-0.004464285714285714,-0.3571428571428572,-0.3571428571428572
resnet,4,-4,0.1582029014825821,0.008928571428571428,0.19642857142857142,0.008928571428571428
resnet,4,-3,0.31832829117774963,-0.017857142857142856,0.5714285714285714,-0.017857142857142856
resnet,4,-2,0.33992627263069153,-0.04017857142857143,-0.20535714285714288,-0.20535714285714288
resnet,4,-1,0.1639675498008728,-0.08928571428571429,-0.01785714285714285,-0.08928571428571429
resnet,5,-5,0.49570226669311523,-0.09375,0.16964285714285715,-0.09375
resnet,5,-4,0.27143871784210205,0.10267857142857142,0.08035714285714285,0.08035714285714285
resnet,5,-3,0.3881379961967468,0.026785714285714284,0.26785714285714285,0.026785714285714284
resnet,5,-2,0.4164765477180481,-0.026785714285714284,-0.08928571428571427,-0.08928571428571427
resnet,5,-1,0.2369476854801178,-0.013392857142857142,0.125,-0.013392857142857142
resnet,6,-5,0.5182100534439087,-0.09375,0.2857142857142857,-0.09375
resnet,6,-4,0.3461746275424957,0.05803571428571429,0.07142857142857142,0.05803571428571429
resnet,6,-3,0.5095195174217224,0.11160714285714286,0.5178571428571429,0.11160714285714286
resnet,6,-2,0.4292988181114197,-0.10267857142857142,-0.14285714285714288,-0.14285714285714288
resnet,6,-1,0.2999195456504822,0.004464285714285714,0.30357142857142855,0.004464285714285714
resnet,7,-5,0.5531747937202454,0.03571428571428571,0.09821428571428571,0.03571428571428571
resnet,7,-4,0.4310448169708252,0.008928571428571428,0.15178571428571427,0.008928571428571428
resnet,7,-3,0.6070836186408997,0.05357142857142857,0.29464285714285715,0.05357142857142857
resnet,7,-2,0.46675848960876465,0.0,0.10714285714285714,0.0
resnet,7,-1,0.3516513705253601,-0.0625,0.01785714285714285,-0.0625
resnet,8,-5,0.6069058179855347,0.07142857142857142,0.14285714285714285,0.07142857142857142
resnet,8,-4,0.5189300179481506,-0.03125,-0.08928571428571427,-0.08928571428571427
resnet,8,-3,0.638359546661377,0.11607142857142858,0.2589285714285714,0.11607142857142858
resnet,8,-2,0.4672042727470398,-0.04017857142857143,0.11607142857142856,-0.04017857142857143
resnet,8,-1,0.4718722105026245,-0.013392857142857142,-0.04464285714285715,-0.04464285714285715
resnet,9,-5,0.6000038385391235,0.013392857142857142,0.23214285714285715,0.013392857142857142
resnet,9,-4,0.506689190864563,0.05803571428571429,0.07142857142857142,0.05803571428571429
resnet,9,-3,0.6391513347625732,0.20535714285714285,0.2232142857142857,0.20535714285714285
resnet,9,-2,0.49182844161987305,0.07589285714285714,0.3482142857142857,0.07589285714285714
resnet,9,-1,0.49310633540153503,0.10714285714285714,-0.13392857142857142,-0.13392857142857142
resnet,10,-5,0.5490521788597107,0.13839285714285715,0.3482142857142857,0.13839285714285715
resnet,10,-4,0.4850306808948517,0.017857142857142856,-0.0267857142857143,-0.0267857142857143
resnet,10,-3,0.6007118821144104,0.21875,0.29464285714285715,0.21875
resnet,10,-2,0.745886504650116,0.0625,0.026785714285714274,0.026785714285714274
resnet,10,-1,0.4579640030860901,-0.013392857142857142,-0.17857142857142858,-0.17857142857142858
resnet,11,-5,0.5627747774124146,0.06696428571428571,-0.035714285714285726,-0.035714285714285726
resnet,11,-4,0.5032920837402344,0.06696428571428571,-0.01785714285714285,-0.01785714285714285
resnet,11,-3,0.6239462494850159,0.07142857142857142,-0.22321428571428573,-0.22321428571428573
resnet,11,-2,0.7635416388511658,0.09821428571428571,-0.5,-0.5
resnet,11,-1,0.4659322202205658,-0.022321428571428572,-0.01785714285714285,-0.022321428571428572
resnet,12,-5,0.535897970199585,0.049107142857142856,0.1607142857142857,0.049107142857142856
resnet,12,-4,0.48535072803497314,0.07142857142857142,-0.0267857142857143,-0.0267857142857143
resnet,12,-3,0.5965677499771118,0.23660714285714285,0.14285714285714285,0.14285714285714285
resnet,12,-2,0.6710109114646912,0.11607142857142858,-0.3660714285714286,-0.3660714285714286
resnet,12,-1,0.43674173951148987,0.09821428571428571,-0.06250000000000003,-0.06250000000000003
resnet,13,-5,0.5863882303237915,0.08035714285714286,-0.008928571428571425,-0.008928571428571425
resnet,13,-4,0.487244188785553,0.0,-0.053571428571428575,-0.053571428571428575
resnet,13,-3,0.634181559085846,0.22767857142857142,-0.14285714285714288,-0.14285714285714288
resnet,13,-2,0.6800407767295837,0.08482142857142858,-0.08928571428571427,-0.08928571428571427
resnet,13,-1,0.4684596657752991,-0.004464285714285714,0.08035714285714285,-0.004464285714285714
resnet,14,-5,0.5780014991760254,0.125,-0.008928571428571425,-0.008928571428571425
resnet,14,-4,0.48588278889656067,-0.022321428571428572,0.0625,-0.022321428571428572
resnet,14,-3,0.6503586769104004,0.24553571428571427,0.09821428571428571,0.09821428571428571
resnet,14,-2,0.6537147164344788,0.09821428571428571,0.20535714285714285,0.09821428571428571
resnet,14,-1,0.4803485572338104,-0.06696428571428571,-0.16071428571428573,-0.16071428571428573
resnet,15,-5,0.66359943151474,0.22767857142857142,0.053571428571428575,0.053571428571428575
resnet,15,-4,0.6870054602622986,-0.004464285714285714,-0.0267857142857143,-0.0267857142857143
resnet,15,-3,0.7940769195556641,0.20982142857142858,0.125,0.125
resnet,15,-2,0.7279489636421204,0.35267857142857145,0.15178571428571427,0.15178571428571427
resnet,15,-1,0.49694550037384033,-0.08035714285714286,-0.22321428571428573,-0.22321428571428573
resnet,16,-5,0.709160327911377,0.26339285714285715,-0.22321428571428573,-0.22321428571428573
resnet,16,-4,0.806785523891449,-0.14285714285714285,-0.25,-0.25
resnet,16,-3,0.7869183421134949,0.27232142857142855,0.125,0.125
resnet,16,-2,0.7418150305747986,0.13839285714285715,-0.06250000000000003,-0.06250000000000003
resnet,16,-1,0.607666015625,-0.21428571428571427,-0.2857142857142857,-0.2857142857142857
resnet,17,-5,0.7545061111450195,0.16517857142857142,-0.24107142857142858,-0.24107142857142858
resnet,17,-4,0.8831583261489868,-0.04017857142857143,-0.15178571428571427,-0.15178571428571427
resnet,17,-3,0.8504588603973389,0.30357142857142855,-0.13392857142857142,-0.13392857142857142
resnet,17,-2,0.8346889019012451,0.06696428571428571,-0.24107142857142858,-0.24107142857142858
resnet,17,-1,0.6436395645141602,-0.06696428571428571,0.026785714285714274,-0.06696428571428571
resnet,18,-5,0.7704357504844666,0.17857142857142858,0.053571428571428575,0.053571428571428575
resnet,18,-4,0.9160563349723816,-0.23660714285714285,-0.07142857142857142,-0.23660714285714285
resnet,18,-3,0.8218464851379395,0.20089285714285715,0.21428571428571427,0.20089285714285715
resnet,18,-2,0.8237608075141907,0.07142857142857142,0.053571428571428575,0.053571428571428575
resnet,18,-1,0.6531160473823547,-0.25,0.125,-0.25
resnet,19,-5,0.7910926938056946,0.08928571428571429,-0.0267857142857143,-0.0267857142857143
resnet,19,-4,1.0847641229629517,-0.2857142857142857,-0.01785714285714285,-0.2857142857142857
resnet,19,-3,0.8814166188240051,0.25892857142857145,0.16964285714285715,0.16964285714285715
resnet,19,-2,0.8661651611328125,-0.07589285714285714,-0.13392857142857142,-0.13392857142857142
resnet,19,-1,0.6204360127449036,-0.32142857142857145,0.04464285714285715,-0.32142857142857145
resnet,20,-5,0.8393213748931885,0.008928571428571428,-0.4107142857142857,-0.4107142857142857
resnet,20,-4,1.2084686756134033,-0.09821428571428571,-0.04464285714285715,-0.09821428571428571
resnet,20,-3,0.8642155528068542,0.17410714285714285,-0.035714285714285726,-0.035714285714285726
resnet,20,-2,0.8724420070648193,-0.12946428571428573,0.026785714285714274,-0.12946428571428573
resnet,20,-1,0.6890450119972229,-0.07142857142857142,-0.21428571428571427,-0.21428571428571427
resnet,21,-5,0.858354389667511,-0.008928571428571428,-0.23214285714285712,-0.23214285714285712
resnet,21,-4,1.2762813568115234,-0.05803571428571429,0.008928571428571425,-0.05803571428571429
resnet,21,-3,0.8661331534385681,-0.04017857142857143,-0.12500000000000003,-0.12500000000000003
resnet,21,-2,1.1333199739456177,-0.2767857142857143,-0.09821428571428573,-0.2767857142857143
resnet,21,-1,0.7127730846405029,-0.24553571428571427,-0.008928571428571425,-0.24553571428571427
resnet,22,-5,0.9767330288887024,0.16517857142857142,-0.25,-0.25
resnet,22,-4,1.2071624994277954,0.10267857142857142,-0.008928571428571425,-0.008928571428571425
resnet,22,-3,0.9230490326881409,-0.049107142857142856,-0.01785714285714285,-0.049107142857142856
resnet,22,-2,1.22223961353302,0.0,-0.10714285714285712,-0.10714285714285712
resnet,22,-1,0.714209794998169,0.03125,0.0,0.0
resnet,23,-5,1.0445833206176758,-0.004464285714285714,-0.19642857142857142,-0.19642857142857142
resnet,23,-4,1.3807313442230225,-0.13839285714285715,0.10714285714285714,-0.13839285714285715
resnet,23,-3,0.952316403388977,0.022321428571428572,0.026785714285714274,0.022321428571428572
resnet,23,-2,1.5091320276260376,0.08482142857142858,-0.11607142857142858,-0.11607142857142858
resnet,23,-1,0.9357779622077942,0.008928571428571428,-0.04464285714285715,-0.04464285714285715
resnet,24,-5,1.0910162925720215,0.05357142857142857,-0.035714285714285726,-0.035714285714285726
resnet,24,-4,1.5427744388580322,0.044642857142857144,-0.0267857142857143,-0.0267857142857143
resnet,24,-3,0.9777054190635681,0.10267857142857142,-0.01785714285714285,-0.01785714285714285
resnet,24,-2,1.5285711288452148,-0.09375,-0.0267857142857143,-0.09375
resnet,24,-1,1.7440673112869263,0.23214285714285715,0.0357142857142857,0.0357142857142857
resnet,25,-5,1.1053532361984253,-0.05357142857142857,0.10714285714285714,-0.05357142857142857
resnet,25,-4,1.493611454963684,-0.05803571428571429,0.0,-0.05803571428571429
resnet,25,-3,1.0003005266189575,-0.017857142857142856,0.026785714285714274,-0.017857142857142856
resnet,25,-2,1.5986998081207275,-0.08928571428571429,0.008928571428571425,-0.08928571428571429
resnet,25,-1,1.9839541912078857,0.21875,-0.04464285714285715,-0.04464285714285715
resnet,26,-5,1.0953541994094849,0.044642857142857144,0.2589285714285714,0.044642857142857144
resnet,26,-4,1.5815221071243286,0.049107142857142856,0.0357142857142857,0.0357142857142857
resnet,26,-3,1.041959285736084,0.05357142857142857,0.20535714285714285,0.05357142857142857
resnet,26,-2,1.5611684322357178,-0.022321428571428572,0.026785714285714274,-0.022321428571428572
resnet,26,-1,2.4400534629821777,0.16517857142857142,0.11607142857142856,0.11607142857142856
resnet,27,-5,1.147928237915039,0.004464285714285714,0.125,0.004464285714285714
resnet,27,-4,1.6628631353378296,0.05357142857142857,-0.01785714285714285,-0.01785714285714285
resnet,27,-3,1.0775673389434814,-0.008928571428571428,0.08035714285714285,-0.008928571428571428
resnet,27,-2,1.815847396850586,0.013392857142857142,-0.0267857142857143,-0.0267857142857143
resnet,27,-1,2.9583334922790527,0.08482142857142858,-0.06250000000000003,-0.06250000000000003
resnet,28,-5,1.2010554075241089,0.022321428571428572,0.0357142857142857,0.022321428571428572
resnet,28,-4,1.6670855283737183,0.07589285714285714,0.08035714285714285,0.07589285714285714
resnet,28,-3,1.2022234201431274,-0.013392857142857142,-0.008928571428571425,-0.013392857142857142
resnet,28,-2,1.9182008504867554,0.013392857142857142,0.01785714285714285,0.013392857142857142
resnet,28,-1,3.089430093765259,0.09821428571428571,0.01785714285714285,0.01785714285714285
resnet,29,-5,1.4984458684921265,0.0,0.008928571428571425,0.0
resnet,29,-4,1.7367758750915527,0.049107142857142856,0.0357142857142857,0.0357142857142857
resnet,29,-3,1.2929505109786987,0.022321428571428572,-0.01785714285714285,-0.01785714285714285
resnet,29,-2,2.0325264930725098,0.0625,-0.01785714285714285,-0.01785714285714285
resnet,29,-1,3.3391709327697754,0.08482142857142858,0.026785714285714274,0.026785714285714274
resnet,30,-5,1.6746348142623901,-0.026785714285714284,0.008928571428571425,-0.026785714285714284
resnet,30,-4,1.893017053604126,0.022321428571428572,0.0357142857142857,0.022321428571428572
resnet,30,-3,1.497860074043274,0.026785714285714284,-0.01785714285714285,-0.01785714285714285
resnet,30,-2,2.4068727493286133,0.03125,0.04464285714285715,0.03125
resnet,30,-1,3.575852632522583,0.07589285714285714,0.0357142857142857,0.0357142857142857
resnet,31,-5,1.9492888450622559,-0.04017857142857143,0.05357143815074647,-0.04017857142857143
resnet,31,-4,2.1017510890960693,0.0,0.0357142857142857,0.0
resnet,31,-3,1.7503741979599,-0.017857142857142856,0.01785714285714285,-0.017857142857142856
resnet,31,-2,2.6842288970947266,-0.013392857142857142,0.026785714285714274,-0.013392857142857142
resnet,31,-1,3.798362970352173,0.044642857142857144,-0.01785714285714285,-0.01785714285714285
resnet,32,-5,2.3227643966674805,-0.026785714285714284,0.017857138599668226,-0.026785714285714284
resnet,32,-4,2.5947184562683105,0.004464285714285714,0.026785714285714274,0.004464285714285714
resnet,32,-3,2.0306217670440674,-0.03125,0.01785714285714285,-0.03125
resnet,32,-2,3.1740477085113525,-0.017857142857142856,-0.008928571428571425,-0.017857142857142856
resnet,32,-1,4.238271236419678,0.0625,-0.01785714285714285,-0.01785714285714285
resnet,33,-5,2.643169403076172,-0.017857142857142856,0.10714285714285714,-0.017857142857142856
resnet,33,-4,2.919903516769409,0.008928571428571428,0.09821428571428571,0.008928571428571428
resnet,33,-3,2.312532424926758,0.022321428571428572,0.04464285714285715,0.022321428571428572
resnet,33,-2,3.4719223976135254,0.004464285714285714,0.08928571428571429,0.004464285714285714
resnet,33,-1,4.44618558883667,0.004464285714285714,0.053571428571428575,0.004464285714285714
resnet,34,-5,3.1067821979522705,0.008928571428571428,0.07142857142857142,0.008928571428571428
resnet,34,-4,3.6270408630371094,0.022321428571428572,-0.0267857142857143,-0.0267857142857143
resnet,34,-3,2.821549415588379,0.004464285714285714,-0.01785714285714285,-0.01785714285714285
resnet,34,-2,4.552616596221924,-0.013392857142857142,0.08035714285714285,-0.013392857142857142
resnet,34,-1,5.084513187408447,-0.044642857142857144,-0.008928571428571425,-0.044642857142857144
resnet,35,-5,3.9976441860198975,0.026785714285714284,0.0357142857142857,0.026785714285714284
resnet,35,-4,4.446475982666016,0.0,0.053571428571428575,0.0
resnet,35,-3,3.116509199142456,0.022321428571428572,-0.01785714285714285,-0.01785714285714285
resnet,35,-2,5.79291296005249,-0.004464285714285714,0.0,-0.004464285714285714
resnet,35,-1,5.553074359893799,-0.022321428571428572,0.0,-0.022321428571428572
transformer,0,-5,0.10178910195827484,-0.09375,-0.1339285714285714,-0.1339285714285714
transformer,0,-4,0.0393344983458519,-0.05357142857142857,-0.0267857142857143,-0.05357142857142857
transformer,0,-3,0.05876839533448219,0.044642857142857144,0.16964285714285715,0.044642857142857144
transformer,0,-2,0.05700446292757988,-0.017857142857142856,0.01785714285714285,-0.017857142857142856
transformer,0,-1,0.052977580577135086,-0.044642857142857144,-0.0535714285714286,-0.0535714285714286
transformer,1,-5,0.17313118278980255,-0.10267857142857142,-0.0357142857142857,-0.10267857142857142
transformer,1,-4,0.05524386838078499,-0.013392857142857142,-0.044642857142857206,-0.044642857142857206
transformer,1,-3,0.11314814537763596,-0.10267857142857142,-0.1428571428571429,-0.1428571428571429
transformer,1,-2,0.06721683591604233,-0.004464285714285714,-0.1607142857142857,-0.1607142857142857
transformer,1,-1,0.06465508043766022,-0.08928571428571429,-0.1071428571428572,-0.1071428571428572
transformer,2,-5,0.19023001194000244,-0.0625,0.08928571428571425,-0.0625
transformer,2,-4,0.07883909344673157,-0.044642857142857144,0.17857142857142855,-0.044642857142857144
transformer,2,-3,0.12379715591669083,-0.05357142857142857,-0.4910714285714286,-0.4910714285714286
transformer,2,-2,0.12134449183940887,-0.20535714285714285,0.0,-0.20535714285714285
transformer,2,-1,0.09296531230211258,-0.017857142857142856,0.1339285714285714,-0.017857142857142856
transformer,3,-5,0.4467152953147888,0.23214285714285715,0.23214285714285712,0.23214285714285712
transformer,3,-4,0.09820643067359924,-0.07589285714285714,0.2857142857142857,-0.07589285714285714
transformer,3,-3,0.2609347701072693,0.20982142857142858,0.4375,0.20982142857142858
transformer,3,-2,0.4209151268005371,0.38839285714285715,-0.2767857142857143,-0.2767857142857143
transformer,3,-1,0.12008025497198105,-0.004464285714285714,0.11607142857142855,-0.004464285714285714
transformer,4,-5,0.4752088487148285,-0.17857142857142858,0.04464285714285715,-0.17857142857142858
transformer,4,-4,0.17037570476531982,0.10267857142857142,0.04464285714285715,0.04464285714285715
transformer,4,-3,0.3078097999095917,0.044642857142857144,0.49107142857142855,0.044642857142857144
transformer,4,-2,0.466263085603714,0.19196428571428573,0.01785714285714285,0.01785714285714285
transformer,4,-1,0.21025550365447998,0.013392857142857142,-0.3392857142857143,-0.3392857142857143
transformer,5,-5,0.5279090404510498,-0.12946428571428573,0.3392857142857143,-0.12946428571428573
transformer,5,-4,0.3108166754245758,0.14285714285714285,0.2589285714285714,0.14285714285714285
transformer,5,-3,0.38023704290390015,-0.013392857142857142,0.26785714285714285,-0.013392857142857142
transformer,5,-2,0.5082550048828125,-0.06696428571428571,-0.1428571428571429,-0.1428571428571429
transformer,5,-1,0.3039572238922119,0.09821428571428571,0.125,0.09821428571428571
transformer,6,-5,0.5660977363586426,-0.11607142857142858,0.36607142857142855,-0.11607142857142858
transformer,6,-4,0.38990476727485657,0.11607142857142858,0.15178571428571425,0.11607142857142858
transformer,6,-3,0.5132332444190979,0.23660714285714285,0.6428571428571428,0.23660714285714285
transformer,6,-2,0.5358282327651978,-0.16964285714285715,0.125,-0.16964285714285715
transformer,6,-1,0.36160996556282043,0.013392857142857142,0.41964285714285715,0.013392857142857142
transformer,7,-5,0.6163512468338013,0.05357142857142857,-0.044642857142857206,-0.044642857142857206
transformer,7,-4,0.4768628776073456,-0.008928571428571428,0.14285714285714285,-0.008928571428571428
transformer,7,-3,0.7751874923706055,0.11160714285714286,0.16964285714285715,0.11160714285714286
transformer,7,-2,0.5405606031417847,-0.10267857142857142,-0.0357142857142857,-0.10267857142857142
transformer,7,-1,0.4215344786643982,-0.07589285714285714,-0.01785714285714285,-0.07589285714285714
transformer,8,-5,0.6756249666213989,0.013392857142857142,0.3214285714285714,0.013392857142857142
transformer,8,-4,0.5800254940986633,0.06696428571428571,-0.0267857142857143,-0.0267857142857143
transformer,8,-3,0.8070686459541321,0.12053571428571429,0.08928571428571425,0.08928571428571425
transformer,8,-2,0.5454273819923401,-0.15178571428571427,0.17857142857142855,-0.15178571428571427
transformer,8,-1,0.5515504479408264,0.03125,0.05357142857142855,0.03125
transformer,9,-5,0.6752964854240417,0.0,0.08928571428571425,0.0
transformer,9,-4,0.5669419169425964,0.07142857142857142,0.11607142857142855,0.07142857142857142
transformer,9,-3,0.8027364015579224,0.19642857142857142,0.026785714285714246,0.026785714285714246
transformer,9,-2,0.5684218406677246,-0.06696428571428571,0.0357142857142857,-0.06696428571428571
transformer,9,-1,0.5923239588737488,0.04017857142857143,-0.01785714285714285,-0.01785714285714285
transformer,10,-5,0.6306833624839783,0.03571428571428571,0.3839285714285714,0.03571428571428571
transformer,10,-4,0.5384010672569275,0.12053571428571429,-0.01785714285714285,-0.01785714285714285
transformer,10,-3,0.7507637143135071,0.10714285714285714,0.08035714285714285,0.08035714285714285
transformer,10,-2,0.9945313334465027,0.04017857142857143,-0.1071428571428572,-0.1071428571428572
transformer,10,-1,0.5352733731269836,0.022321428571428572,-0.0357142857142857,-0.0357142857142857
transformer,11,-5,0.6522819995880127,0.022321428571428572,-0.1696428571428572,-0.1696428571428572
transformer,11,-4,0.5378795266151428,0.004464285714285714,0.0,0.0
transformer,11,-3,0.786495566368103,0.15625,-0.5535714285714285,-0.5535714285714285
transformer,11,-2,0.9887405633926392,0.05357142857142857,-0.2232142857142857,-0.2232142857142857
transformer,11,-1,0.5358079671859741,-0.03125,-0.044642857142857206,-0.044642857142857206
transformer,12,-5,0.6173797845840454,0.03125,0.1964285714285714,0.03125
transformer,12,-4,0.530353844165802,-0.017857142857142856,-0.1071428571428572,-0.1071428571428572
transformer,12,-3,0.7386093735694885,0.08035714285714286,-0.1607142857142857,-0.1607142857142857
transformer,12,-2,0.8533273935317993,0.06696428571428571,-0.6250000000000001,-0.6250000000000001
transformer,12,-1,0.5010395050048828,0.04017857142857143,-0.2410714285714286,-0.2410714285714286
transformer,13,-5,0.6883601546287537,0.004464285714285714,0.1339285714285714,0.004464285714285714
transformer,13,-4,0.5451969504356384,-0.03571428571428571,0.21428571428571425,-0.03571428571428571
transformer,13,-3,0.7804146409034729,0.19642857142857142,-0.1339285714285714,-0.1339285714285714
transformer,13,-2,0.8551926016807556,0.017857142857142856,-0.1607142857142857,-0.1607142857142857
transformer,13,-1,0.5694318413734436,-0.004464285714285714,-0.1696428571428572,-0.1696428571428572
transformer,14,-5,0.6746097803115845,0.17857142857142858,0.10714285714285715,0.10714285714285715
transformer,14,-4,0.5315229296684265,0.0,0.0357142857142857,0.0
transformer,14,-3,0.7792615294456482,0.2544642857142857,-0.008928571428571452,-0.008928571428571452
transformer,14,-2,0.8158988356590271,0.07142857142857142,0.08035714285714285,0.07142857142857142
transformer,14,-1,0.5888866782188416,-0.026785714285714284,-0.1607142857142857,-0.1607142857142857
transformer,15,-5,0.7987160682678223,0.24553571428571427,-0.1071428571428572,-0.1071428571428572
transformer,15,-4,0.7490708827972412,-0.05357142857142857,-0.0625,-0.0625
transformer,15,-3,0.9285236597061157,0.2544642857142857,0.23214285714285712,0.23214285714285712
transformer,15,-2,0.8982221484184265,0.3125,0.17857142857142855,0.17857142857142855
transformer,15,-1,0.6009241938591003,-0.13839285714285715,-0.1785714285714286,-0.1785714285714286
transformer,16,-5,0.8321285843849182,0.29464285714285715,-0.4107142857142857,-0.4107142857142857
transformer,16,-4,0.8979040384292603,-0.17410714285714285,-0.1875,-0.1875
transformer,16,-3,0.9126062989234924,0.2857142857142857,0.08928571428571425,0.08928571428571425
transformer,16,-2,0.9083876609802246,0.0,-0.01785714285714285,-0.01785714285714285
transformer,16,-1,0.6732967495918274,-0.20089285714285715,-0.1071428571428572,-0.20089285714285715
transformer,17,-5,0.9108050465583801,0.06696428571428571,-0.1785714285714286,-0.1785714285714286
transformer,17,-4,1.0268726348876953,-0.026785714285714284,-0.0892857142857143,-0.0892857142857143
transformer,17,-3,0.9528467655181885,0.24553571428571427,-0.2232142857142857,-0.2232142857142857
transformer,17,-2,1.0060360431671143,0.13839285714285715,-0.4464285714285714,-0.4464285714285714
transformer,17,-1,0.7152086496353149,-0.11160714285714286,0.20535714285714285,-0.11160714285714286
transformer,18,-5,0.9071735143661499,0.0625,-0.0357142857142857,-0.0357142857142857
transformer,18,-4,1.0578452348709106,-0.21428571428571427,-0.1428571428571429,-0.21428571428571427
transformer,18,-3,0.9401123523712158,0.15178571428571427,0.20535714285714285,0.15178571428571427
transformer,18,-2,0.9963411688804626,0.004464285714285714,-0.01785714285714285,-0.01785714285714285
transformer,18,-1,0.7180477976799011,-0.26339285714285715,0.2946428571428571,-0.26339285714285715
transformer,19,-5,0.9234911799430847,0.12946428571428573,-0.0267857142857143,-0.0267857142857143
transformer,19,-4,1.214158296585083,-0.41964285714285715,-0.125,-0.41964285714285715
transformer,19,-3,0.9946390390396118,0.23214285714285715,0.08035714285714285,0.08035714285714285
transformer,19,-2,1.0074198246002197,-0.27232142857142855,-0.1696428571428572,-0.27232142857142855
transformer,19,-1,0.6768873333930969,-0.29017857142857145,0.2857142857142857,-0.29017857142857145
transformer,20,-5,0.9890788197517395,-0.04017857142857143,-0.5535714285714285,-0.5535714285714285
transformer,20,-4,1.2768547534942627,-0.16964285714285715,0.01785714285714285,-0.16964285714285715
transformer,20,-3,0.9842214584350586,0.22321428571428573,-0.01785714285714285,-0.01785714285714285
transformer,20,-2,1.0616670846939087,-0.26339285714285715,0.08035714285714285,-0.26339285714285715
transformer,20,-1,0.710803210735321,-0.06696428571428571,-0.0982142857142857,-0.0982142857142857
transformer,21,-5,1.0569512844085693,-0.07589285714285714,-0.1607142857142857,-0.1607142857142857
transformer,21,-4,1.4007655382156372,-0.09375,0.5714285714285714,-0.09375
transformer,21,-3,0.9851667881011963,0.09375,-0.2946428571428572,-0.2946428571428572
transformer,21,-2,1.327953815460205,-0.3392857142857143,-0.0714285714285714,-0.3392857142857143
transformer,21,-1,0.7717310786247253,-0.21428571428571427,0.08928571428571425,-0.21428571428571427
transformer,22,-5,1.2042877674102783,0.11607142857142858,-0.2857142857142857,-0.2857142857142857
transformer,22,-4,1.3163985013961792,-0.026785714285714284,0.0714285714285714,-0.026785714285714284
transformer,22,-3,1.0676575899124146,0.049107142857142856,-0.2321428571428572,-0.2321428571428572
transformer,22,-2,1.406982421875,-0.19196428571428573,-0.0535714285714286,-0.19196428571428573
transformer,22,-1,0.7880493998527527,0.05803571428571429,0.04464285714285715,0.04464285714285715
transformer,23,-5,1.2779185771942139,0.044642857142857144,-0.0982142857142857,-0.0982142857142857
transformer,23,-4,1.4709014892578125,-0.16964285714285715,-0.008928571428571452,-0.16964285714285715
transformer,23,-3,1.1147394180297852,0.08035714285714286,-0.0892857142857143,-0.0892857142857143
transformer,23,-2,1.7558233737945557,-0.008928571428571428,-0.0267857142857143,-0.0267857142857143
transformer,23,-1,0.9947887063026428,-0.017857142857142856,0.0714285714285714,-0.017857142857142856
transformer,24,-5,1.325654149055481,0.0625,-0.0267857142857143,-0.0267857142857143
transformer,24,-4,1.6515374183654785,0.03571428571428571,-0.1428571428571429,-0.1428571428571429
transformer,24,-3,1.1287165880203247,0.15625,-0.008928571428571452,-0.008928571428571452
transformer,24,-2,1.850782036781311,-0.08035714285714286,-0.044642857142857206,-0.08035714285714286
transformer,24,-1,1.710777997970581,0.15625,0.15178571428571425,0.15178571428571425
transformer,25,-5,1.3661502599716187,-0.03571428571428571,0.125,-0.03571428571428571
transformer,25,-4,1.5900673866271973,-0.013392857142857142,-0.1071428571428572,-0.1071428571428572
transformer,25,-3,1.1724025011062622,0.022321428571428572,-0.01785714285714285,-0.01785714285714285
transformer,25,-2,1.965239405632019,-0.09821428571428571,0.0,-0.09821428571428571
transformer,25,-1,1.8929181098937988,0.13392857142857142,0.0357142857142857,0.0357142857142857
transformer,26,-5,1.3487071990966797,0.04017857142857143,0.14285714285714285,0.04017857142857143
transformer,26,-4,1.6693328619003296,0.0,0.01785714285714285,0.0
transformer,26,-3,1.1900297403335571,0.044642857142857144,0.125,0.044642857142857144
transformer,26,-2,1.9354021549224854,-0.026785714285714284,0.0357142857142857,-0.026785714285714284
transformer,26,-1,2.313737154006958,0.19196428571428573,0.125,0.125
transformer,27,-5,1.4066739082336426,0.004464285714285714,0.21428571428571425,0.004464285714285714
transformer,27,-4,1.8018105030059814,0.049107142857142856,0.05357142857142855,0.049107142857142856
transformer,27,-3,1.264021396636963,0.004464285714285714,0.01785714285714285,0.004464285714285714
transformer,27,-2,2.2542028427124023,0.026785714285714284,-0.008928571428571452,-0.008928571428571452
transformer,27,-1,2.691570997238159,0.11160714285714286,0.026785714285714246,0.026785714285714246
transformer,28,-5,1.5151699781417847,0.026785714285714284,-0.008928571428571452,-0.008928571428571452
transformer,28,-4,1.911781668663025,0.06696428571428571,0.1607142857142857,0.06696428571428571
transformer,28,-3,1.3920930624008179,-0.004464285714285714,0.05357142857142855,-0.004464285714285714
transformer,28,-2,2.2782633304595947,-0.008928571428571428,0.008928571428571397,-0.008928571428571428
transformer,28,-1,2.7940189838409424,0.09821428571428571,-0.008928571428571452,-0.008928571428571452
transformer,29,-5,1.8628085851669312,-0.004464285714285714,0.008928571428571397,-0.004464285714285714
transformer,29,-4,1.95228910446167,0.049107142857142856,0.05357142857142855,0.049107142857142856
transformer,29,-3,1.530800223350525,-0.004464285714285714,0.05357142857142855,-0.004464285714285714
transformer,29,-2,2.506159543991089,0.013392857142857142,0.0357142857142857,0.013392857142857142
transformer,29,-1,3.0444414615631104,0.11160714285714286,-0.008928571428571452,-0.008928571428571452
transformer,30,-5,2.1031911373138428,0.022321428571428572,0.0982142857142857,0.022321428571428572
transformer,30,-4,2.1857523918151855,0.022321428571428572,0.0357142857142857,0.022321428571428572
transformer,30,-3,1.792484998703003,-0.004464285714285714,0.0,-0.004464285714285714
transformer,30,-2,2.8984622955322266,0.04017857142857143,0.0,0.0
transformer,30,-1,3.2999846935272217,0.05357142857142857,0.08928571428571425,0.05357142857142857
transformer,31,-5,2.246155023574829,0.008928571428571428,0.0982142857142857,0.008928571428571428
transformer,31,-4,2.3858611583709717,-0.008928571428571428,0.0,-0.008928571428571428
transformer,31,-3,2.128514528274536,0.008928571428571428,0.026785714285714246,0.008928571428571428
transformer,31,-2,3.282264232635498,-0.03125,0.04464285714285715,-0.03125
transformer,31,-1,3.546388626098633,0.07142857142857142,0.05357142857142855,0.05357142857142855
transformer,32,-5,2.564046859741211,-0.008928571428571428,0.125,-0.008928571428571428
transformer,32,-4,2.8678197860717773,0.008928571428571428,0.01785714285714285,0.008928571428571428
transformer,32,-3,2.4818613529205322,0.013392857142857142,0.026785714285714246,0.013392857142857142
transformer,32,-2,3.7800686359405518,-0.004464285714285714,0.008928571428571397,-0.004464285714285714
transformer,32,-1,3.955380439758301,0.03125,0.026785714285714246,0.026785714285714246
transformer,33,-5,3.118981122970581,-0.026785714285714284,0.17857142857142855,-0.026785714285714284
transformer,33,-4,3.141280174255371,0.017857142857142856,0.0625,0.017857142857142856
transformer,33,-3,2.788618564605713,-0.008928571428571428,-0.01785714285714285,-0.01785714285714285
transformer,33,-2,3.9151155948638916,0.004464285714285714,0.0714285714285714,0.004464285714285714
transformer,33,-1,4.243312835693359,0.008928571428571428,0.026785714285714246,0.008928571428571428
transformer,34,-5,3.7630534172058105,-0.017857142857142856,0.0357142857142857,-0.017857142857142856
transformer,34,-4,3.979093551635742,0.013392857142857142,0.05357142857142855,0.013392857142857142
transformer,34,-3,3.422844171524048,-0.004464285714285714,-0.0357142857142857,-0.0357142857142857
transformer,34,-2,5.179084300994873,-0.008928571428571428,0.08035714285714285,-0.008928571428571428
transformer,34,-1,4.89959716796875,-0.017857142857142856,0.0357142857142857,-0.017857142857142856
transformer,35,-5,4.972297668457031,-0.004464285714285714,0.026785714285714246,-0.004464285714285714
transformer,35,-4,5.005594730377197,-0.013392857142857142,0.0,-0.013392857142857142
transformer,35,-3,3.8270742893218994,0.013392857142857142,0.01785714285714285,0.013392857142857142
transformer,35,-2,6.940219879150391,0.026785714285714284,0.008928571428571397,0.008928571428571397
transformer,35,-1,5.343067169189453,-0.013392857142857142,-0.01785714285714285,-0.01785714285714285
unet,0,-5,0.06394140422344208,-0.05357142857142857,-0.08035714285714285,-0.08035714285714285
unet,0,-4,0.03623012825846672,-0.03125,-0.04464285714285715,-0.04464285714285715
unet,0,-3,0.06116310507059097,-0.08482142857142858,0.08928571428571427,-0.08482142857142858
unet,0,-2,0.046915825456380844,-0.08035714285714286,-0.0982142857142857,-0.0982142857142857
unet,0,-1,0.04202977567911148,-0.049107142857142856,-0.11607142857142855,-0.11607142857142855
unet,1,-5,0.11876589059829712,-0.11607142857142858,-0.0357142857142857,-0.11607142857142858
unet,1,-4,0.048988718539476395,-0.022321428571428572,-0.0357142857142857,-0.0357142857142857
unet,1,-3,0.11418063193559647,-0.0625,-0.0892857142857143,-0.0892857142857143
unet,1,-2,0.05788248032331467,-0.03125,-0.0267857142857143,-0.03125
unet,1,-1,0.05588574334979057,-0.03571428571428571,-0.0982142857142857,-0.0982142857142857
unet,2,-5,0.13412748277187347,0.07142857142857142,-0.0357142857142857,-0.0357142857142857
unet,2,-4,0.06977467983961105,-0.06696428571428571,0.14285714285714285,-0.06696428571428571
unet,2,-3,0.12605801224708557,-0.049107142857142856,-1.3839285714285714,-1.3839285714285714
unet,2,-2,0.10016702860593796,0.03571428571428571,0.08035714285714285,0.03571428571428571
unet,2,-1,0.07638105005025864,0.05357142857142857,-0.1517857142857143,-0.1517857142857143
unet,3,-5,0.4119724929332733,0.03125,0.053571428571428575,0.03125
unet,3,-4,0.08439058065414429,0.026785714285714284,0.11607142857142858,0.026785714285714284
unet,3,-3,0.27243199944496155,0.044642857142857144,0.48214285714285715,0.044642857142857144
unet,3,-2,0.2894769608974457,0.09821428571428571,-0.2142857142857143,-0.2142857142857143
unet,3,-1,0.09552686661481857,-0.017857142857142856,-0.01785714285714285,-0.017857142857142856
unet,4,-5,0.4368964731693268,-0.10267857142857142,-0.08035714285714285,-0.10267857142857142
unet,4,-4,0.1553211808204651,-0.08928571428571429,0.41964285714285715,-0.08928571428571429
unet,4,-3,0.3019644320011139,-0.04017857142857143,0.2142857142857143,-0.04017857142857143
unet,4,-2,0.33387210965156555,0.07142857142857142,-0.0892857142857143,-0.0892857142857143
unet,4,-1,0.16462953388690948,-0.049107142857142856,-0.4553571428571429,-0.4553571428571429
unet,5,-5,0.4794906675815582,-0.05357142857142857,0.3660714285714286,-0.05357142857142857
unet,5,-4,0.2729906737804413,0.013392857142857142,0.1875,0.013392857142857142
unet,5,-3,0.3729984760284424,-0.04017857142857143,0.23214285714285715,-0.04017857142857143
unet,5,-2,0.40789997577667236,-0.07142857142857142,-0.008928571428571452,-0.07142857142857142
unet,5,-1,0.24024635553359985,0.04017857142857143,-0.14285714285714285,-0.14285714285714285
unet,6,-5,0.50765460729599,-0.044642857142857144,0.375,-0.044642857142857144
unet,6,-4,0.3499673902988434,0.10714285714285714,-0.008928571428571452,-0.008928571428571452
unet,6,-3,0.49518561363220215,0.16517857142857142,0.5625,0.16517857142857142
unet,6,-2,0.4205639660358429,-0.11160714285714286,-0.08035714285714285,-0.11160714285714286
unet,6,-1,0.3053492605686188,-0.10267857142857142,0.17857142857142858,-0.10267857142857142
unet,7,-5,0.5460238456726074,0.004464285714285714,-0.0982142857142857,-0.0982142857142857
unet,7,-4,0.4447948932647705,-0.05803571428571429,0.25892857142857145,-0.05803571428571429
unet,7,-3,0.5986517071723938,-0.026785714285714284,0.0625,-0.026785714285714284
unet,7,-2,0.4361152946949005,-0.08035714285714286,-0.01785714285714285,-0.08035714285714286
unet,7,-1,0.35812637209892273,-0.05803571428571429,-0.125,-0.125
unet,8,-5,0.6031180620193481,0.008928571428571428,0.125,0.008928571428571428
unet,8,-4,0.5293958187103271,-0.022321428571428572,-0.01785714285714285,-0.022321428571428572
unet,8,-3,0.6312873959541321,0.10714285714285714,0.07142857142857142,0.07142857142857142
unet,8,-2,0.4448188245296478,-0.17410714285714285,0.13392857142857142,-0.17410714285714285
unet,8,-1,0.4741878807544708,-0.03571428571428571,0.13392857142857142,-0.03571428571428571
unet,9,-5,0.5924012064933777,0.04017857142857143,0.07142857142857142,0.04017857142857143
unet,9,-4,0.511875569820404,0.004464285714285714,0.035714285714285726,0.004464285714285714
unet,9,-3,0.6318691372871399,0.08928571428571429,0.09821428571428573,0.08928571428571429
unet,9,-2,0.47218501567840576,-0.049107142857142856,0.20535714285714285,-0.049107142857142856
unet,9,-1,0.4935356676578522,0.013392857142857142,0.14285714285714285,0.013392857142857142
unet,10,-5,0.546075701713562,0.10714285714285714,0.26785714285714285,0.10714285714285714
unet,10,-4,0.48831334710121155,0.09375,0.08035714285714285,0.08035714285714285
unet,10,-3,0.5931243896484375,0.12946428571428573,0.08035714285714285,0.08035714285714285
unet,10,-2,0.710327684879303,-0.013392857142857142,-0.20535714285714285,-0.20535714285714285
unet,10,-1,0.45688924193382263,-0.03571428571428571,-0.1875,-0.1875
unet,11,-5,0.5633417367935181,0.004464285714285714,-0.20535714285714285,-0.20535714285714285
unet,11,-4,0.49809858202934265,-0.008928571428571428,-0.1517857142857143,-0.1517857142857143
unet,11,-3,0.615835428237915,0.10714285714285714,-0.4553571428571429,-0.4553571428571429
unet,11,-2,0.7288187146186829,0.07589285714285714,-0.5446428571428571,-0.5446428571428571
unet,11,-1,0.46123069524765015,-0.05803571428571429,-0.2232142857142857,-0.2232142857142857
unet,12,-5,0.5439205765724182,-0.03125,-0.0625,-0.0625
unet,12,-4,0.4837006628513336,0.013392857142857142,-0.14285714285714285,-0.14285714285714285
unet,12,-3,0.5880329608917236,0.05803571428571429,-0.125,-0.125
unet,12,-2,0.6432337164878845,0.05357142857142857,-0.3839285714285714,-0.3839285714285714
unet,12,-1,0.4371492564678192,0.044642857142857144,-0.0892857142857143,-0.0892857142857143
unet,13,-5,0.5970345139503479,0.07589285714285714,-0.05357142857142855,-0.05357142857142855
unet,13,-4,0.4838801622390747,-0.022321428571428572,0.1517857142857143,-0.022321428571428572
unet,13,-3,0.632054328918457,0.10267857142857142,-0.0892857142857143,-0.0892857142857143
unet,13,-2,0.6589343547821045,0.08928571428571429,-0.1875,-0.1875
unet,13,-1,0.46472734212875366,0.044642857142857144,-0.10714285714285715,-0.10714285714285715
unet,14,-5,0.5935761332511902,0.12053571428571429,0.053571428571428575,0.053571428571428575
unet,14,-4,0.48538443446159363,-0.017857142857142856,0.14285714285714285,-0.017857142857142856
unet,14,-3,0.655177891254425,0.10714285714285714,-0.0267857142857143,-0.0267857142857143
unet,14,-2,0.6403891444206238,0.004464285714285714,0.026785714285714274,0.004464285714285714
unet,14,-1,0.4805813431739807,-0.03571428571428571,-0.14285714285714285,-0.14285714285714285
unet,15,-5,0.6756974458694458,0.20982142857142858,-0.10714285714285715,-0.10714285714285715
unet,15,-4,0.6945649981498718,0.017857142857142856,-0.10714285714285715,-0.10714285714285715
unet,15,-3,0.8027042746543884,0.06696428571428571,0.07142857142857142,0.06696428571428571
unet,15,-2,0.7177813053131104,0.27232142857142855,0.26785714285714285,0.26785714285714285
unet,15,-1,0.4961254596710205,-0.13392857142857142,-0.3928571428571429,-0.3928571428571429
unet,16,-5,0.7196590900421143,0.17410714285714285,-0.4553571428571429,-0.4553571428571429
unet,16,-4,0.8016349673271179,-0.13392857142857142,-0.4017857142857143,-0.4017857142857143
unet,16,-3,0.7901789546012878,0.21875,0.026785714285714274,0.026785714285714274
unet,16,-2,0.7358039617538452,0.08928571428571429,0.10714285714285715,0.08928571428571429
unet,16,-1,0.6041597127914429,-0.14285714285714285,-0.2678571428571429,-0.2678571428571429
unet,17,-5,0.7666990756988525,0.07589285714285714,-0.11607142857142855,-0.11607142857142855
unet,17,-4,0.883517324924469,0.008928571428571428,-0.20535714285714285,-0.20535714285714285
unet,17,-3,0.8499108552932739,0.25,-0.2142857142857143,-0.2142857142857143
unet,17,-2,0.8363927006721497,0.11160714285714286,-0.2946428571428571,-0.2946428571428571
unet,17,-1,0.6436300277709961,-0.10267857142857142,-0.11607142857142855,-0.11607142857142855
unet,18,-5,0.7839928269386292,0.03571428571428571,0.053571428571428575,0.03571428571428571
unet,18,-4,0.9162763953208923,-0.20089285714285715,-0.0892857142857143,-0.20089285714285715
unet,18,-3,0.8199238181114197,0.06696428571428571,0.008928571428571425,0.008928571428571425
unet,18,-2,0.8294520378112793,0.017857142857142856,-0.2857142857142857,-0.2857142857142857
unet,18,-1,0.6558237671852112,-0.29464285714285715,0.08035714285714285,-0.29464285714285715
unet,19,-5,0.8031764030456543,0.09375,0.04464285714285715,0.04464285714285715
unet,19,-4,1.0908957719802856,-0.30357142857142855,-0.1517857142857143,-0.30357142857142855
unet,19,-3,0.877018392086029,0.21875,0.125,0.125
unet,19,-2,0.86030513048172,-0.18303571428571427,-0.4375,-0.4375
unet,19,-1,0.6223191022872925,-0.3125,0.008928571428571425,-0.3125
unet,20,-5,0.8559085726737976,0.05803571428571429,-0.4196428571428571,-0.4196428571428571
unet,20,-4,1.206863284111023,-0.013392857142857142,-0.01785714285714285,-0.01785714285714285
unet,20,-3,0.8589763045310974,0.125,-0.0892857142857143,-0.0892857142857143
unet,20,-2,0.8669390082359314,-0.14285714285714285,0.07142857142857142,-0.14285714285714285
unet,20,-1,0.6860504150390625,-0.026785714285714284,-0.3125,-0.3125
unet,21,-5,0.8840461373329163,-0.03571428571428571,-0.3214285714285714,-0.3214285714285714
unet,21,-4,1.2694467306137085,-0.08482142857142858,0.1607142857142857,-0.08482142857142858
unet,21,-3,0.8578557968139648,-0.008928571428571428,-0.23214285714285715,-0.23214285714285715
unet,21,-2,1.1288729906082153,-0.29017857142857145,-0.08035714285714285,-0.29017857142857145
unet,21,-1,0.7145239114761353,-0.24107142857142858,-0.17857142857142855,-0.24107142857142858
unet,22,-5,0.9978093504905701,0.09375,-0.2589285714285714,-0.2589285714285714
unet,22,-4,1.206616997718811,0.049107142857142856,0.1607142857142857,0.049107142857142856
unet,22,-3,0.9130827784538269,-0.03125,0.01785714285714285,-0.03125
unet,22,-2,1.218632459640503,-0.06696428571428571,-0.0982142857142857,-0.0982142857142857
unet,22,-1,0.7141000032424927,0.03125,-0.07142857142857145,-0.07142857142857145
unet,23,-5,1.0765330791473389,-0.049107142857142856,-0.17857142857142855,-0.17857142857142855
unet,23,-4,1.3716684579849243,-0.13392857142857142,0.22321428571428573,-0.13392857142857142
unet,23,-3,0.9405673742294312,0.004464285714285714,-0.04464285714285715,-0.04464285714285715
unet,23,-2,1.5125652551651,0.06696428571428571,-0.0982142857142857,-0.0982142857142857
unet,23,-1,0.9306528568267822,-0.022321428571428572,-0.07142857142857145,-0.07142857142857145
unet,24,-5,1.137668490409851,0.03125,-0.008928571428571452,-0.008928571428571452
unet,24,-4,1.5537017583847046,-0.04017857142857143,-0.07142857142857145,-0.07142857142857145
unet,24,-3,0.9637120366096497,0.08035714285714286,-0.008928571428571452,-0.008928571428571452
unet,24,-2,1.53817617893219,-0.09375,-0.0357142857142857,-0.09375
unet,24,-1,1.7299250364303589,0.20535714285714285,-0.0267857142857143,-0.0267857142857143
unet,25,-5,1.1486396789550781,-0.05803571428571429,0.13392857142857142,-0.05803571428571429
unet,25,-4,1.5092720985412598,-0.08928571428571429,-0.01785714285714285,-0.08928571428571429
unet,25,-3,0.9804877638816833,-0.013392857142857142,0.035714285714285726,-0.013392857142857142
unet,25,-2,1.6218695640563965,-0.11160714285714286,-0.008928571428571452,-0.11160714285714286
unet,25,-1,1.9661765098571777,0.18303571428571427,-0.008928571428571452,-0.008928571428571452
unet,26,-5,1.139341115951538,0.026785714285714284,0.1875,0.026785714285714284
unet,26,-4,1.5945454835891724,0.013392857142857142,0.008928571428571425,0.008928571428571425
unet,26,-3,1.0237091779708862,0.03125,0.17857142857142858,0.03125
unet,26,-2,1.5859352350234985,-0.05357142857142857,0.035714285714285726,-0.05357142857142857
unet,26,-1,2.4013097286224365,0.12946428571428573,-0.008928571428571452,-0.008928571428571452
unet,27,-5,1.209273099899292,-0.017857142857142856,0.125,-0.017857142857142856
unet,27,-4,1.6558197736740112,0.03571428571428571,0.008928571428571425,0.008928571428571425
unet,27,-3,1.0718564987182617,0.004464285714285714,0.08928571428571427,0.004464285714285714
unet,27,-2,1.8724535703659058,0.03125,0.035714285714285726,0.03125
unet,27,-1,2.8950204849243164,0.11160714285714286,-0.05357142857142855,-0.05357142857142855
unet,28,-5,1.2538050413131714,0.013392857142857142,0.04464285714285715,0.013392857142857142
unet,28,-4,1.6734651327133179,0.05803571428571429,0.008928571428571425,0.008928571428571425
unet,28,-3,1.2049695253372192,0.03571428571428571,0.0625,0.03571428571428571
unet,28,-2,1.9923570156097412,-0.013392857142857142,-0.008928571428571452,-0.013392857142857142
unet,28,-1,3.0293307304382324,0.0625,-0.05357142857142855,-0.05357142857142855
unet,29,-5,1.577773928642273,-0.008928571428571428,0.026785714285714274,-0.008928571428571428
unet,29,-4,1.7451285123825073,0.044642857142857144,-0.008928571428571452,-0.008928571428571452
unet,29,-3,1.3083831071853638,0.049107142857142856,0.026785714285714274,0.026785714285714274
unet,29,-2,2.1108968257904053,0.05357142857142857,0.01785714285714285,0.01785714285714285
unet,29,-1,3.27150559425354,0.0625,0.026785714285714274,0.026785714285714274
unet,30,-5,1.7401949167251587,-0.013392857142857142,0.07142857142857142,-0.013392857142857142
unet,30,-4,1.8805688619613647,0.004464285714285714,0.053571428571428575,0.004464285714285714
unet,30,-3,1.517745018005371,0.013392857142857142,0.026785714285714274,0.013392857142857142
unet,30,-2,2.4899778366088867,0.013392857142857142,0.04464285714285715,0.013392857142857142
unet,30,-1,3.4784505367279053,0.07142857142857142,0.026785714285714274,0.026785714285714274
unet,31,-5,2.023794174194336,-0.026785714285714284,0.11607142857142858,-0.026785714285714284
unet,31,-4,2.0916123390197754,-0.013392857142857142,0.0,-0.013392857142857142
unet,31,-3,1.7671458721160889,-0.03125,0.053571428571428575,-0.03125
unet,31,-2,2.7920453548431396,0.004464285714285714,0.01785714285714285,0.004464285714285714
unet,31,-1,3.6955442428588867,0.03571428571428571,0.008928571428571425,0.008928571428571425
unet,32,-5,2.397620677947998,-0.004464285714285714,0.09821428571428573,-0.004464285714285714
unet,32,-4,2.5863394737243652,0.013392857142857142,0.026785714285714274,0.013392857142857142
unet,32,-3,2.0650479793548584,-0.008928571428571428,0.0,-0.008928571428571428
unet,32,-2,3.2843618392944336,-0.017857142857142856,-0.0357142857142857,-0.0357142857142857
unet,32,-1,4.115359783172607,0.004464285714285714,-0.0267857142857143,-0.0267857142857143
unet,33,-5,2.7228732109069824,-0.03571428571428571,0.0625,-0.03571428571428571
unet,33,-4,2.878445625305176,0.008928571428571428,0.008928571428571425,0.008928571428571425
unet,33,-3,2.372159957885742,0.0,0.04464285714285715,0.0
unet,33,-2,3.5457303524017334,0.017857142857142856,0.053571428571428575,0.017857142857142856
unet,33,-1,4.342027187347412,0.03125,-0.008928571428571452,-0.008928571428571452
unet,34,-5,3.1659469604492188,-0.004464285714285714,0.07142857142857142,-0.004464285714285714
unet,34,-4,3.603093147277832,0.013392857142857142,0.026785714285714274,0.013392857142857142
unet,34,-3,2.9451608657836914,-0.004464285714285714,0.026785714285714274,-0.004464285714285714
unet,34,-2,4.61787223815918,0.004464285714285714,0.13392857142857142,0.004464285714285714
unet,34,-1,5.036203861236572,-0.013392857142857142,-0.008928571428571452,-0.013392857142857142
unet,35,-5,4.061169147491455,0.022321428571428572,0.01785714285714285,0.01785714285714285
unet,35,-4,4.384180068969727,0.008928571428571428,0.008928571428571425,0.008928571428571425
unet,35,-3,3.280978202819824,0.008928571428571428,-0.0357142857142857,-0.0357142857142857
unet,35,-2,5.962280750274658,0.0,0.0,0.0
unet,35,-1,5.479282855987549,-0.017857142857142856,0.008928571428571425,-0.017857142857142856
xgboost,0,-5,0.10150275379419327,-0.0625,0.0625,-0.0625
xgboost,0,-4,0.03710124269127846,-0.044642857142857144,0.3303571428571429,-0.044642857142857144
xgboost,0,-3,0.07660884410142899,-0.022321428571428572,-0.0714285714285714,-0.0714285714285714
xgboost,0,-2,0.05822370946407318,-0.09375,-0.1160714285714286,-0.1160714285714286
xgboost,0,-1,0.05447942018508911,0.049107142857142856,-0.044642857142857095,-0.044642857142857095
xgboost,1,-5,0.17261165380477905,-0.13839285714285715,0.04464285714285715,-0.13839285714285715
xgboost,1,-4,0.05489081144332886,-0.03571428571428571,0.24107142857142858,-0.03571428571428571
xgboost,1,-3,0.1392950713634491,-0.14285714285714285,-0.01785714285714285,-0.14285714285714285
xgboost,1,-2,0.0680449828505516,-0.05803571428571429,0.0,-0.05803571428571429
xgboost,1,-1,0.06691653281450272,-0.06696428571428571,0.01785714285714285,-0.06696428571428571
xgboost,2,-5,0.19055235385894775,0.049107142857142856,-0.1339285714285714,-0.1339285714285714
xgboost,2,-4,0.07394014298915863,0.008928571428571428,0.0267857142857143,0.008928571428571428
xgboost,2,-3,0.14778068661689758,-0.05357142857142857,-1.1160714285714284,-1.1160714285714284
xgboost,2,-2,0.1089114397764206,-0.20089285714285715,0.04464285714285715,-0.20089285714285715
xgboost,2,-1,0.08955192565917969,-0.06696428571428571,0.008928571428571452,-0.06696428571428571
xgboost,3,-5,0.5355909466743469,0.18303571428571427,0.47321428571428575,0.18303571428571427
xgboost,3,-4,0.10236649215221405,0.017857142857142856,-0.0982142857142857,-0.0982142857142857
xgboost,3,-3,0.3278507590293884,0.044642857142857144,0.6428571428571429,0.044642857142857144
xgboost,3,-2,0.4030139744281769,0.34375,0.2142857142857143,0.2142857142857143
xgboost,3,-1,0.19135552644729614,0.0,-0.2678571428571428,-0.2678571428571428
xgboost,4,-5,0.5532774925231934,-0.013392857142857142,0.1875,-0.013392857142857142
xgboost,4,-4,0.19198712706565857,-0.03571428571428571,0.13392857142857145,-0.03571428571428571
xgboost,4,-3,0.4233420193195343,-0.10267857142857142,0.6607142857142857,-0.10267857142857142
xgboost,4,-2,0.4700133800506592,0.12946428571428573,-0.008928571428571397,-0.008928571428571397
xgboost,4,-1,0.26541802287101746,-0.08482142857142858,-0.1517857142857143,-0.1517857142857143
xgboost,5,-5,0.6275936961174011,-0.11160714285714286,0.44642857142857145,-0.11160714285714286
xgboost,5,-4,0.36373236775398254,0.15625,0.0892857142857143,0.0892857142857143
xgboost,5,-3,0.4811476171016693,-0.013392857142857142,0.1875,-0.013392857142857142
xgboost,5,-2,0.5859860181808472,-0.05803571428571429,-0.008928571428571397,-0.05803571428571429
xgboost,5,-1,0.3513728678226471,0.07589285714285714,0.10714285714285715,0.07589285714285714
xgboost,6,-5,0.6482495069503784,-0.13839285714285715,0.375,-0.13839285714285715
xgboost,6,-4,0.4515898525714874,0.14732142857142858,0.08035714285714285,0.08035714285714285
xgboost,6,-3,0.5744954943656921,0.05803571428571429,0.14285714285714285,0.05803571428571429
xgboost,6,-2,0.6031069755554199,-0.08482142857142858,-0.0357142857142857,-0.08482142857142858
xgboost,6,-1,0.4234071373939514,-0.013392857142857142,0.45535714285714285,-0.013392857142857142
xgboost,7,-5,0.7044123411178589,-0.026785714285714284,0.07142857142857145,-0.026785714285714284
xgboost,7,-4,0.5268160700798035,0.05357142857142857,0.16964285714285715,0.05357142857142857
xgboost,7,-3,0.8407987356185913,0.125,0.035714285714285754,0.035714285714285754
xgboost,7,-2,0.6103333830833435,0.013392857142857142,-0.0535714285714286,-0.0535714285714286
xgboost,7,-1,0.449531227350235,-0.05357142857142857,0.09821428571428575,-0.05357142857142857
xgboost,8,-5,0.7494498491287231,-0.044642857142857144,0.3660714285714286,-0.044642857142857144
xgboost,8,-4,0.5915433168411255,-0.05357142857142857,-0.0892857142857143,-0.0892857142857143
xgboost,8,-3,0.8748496770858765,0.12946428571428573,0.16964285714285715,0.12946428571428573
xgboost,8,-2,0.5945571064949036,0.008928571428571428,-0.2232142857142857,-0.2232142857142857
xgboost,8,-1,0.5748557448387146,-0.03125,-0.008928571428571397,-0.03125
xgboost,9,-5,0.743780255317688,0.06696428571428571,0.19642857142857145,0.06696428571428571
xgboost,9,-4,0.5706368684768677,0.026785714285714284,0.0,0.0
xgboost,9,-3,0.8655407428741455,0.19196428571428573,0.16071428571428575,0.16071428571428575
xgboost,9,-2,0.6134913563728333,0.013392857142857142,0.19642857142857145,0.013392857142857142
xgboost,9,-1,0.6022957563400269,0.022321428571428572,-0.044642857142857095,-0.044642857142857095
xgboost,10,-5,0.7098066210746765,0.16071428571428573,0.4375,0.16071428571428573
xgboost,10,-4,0.5527598857879639,0.08482142857142858,0.0892857142857143,0.08482142857142858
xgboost,10,-3,0.8167584538459778,0.16964285714285715,0.375,0.16964285714285715
xgboost,10,-2,1.0322636365890503,0.13392857142857142,0.035714285714285754,0.035714285714285754
xgboost,10,-1,0.5394942760467529,0.008928571428571428,-0.1428571428571428,-0.1428571428571428
xgboost,11,-5,0.7333844304084778,0.19642857142857142,0.1785714285714286,0.1785714285714286
xgboost,11,-4,0.5599476099014282,0.06696428571428571,-0.125,-0.125
xgboost,11,-3,0.8479079008102417,0.16071428571428573,-0.25,-0.25
xgboost,11,-2,1.0112991333007812,0.05803571428571429,0.1875,0.05803571428571429
xgboost,11,-1,0.5409144759178162,-0.017857142857142856,-0.1517857142857143,-0.1517857142857143
xgboost,12,-5,0.6853604912757874,0.08482142857142858,0.125,0.08482142857142858
xgboost,12,-4,0.5411306023597717,0.004464285714285714,0.035714285714285754,0.004464285714285714
xgboost,12,-3,0.8079571723937988,0.20535714285714285,-0.01785714285714285,-0.01785714285714285
xgboost,12,-2,0.878362774848938,-0.08035714285714286,-0.4375,-0.4375
xgboost,12,-1,0.49624955654144287,0.008928571428571428,-0.1428571428571428,-0.1428571428571428
xgboost,13,-5,0.7596420645713806,0.11607142857142858,-0.01785714285714285,-0.01785714285714285
xgboost,13,-4,0.5733922719955444,-0.044642857142857144,0.0625,-0.044642857142857144
xgboost,13,-3,0.8641720414161682,0.24553571428571427,-0.0982142857142857,-0.0982142857142857
xgboost,13,-2,0.9009268283843994,0.09375,-0.026785714285714246,-0.026785714285714246
xgboost,13,-1,0.564249575138092,0.04017857142857143,0.1160714285714286,0.04017857142857143
xgboost,14,-5,0.7500681281089783,0.22767857142857142,-0.0803571428571428,-0.0803571428571428
xgboost,14,-4,0.5694490671157837,-0.017857142857142856,0.1517857142857143,-0.017857142857142856
xgboost,14,-3,0.8656865358352661,0.16964285714285715,0.13392857142857145,0.13392857142857145
xgboost,14,-2,0.8687552213668823,0.06696428571428571,0.008928571428571452,0.008928571428571452
xgboost,14,-1,0.5931654572486877,-0.03571428571428571,-0.1785714285714286,-0.1785714285714286
xgboost,15,-5,0.8352387547492981,0.26339285714285715,-0.0535714285714286,-0.0535714285714286
xgboost,15,-4,0.7479182481765747,-0.10267857142857142,-0.1160714285714286,-0.1160714285714286
xgboost,15,-3,1.046924114227295,0.35714285714285715,0.24107142857142858,0.24107142857142858
xgboost,15,-2,0.9406261444091797,0.29464285714285715,0.41071428571428575,0.29464285714285715
xgboost,15,-1,0.6047546863555908,-0.18303571428571427,-0.1517857142857143,-0.18303571428571427
xgboost,16,-5,0.8407105207443237,0.41517857142857145,-0.044642857142857095,-0.044642857142857095
xgboost,16,-4,0.9702489972114563,-0.15625,-0.1339285714285714,-0.15625
xgboost,16,-3,1.0242178440093994,0.2767857142857143,0.19642857142857145,0.19642857142857145
xgboost,16,-2,0.9473875164985657,0.008928571428571428,0.008928571428571452,0.008928571428571428
xgboost,16,-1,0.6727998852729797,-0.23660714285714285,0.0625,-0.23660714285714285
xgboost,17,-5,0.9302636384963989,0.13392857142857142,0.125,0.125
xgboost,17,-4,1.0518289804458618,0.10714285714285714,0.14285714285714285,0.10714285714285714
xgboost,17,-3,1.0820519924163818,0.2767857142857143,-0.1160714285714286,-0.1160714285714286
xgboost,17,-2,1.0918720960617065,0.12053571428571429,-0.2678571428571428,-0.2678571428571428
xgboost,17,-1,0.711681604385376,-0.15178571428571427,0.2678571428571429,-0.15178571428571427
xgboost,18,-5,0.9425320625305176,0.17410714285714285,0.3392857142857143,0.17410714285714285
xgboost,18,-4,1.1122422218322754,-0.0625,0.01785714285714285,-0.0625
xgboost,18,-3,1.0606138706207275,0.125,0.1517857142857143,0.125
xgboost,18,-2,1.0893080234527588,0.017857142857142856,-0.2767857142857143,-0.2767857142857143
xgboost,18,-1,0.7186722159385681,-0.22321428571428573,0.125,-0.22321428571428573
xgboost,19,-5,0.9649072885513306,0.19642857142857142,0.24107142857142858,0.19642857142857142
xgboost,19,-4,1.2986690998077393,-0.26785714285714285,-0.1517857142857143,-0.26785714285714285
xgboost,19,-3,1.1390271186828613,0.19196428571428573,-0.1517857142857143,-0.1517857142857143
xgboost,19,-2,1.1194761991500854,-0.2767857142857143,-0.8303571428571429,-0.8303571428571429
xgboost,19,-1,0.6855481266975403,-0.29464285714285715,0.25,-0.29464285714285715
xgboost,20,-5,1.052616000175476,0.022321428571428572,-0.2410714285714286,-0.2410714285714286
xgboost,20,-4,1.361120581626892,-0.08928571428571429,-0.1875,-0.1875
xgboost,20,-3,1.1499364376068115,0.1875,0.008928571428571452,0.008928571428571452
xgboost,20,-2,1.1337248086929321,-0.17857142857142858,-0.0714285714285714,-0.17857142857142858
xgboost,20,-1,0.731253445148468,0.004464285714285714,-0.1607142857142857,-0.1607142857142857
xgboost,21,-5,1.1472104787826538,-0.05803571428571429,0.0,-0.05803571428571429
xgboost,21,-4,1.487027645111084,-0.008928571428571428,0.5,-0.008928571428571428
xgboost,21,-3,1.1546210050582886,0.026785714285714284,-0.1339285714285714,-0.1339285714285714
xgboost,21,-2,1.3784462213516235,-0.3169642857142857,0.0,-0.3169642857142857
xgboost,21,-1,0.815629780292511,-0.20535714285714285,-0.2142857142857143,-0.2142857142857143
xgboost,22,-5,1.2568743228912354,0.08035714285714286,-0.1071428571428571,-0.1071428571428571
xgboost,22,-4,1.4166505336761475,0.12053571428571429,0.19642857142857145,0.12053571428571429
xgboost,22,-3,1.2451127767562866,-0.0625,-0.3392857142857143,-0.3392857142857143
xgboost,22,-2,1.4579826593399048,-0.12946428571428573,-0.0982142857142857,-0.12946428571428573
xgboost,22,-1,0.828994631767273,0.10267857142857142,0.0892857142857143,0.0892857142857143
xgboost,23,-5,1.3435932397842407,-0.026785714285714284,0.0625,-0.026785714285714284
xgboost,23,-4,1.6107854843139648,-0.19642857142857142,0.1160714285714286,-0.19642857142857142
xgboost,23,-3,1.2799547910690308,0.0,-0.01785714285714285,-0.01785714285714285
xgboost,23,-2,1.7627849578857422,-0.09375,0.0267857142857143,-0.09375
xgboost,23,-1,1.0449086427688599,-0.05357142857142857,0.0267857142857143,-0.05357142857142857
xgboost,24,-5,1.44710373878479,0.0625,0.0267857142857143,0.0267857142857143
xgboost,24,-4,1.6777288913726807,0.06696428571428571,-0.008928571428571397,-0.008928571428571397
xgboost,24,-3,1.2922754287719727,0.11160714285714286,0.035714285714285754,0.035714285714285754
xgboost,24,-2,2.061154365539551,-0.022321428571428572,-0.026785714285714246,-0.026785714285714246
xgboost,24,-1,1.7397147417068481,0.28125,0.1875,0.1875
xgboost,25,-5,1.4479764699935913,-0.03571428571428571,0.14285714285714285,-0.03571428571428571
xgboost,25,-4,1.6366095542907715,0.0,-0.01785714285714285,-0.01785714285714285
xgboost,25,-3,1.304139494895935,0.05803571428571429,0.0267857142857143,0.0267857142857143
xgboost,25,-2,2.2085440158843994,-0.05803571428571429,0.07142857142857145,-0.05803571428571429
xgboost,25,-1,1.92294180393219,0.15178571428571427,0.13392857142857145,0.13392857142857145
xgboost,26,-5,1.4296534061431885,0.05357142857142857,0.2142857142857143,0.05357142857142857
xgboost,26,-4,1.7373954057693481,0.013392857142857142,-0.0357142857142857,-0.0357142857142857
xgboost,26,-3,1.3105839490890503,0.05803571428571429,0.16071428571428575,0.05803571428571429
xgboost,26,-2,2.131683111190796,-0.008928571428571428,0.04464285714285715,-0.008928571428571428
xgboost,26,-1,2.3197638988494873,0.16517857142857142,0.16071428571428575,0.16071428571428575
xgboost,27,-5,1.4556981325149536,0.0,0.19642857142857145,0.0
xgboost,27,-4,1.832977294921875,0.09375,0.09821428571428575,0.09375
xgboost,27,-3,1.3766076564788818,0.008928571428571428,0.0267857142857143,0.008928571428571428
xgboost,27,-2,2.3674094676971436,0.04017857142857143,0.04464285714285715,0.04017857142857143
xgboost,27,-1,2.8495378494262695,0.11160714285714286,0.01785714285714285,0.01785714285714285
xgboost,28,-5,1.5611631870269775,0.04017857142857143,0.01785714285714285,0.01785714285714285
xgboost,28,-4,1.8761802911758423,0.09821428571428571,0.16964285714285715,0.09821428571428571
xgboost,28,-3,1.5082720518112183,0.05803571428571429,0.0535714285714286,0.0535714285714286
xgboost,28,-2,2.405249834060669,0.004464285714285714,-0.01785714285714285,-0.01785714285714285
xgboost,28,-1,2.965181589126587,0.08035714285714286,0.008928571428571452,0.008928571428571452
xgboost,29,-5,1.9342660903930664,0.026785714285714284,-0.1339285714285714,-0.1339285714285714
xgboost,29,-4,1.948686122894287,0.044642857142857144,0.008928571428571452,0.008928571428571452
xgboost,29,-3,1.6908272504806519,0.044642857142857144,-0.026785714285714246,-0.026785714285714246
xgboost,29,-2,2.5737380981445312,0.026785714285714284,0.01785714285714285,0.01785714285714285
xgboost,29,-1,3.256824493408203,0.08482142857142858,0.008928571428571452,0.008928571428571452
xgboost,30,-5,2.228477954864502,0.04017857142857143,-0.01785714285714285,-0.01785714285714285
xgboost,30,-4,2.1645805835723877,0.017857142857142856,0.0,0.0
xgboost,30,-3,1.9345192909240723,0.026785714285714284,0.0625,0.026785714285714284
xgboost,30,-2,3.0236198902130127,0.004464285714285714,0.0625,0.004464285714285714
xgboost,30,-1,3.438446521759033,0.06696428571428571,0.01785714285714285,0.01785714285714285
xgboost,31,-5,2.5183498859405518,-0.04017857142857143,0.0803571343421936,-0.04017857142857143
xgboost,31,-4,2.3776044845581055,-0.008928571428571428,0.01785714285714285,-0.008928571428571428
xgboost,31,-3,2.2234058380126953,0.03571428571428571,0.09821428571428575,0.03571428571428571
xgboost,31,-2,3.2875590324401855,-0.05357142857142857,0.0625,-0.05357142857142857
xgboost,31,-1,3.696101665496826,0.049107142857142856,0.035714285714285754,0.035714285714285754
xgboost,32,-5,2.7791926860809326,-0.013392857142857142,0.1607142835855484,-0.013392857142857142
xgboost,32,-4,2.8404181003570557,-0.013392857142857142,-0.0982142857142857,-0.0982142857142857
xgboost,32,-3,2.6240813732147217,0.017857142857142856,0.08035714285714285,0.017857142857142856
xgboost,32,-2,3.794022560119629,-0.05803571428571429,-0.026785714285714246,-0.05803571428571429
xgboost,32,-1,4.230269432067871,0.013392857142857142,0.0535714285714286,0.013392857142857142
xgboost,33,-5,3.0839836597442627,-0.013392857142857142,0.23214285714285715,-0.013392857142857142
xgboost,33,-4,3.237236976623535,0.0,0.01785714285714285,0.0
xgboost,33,-3,2.8919827938079834,-0.004464285714285714,0.008928571428571452,-0.004464285714285714
xgboost,33,-2,4.245243072509766,-0.022321428571428572,0.04464285714285715,-0.022321428571428572
xgboost,33,-1,4.506527423858643,0.03571428571428571,0.0267857142857143,0.0267857142857143
xgboost,34,-5,3.6494903564453125,-0.008928571428571428,0.01785714285714285,-0.008928571428571428
xgboost,34,-4,4.113619327545166,0.022321428571428572,0.09821428571428575,0.022321428571428572
xgboost,34,-3,3.556281089782715,0.017857142857142856,0.008928571428571452,0.008928571428571452
xgboost,34,-2,5.651229381561279,-0.026785714285714284,0.04910714285714285,-0.026785714285714284
xgboost,34,-1,5.131992340087891,-0.017857142857142856,0.04464285714285715,-0.017857142857142856
xgboost,35,-5,4.777499198913574,0.008928571428571428,0.008928571428571452,0.008928571428571428
xgboost,35,-4,5.471425533294678,0.004464285714285714,0.008928571428571452,0.004464285714285714
xgboost,35,-3,3.9478540420532227,0.013392857142857142,0.0,0.0
xgboost,35,-2,7.448312759399414,-0.022321428571428572,0.0625,-0.022321428571428572
xgboost,35,-1,5.633378505706787,0.026785714285714284,-0.026785714285714246,-0.026785714285714246
