kind,seed,rank,source,ablation_reduction,aggregate_mean
random,0,1,anchorshift,-5.960464477539063e-08,-0.011718761175870895
random,0,1,driftgate,-0.0625,-0.011718761175870895
random,0,1,fluxpatch,0.03125,-0.011718761175870895
random,0,1,motifbridge,-2.9802322387695312e-08,-0.011718761175870895
random,0,1,phasenest,-0.03125,-0.011718761175870895
random,0,1,phasesar,0.0,-0.011718761175870895
random,0,1,quorumweave,0.0,-0.011718761175870895
random,0,1,shardbloom,-0.03125,-0.011718761175870895
random,0,2,anchorshift,-0.06250002980232239,-0.00390625
random,0,2,driftgate,1.4901161193847656e-08,-0.00390625
random,0,2,fluxpatch,0.03125,-0.00390625
random,0,2,motifbridge,0.06249997019767761,-0.00390625
random,0,2,phasenest,2.9802322387695312e-08,-0.00390625
random,0,2,phasesar,-0.031249985098838806,-0.00390625
random,0,2,quorumweave,-0.03125,-0.00390625
random,0,2,shardbloom,0.0,-0.00390625
random,0,3,anchorshift,-0.03125002980232239,-0.003906251862645149
random,0,3,driftgate,-0.03125,-0.003906251862645149
random,0,3,fluxpatch,0.03125,-0.003906251862645149
random,0,3,motifbridge,0.031249985098838806,-0.003906251862645149
random,0,3,phasenest,-0.03125,-0.003906251862645149
random,0,3,phasesar,0.0,-0.003906251862645149
random,0,3,quorumweave,0.0,-0.003906251862645149
random,0,3,shardbloom,2.9802322387695312e-08,-0.003906251862645149
random,0,4,anchorshift,-0.03125002980232239,-0.03124998416751623
random,0,4,driftgate,-0.1249999850988388,-0.03124998416751623
random,0,4,fluxpatch,-0.09374997019767761,-0.03124998416751623
random,0,4,motifbridge,0.0312500074505806,-0.03124998416751623
random,0,4,phasenest,0.031250014901161194,-0.03124998416751623
random,0,4,phasesar,5.960464477539063e-08,-0.03124998416751623
random,0,4,quorumweave,-0.0625,-0.03124998416751623
random,0,4,shardbloom,2.9802322387695312e-08,-0.03124998416751623
random,0,5,anchorshift,-0.03125002980232239,-0.011718746274709702
random,0,5,driftgate,-0.09375,-0.011718746274709702
random,0,5,fluxpatch,0.0,-0.011718746274709702
random,0,5,motifbridge,-2.9802322387695312e-08,-0.011718746274709702
random,0,5,phasenest,-0.031249985098838806,-0.011718746274709702
random,0,5,phasesar,4.470348358154297e-08,-0.011718746274709702
random,0,5,quorumweave,0.0,-0.011718746274709702
random,0,5,shardbloom,0.06250002980232239,-0.011718746274709702
random,0,6,anchorshift,-0.1250000298023224,-0.05078125186264515
random,0,6,driftgate,-0.125,-0.05078125186264515
random,0,6,fluxpatch,-0.03125,-0.05078125186264515
random,0,6,motifbridge,0.0,-0.05078125186264515
random,0,6,phasenest,-1.4901161193847656e-08,-0.05078125186264515
random,0,6,phasesar,-0.0625,-0.05078125186264515
random,0,6,quorumweave,-0.03125,-0.05078125186264515
random,0,6,shardbloom,-0.031249970197677612,-0.05078125186264515
random,0,7,anchorshift,0.0,-0.031250011175870895
random,0,7,driftgate,-0.1250000149011612,-0.031250011175870895
random,0,7,fluxpatch,-1.4901161193847656e-08,-0.031250011175870895
random,0,7,motifbridge,0.031249940395355225,-0.031250011175870895
random,0,7,phasenest,-0.0625,-0.031250011175870895
random,0,7,phasesar,-0.03125,-0.031250011175870895
random,0,7,quorumweave,-0.03125,-0.031250011175870895
random,0,7,shardbloom,-0.03125,-0.031250011175870895
random,0,8,anchorshift,-0.06250002980232239,-0.031249999068677425
random,0,8,driftgate,-0.0937500149011612,-0.031249999068677425
random,0,8,fluxpatch,-0.03125,-0.031249999068677425
random,0,8,motifbridge,0.03125,-0.031249999068677425
random,0,8,phasenest,-0.03125,-0.031249999068677425
random,0,8,phasesar,2.2351741790771484e-08,-0.031249999068677425
random,0,8,quorumweave,-0.03125,-0.031249999068677425
random,0,8,shardbloom,-0.031249970197677612,-0.031249999068677425
random,1,1,anchorshift,-0.031250059604644775,-0.00781250186264515
random,1,1,driftgate,-0.0937500149011612,-0.00781250186264515
random,1,1,fluxpatch,2.9802322387695312e-08,-0.00781250186264515
random,1,1,motifbridge,0.06249997019767761,-0.00781250186264515
random,1,1,phasenest,-0.03125,-0.00781250186264515
random,1,1,phasesar,-0.03125,-0.00781250186264515
random,1,1,quorumweave,0.0,-0.00781250186264515
random,1,1,shardbloom,0.06250005960464478,-0.00781250186264515
random,1,2,anchorshift,0.03125,-0.01171875
random,1,2,driftgate,-0.0625,-0.01171875
random,1,2,fluxpatch,-0.09375002980232239,-0.01171875
random,1,2,motifbridge,0.031249985098838806,-0.01171875
random,1,2,phasenest,-0.031250014901161194,-0.01171875
random,1,2,phasesar,2.9802322387695312e-08,-0.01171875
random,1,2,quorumweave,0.03125,-0.01171875
random,1,2,shardbloom,2.9802322387695312e-08,-0.01171875
random,1,3,anchorshift,-0.03125002980232239,-0.0156250037252903
random,1,3,driftgate,-0.0625,-0.0156250037252903
random,1,3,fluxpatch,0.03125,-0.0156250037252903
random,1,3,motifbridge,0.06249995529651642,-0.0156250037252903
random,1,3,phasenest,1.4901161193847656e-08,-0.0156250037252903
random,1,3,phasesar,-0.03125,-0.0156250037252903
random,1,3,quorumweave,-0.03125,-0.0156250037252903
random,1,3,shardbloom,-0.06249997019767761,-0.0156250037252903
random,1,4,anchorshift,0.0,-0.00781250186264515
random,1,4,driftgate,-0.031249985098838806,-0.00781250186264515
random,1,4,fluxpatch,0.0,-0.00781250186264515
random,1,4,motifbridge,0.031249970197677612,-0.00781250186264515
random,1,4,phasenest,0.03125,-0.00781250186264515
random,1,4,phasesar,-0.03125,-0.00781250186264515
random,1,4,quorumweave,0.03125,-0.00781250186264515
random,1,4,shardbloom,-0.09375,-0.00781250186264515
random,1,5,anchorshift,0.06249997019767761,-1.862645149230957e-09
random,1,5,driftgate,-0.062499985098838806,-1.862645149230957e-09
random,1,5,fluxpatch,0.031250014901161194,-1.862645149230957e-09
random,1,5,motifbridge,0.031249970197677612,-1.862645149230957e-09
random,1,5,phasenest,-0.031249985098838806,-1.862645149230957e-09
random,1,5,phasesar,0.03125,-1.862645149230957e-09
random,1,5,quorumweave,-0.03125,-1.862645149230957e-09
random,1,5,shardbloom,-0.03125,-1.862645149230957e-09
random,1,6,anchorshift,0.0,-0.0312500037252903
random,1,6,driftgate,-0.15625,-0.0312500037252903
random,1,6,fluxpatch,-0.03125,-0.0312500037252903
random,1,6,motifbridge,-2.9802322387695312e-08,-0.0312500037252903
random,1,6,phasenest,0.03125,-0.0312500037252903
random,1,6,phasesar,-0.03125,-0.0312500037252903
random,1,6,quorumweave,-0.0625,-0.0312500037252903
random,1,6,shardbloom,0.0,-0.0312500037252903
random,1,7,anchorshift,-0.03125002980232239,-0.03515625
random,1,7,driftgate,-0.09375,-0.03515625
random,1,7,fluxpatch,-0.031250014901161194,-0.03515625
random,1,7,motifbridge,-0.06250002980232239,-0.03515625
random,1,7,phasenest,-0.062499985098838806,-0.03515625
random,1,7,phasesar,0.0,-0.03515625
random,1,7,quorumweave,0.03125,-0.03515625
random,1,7,shardbloom,-0.031249940395355225,-0.03515625
random,1,8,anchorshift,-0.06250002980232239,-0.027343759313225746
random,1,8,driftgate,-0.0625000149011612,-0.027343759313225746
random,1,8,fluxpatch,0.03125,-0.027343759313225746
random,1,8,motifbridge,-0.03125004470348358,-0.027343759313225746
random,1,8,phasenest,0.0,-0.027343759313225746
random,1,8,phasesar,-1.4901161193847656e-08,-0.027343759313225746
random,1,8,quorumweave,-0.0625,-0.027343759313225746
random,1,8,shardbloom,-0.031249970197677612,-0.027343759313225746
random,2,1,anchorshift,-0.03125002980232239,0.011718743480741978
random,2,1,driftgate,-0.031249985098838806,0.011718743480741978
random,2,1,fluxpatch,0.0625,0.011718743480741978
random,2,1,motifbridge,0.03124995529651642,0.011718743480741978
random,2,1,phasenest,0.09374997764825821,0.011718743480741978
random,2,1,phasesar,0.03125,0.011718743480741978
random,2,1,quorumweave,-0.03125,0.011718743480741978
random,2,1,shardbloom,-0.031249970197677612,0.011718743480741978
random,2,2,anchorshift,-0.03125,-0.02343749813735485
random,2,2,driftgate,-0.09375,-0.02343749813735485
random,2,2,fluxpatch,-0.0625,-0.02343749813735485
random,2,2,motifbridge,0.031249970197677612,-0.02343749813735485
random,2,2,phasenest,-0.0937499850988388,-0.02343749813735485
random,2,2,phasesar,0.0625,-0.02343749813735485
random,2,2,quorumweave,0.0,-0.02343749813735485
random,2,2,shardbloom,2.9802322387695312e-08,-0.02343749813735485
random,2,3,anchorshift,-5.960464477539063e-08,-0.01562501396983862
random,2,3,driftgate,-0.1250000223517418,-0.01562501396983862
random,2,3,fluxpatch,0.03125,-0.01562501396983862
random,2,3,motifbridge,0.031249985098838806,-0.01562501396983862
random,2,3,phasenest,-2.9802322387695312e-08,-0.01562501396983862
random,2,3,phasesar,0.031249985098838806,-0.01562501396983862
random,2,3,quorumweave,-0.03125,-0.01562501396983862
random,2,3,shardbloom,-0.06249997019767761,-0.01562501396983862
random,2,4,anchorshift,-2.9802322387695312e-08,-0.039062511175870895
random,2,4,driftgate,-0.0625000149011612,-0.039062511175870895
random,2,4,fluxpatch,0.0,-0.039062511175870895
random,2,4,motifbridge,-0.03125002980232239,-0.039062511175870895
random,2,4,phasenest,-0.0625,-0.039062511175870895
random,2,4,phasesar,-1.4901161193847656e-08,-0.039062511175870895
random,2,4,quorumweave,-0.125,-0.039062511175870895
random,2,4,shardbloom,-0.03125,-0.039062511175870895
random,2,5,anchorshift,-0.06250002980232239,-0.007812506519258022
random,2,5,driftgate,-1.4901161193847656e-08,-0.007812506519258022
random,2,5,fluxpatch,-0.03125,-0.007812506519258022
random,2,5,motifbridge,0.03124995529651642,-0.007812506519258022
random,2,5,phasenest,7.450580596923828e-09,-0.007812506519258022
random,2,5,phasesar,-0.03125,-0.007812506519258022
random,2,5,quorumweave,-0.03125,-0.007812506519258022
random,2,5,shardbloom,0.06250002980232239,-0.007812506519258022
random,2,6,anchorshift,-0.03125008940696716,-0.011718759313225746
random,2,6,driftgate,-0.03125,-0.011718759313225746
random,2,6,fluxpatch,0.0,-0.011718759313225746
random,2,6,motifbridge,-0.031250014901161194,-0.011718759313225746
random,2,6,phasenest,0.03125,-0.011718759313225746
random,2,6,phasesar,0.03125,-0.011718759313225746
random,2,6,quorumweave,-0.03125,-0.011718759313225746
random,2,6,shardbloom,-0.031249970197677612,-0.011718759313225746
random,2,7,anchorshift,-0.031250059604644775,-0.035156259313225746
random,2,7,driftgate,-0.09375,-0.035156259313225746
random,2,7,fluxpatch,-0.03125,-0.035156259313225746
random,2,7,motifbridge,0.03124995529651642,-0.035156259313225746
random,2,7,phasenest,-0.0625,-0.035156259313225746
random,2,7,phasesar,-0.09375,-0.035156259313225746
random,2,7,quorumweave,0.0,-0.035156259313225746
random,2,7,shardbloom,2.9802322387695312e-08,-0.035156259313225746
random,2,8,anchorshift,-0.03125002980232239,-0.011718755587935448
random,2,8,driftgate,-0.031249985098838806,-0.011718755587935448
random,2,8,fluxpatch,-0.03125,-0.011718755587935448
random,2,8,motifbridge,-2.9802322387695312e-08,-0.011718755587935448
random,2,8,phasenest,-0.03125,-0.011718755587935448
random,2,8,phasesar,0.03125,-0.011718755587935448
random,2,8,quorumweave,-0.03125,-0.011718755587935448
random,2,8,shardbloom,0.03125,-0.011718755587935448
random,3,1,anchorshift,-2.9802322387695312e-08,-0.019531257450580597
random,3,1,driftgate,-0.0625,-0.019531257450580597
random,3,1,fluxpatch,0.0,-0.019531257450580597
random,3,1,motifbridge,-0.03125002980232239,-0.019531257450580597
random,3,1,phasenest,-2.9802322387695312e-08,-0.019531257450580597
random,3,1,phasesar,-0.0625,-0.019531257450580597
random,3,1,quorumweave,-0.03125,-0.019531257450580597
random,3,1,shardbloom,0.03125002980232239,-0.019531257450580597
random,3,2,anchorshift,0.0625,0.003906250931322575
random,3,2,driftgate,-0.062499985098838806,0.003906250931322575
random,3,2,fluxpatch,0.062499985098838806,0.003906250931322575
random,3,2,motifbridge,0.0,0.003906250931322575
random,3,2,phasenest,7.450580596923828e-09,0.003906250931322575
random,3,2,phasesar,0.0,0.003906250931322575
random,3,2,quorumweave,0.0,0.003906250931322575
random,3,2,shardbloom,-0.03125,0.003906250931322575
random,3,3,anchorshift,0.03125,0.0039062490686774254
random,3,3,driftgate,-0.031250014901161194,0.0039062490686774254
random,3,3,fluxpatch,0.03125,0.0039062490686774254
random,3,3,motifbridge,0.031249970197677612,0.0039062490686774254
random,3,3,phasenest,0.0,0.0039062490686774254
random,3,3,phasesar,0.0625000074505806,0.0039062490686774254
random,3,3,quorumweave,-0.0625,0.0039062490686774254
random,3,3,shardbloom,-0.031249970197677612,0.0039062490686774254
random,3,4,anchorshift,-2.9802322387695312e-08,0.011718747206032276
random,3,4,driftgate,-0.03124997764825821,0.011718747206032276
random,3,4,fluxpatch,0.0625,0.011718747206032276
random,3,4,motifbridge,0.031249985098838806,0.011718747206032276
random,3,4,phasenest,0.0,0.011718747206032276
random,3,4,phasesar,0.0,0.011718747206032276
random,3,4,quorumweave,0.0,0.011718747206032276
random,3,4,shardbloom,0.03125,0.011718747206032276
random,3,5,anchorshift,0.0,-0.003906255587935448
random,3,5,driftgate,-0.031250014901161194,-0.003906255587935448
random,3,5,fluxpatch,0.0,-0.003906255587935448
random,3,5,motifbridge,-4.470348358154297e-08,-0.003906255587935448
random,3,5,phasenest,0.0,-0.003906255587935448
random,3,5,phasesar,0.031249985098838806,-0.003906255587935448
random,3,5,quorumweave,0.0,-0.003906255587935448
random,3,5,shardbloom,-0.031249970197677612,-0.003906255587935448
random,3,6,anchorshift,-2.9802322387695312e-08,-3.725290298461914e-09
random,3,6,driftgate,-0.0625,-3.725290298461914e-09
random,3,6,fluxpatch,-0.031249985098838806,-3.725290298461914e-09
random,3,6,motifbridge,0.09374997019767761,-3.725290298461914e-09
random,3,6,phasenest,0.03124995529651642,-3.725290298461914e-09
random,3,6,phasesar,0.0,-3.725290298461914e-09
random,3,6,quorumweave,0.0,-3.725290298461914e-09
random,3,6,shardbloom,-0.031249940395355225,-3.725290298461914e-09
random,3,7,anchorshift,-0.03125002980232239,-0.011718753725290298
random,3,7,driftgate,-0.03125,-0.011718753725290298
random,3,7,fluxpatch,-0.0625,-0.011718753725290298
random,3,7,motifbridge,0.031249985098838806,-0.011718753725290298
random,3,7,phasenest,-0.03125,-0.011718753725290298
random,3,7,phasesar,-0.031250014901161194,-0.011718753725290298
random,3,7,quorumweave,0.03125,-0.011718753725290298
random,3,7,shardbloom,0.03125002980232239,-0.011718753725290298
random,3,8,anchorshift,-0.03125002980232239,-0.003906255587935448
random,3,8,driftgate,-0.0625,-0.003906255587935448
random,3,8,fluxpatch,-1.4901161193847656e-08,-0.003906255587935448
random,3,8,motifbridge,0.06249997019767761,-0.003906255587935448
random,3,8,phasenest,-0.03125,-0.003906255587935448
random,3,8,phasesar,0.03125,-0.003906255587935448
random,3,8,quorumweave,0.0,-0.003906255587935448
random,3,8,shardbloom,2.9802322387695312e-08,-0.003906255587935448
random,4,1,anchorshift,-0.03125002980232239,-0.003906252793967724
random,4,1,driftgate,-0.03125,-0.003906252793967724
random,4,1,fluxpatch,2.9802322387695312e-08,-0.003906252793967724
random,4,1,motifbridge,0.031249970197677612,-0.003906252793967724
random,4,1,phasenest,7.450580596923828e-09,-0.003906252793967724
random,4,1,phasesar,0.0625,-0.003906252793967724
random,4,1,quorumweave,0.0,-0.003906252793967724
random,4,1,shardbloom,-0.0625,-0.003906252793967724
random,4,2,anchorshift,-2.9802322387695312e-08,-0.003906256519258022
random,4,2,driftgate,-0.0625,-0.003906256519258022
random,4,2,fluxpatch,-1.4901161193847656e-08,-0.003906256519258022
random,4,2,motifbridge,-4.470348358154297e-08,-0.003906256519258022
random,4,2,phasenest,0.0312500074505806,-0.003906256519258022
random,4,2,phasesar,0.03125,-0.003906256519258022
random,4,2,quorumweave,-0.03125,-0.003906256519258022
random,4,2,shardbloom,2.9802322387695312e-08,-0.003906256519258022
random,4,3,anchorshift,0.06249997019767761,-0.019531244412064552
random,4,3,driftgate,-0.1562499925494194,-0.019531244412064552
random,4,3,fluxpatch,0.0,-0.019531244412064552
random,4,3,motifbridge,-1.4901161193847656e-08,-0.019531244412064552
random,4,3,phasenest,7.450580596923828e-09,-0.019531244412064552
random,4,3,phasesar,-0.031249985098838806,-0.019531244412064552
random,4,3,quorumweave,-0.0625,-0.019531244412064552
random,4,3,shardbloom,0.031250059604644775,-0.019531244412064552
random,4,4,anchorshift,-0.03125008940696716,-0.019531263038516045
random,4,4,driftgate,-0.0625000149011612,-0.019531263038516045
random,4,4,fluxpatch,-0.03125,-0.019531263038516045
random,4,4,motifbridge,-1.4901161193847656e-08,-0.019531263038516045
random,4,4,phasenest,0.03125,-0.019531263038516045
random,4,4,phasesar,-0.031250014901161194,-0.019531263038516045
random,4,4,quorumweave,0.0,-0.019531263038516045
random,4,4,shardbloom,-0.031249970197677612,-0.019531263038516045
random,4,5,anchorshift,0.0,-0.011718747206032276
random,4,5,driftgate,-0.03125,-0.011718747206032276
random,4,5,fluxpatch,0.0,-0.011718747206032276
random,4,5,motifbridge,-0.03125,-0.011718747206032276
random,4,5,phasenest,0.031249970197677612,-0.011718747206032276
random,4,5,phasesar,-0.03124997764825821,-0.011718747206032276
random,4,5,quorumweave,0.0,-0.011718747206032276
random,4,5,shardbloom,-0.031249970197677612,-0.011718747206032276
random,4,6,anchorshift,0.0,-0.011718743480741978
random,4,6,driftgate,-0.0625,-0.011718743480741978
random,4,6,fluxpatch,-0.03124995529651642,-0.011718743480741978
random,4,6,motifbridge,-0.03125002980232239,-0.011718743480741978
random,4,6,phasenest,-0.03125,-0.011718743480741978
random,4,6,phasesar,0.03125,-0.011718743480741978
random,4,6,quorumweave,0.0625,-0.011718743480741978
random,4,6,shardbloom,-0.031249962747097015,-0.011718743480741978
random,4,7,anchorshift,0.031249910593032837,0.015624985098838806
random,4,7,driftgate,-0.03125,0.015624985098838806
random,4,7,fluxpatch,0.0625,0.015624985098838806
random,4,7,motifbridge,-2.9802322387695312e-08,0.015624985098838806
random,4,7,phasenest,-2.9802322387695312e-08,0.015624985098838806
random,4,7,phasesar,0.03125,0.015624985098838806
random,4,7,quorumweave,0.0625,0.015624985098838806
random,4,7,shardbloom,-0.031249970197677612,0.015624985098838806
random,4,8,anchorshift,0.06249997019767761,0.007812493480741978
random,4,8,driftgate,-0.03125,0.007812493480741978
random,4,8,fluxpatch,0.0,0.007812493480741978
random,4,8,motifbridge,-5.21540641784668e-08,0.007812493480741978
random,4,8,phasenest,0.0,0.007812493480741978
random,4,8,phasesar,0.03125,0.007812493480741978
random,4,8,quorumweave,-0.03125,0.007812493480741978
random,4,8,shardbloom,0.03125002980232239,0.007812493480741978
random,5,1,anchorshift,0.062499940395355225,-0.019531261175870895
random,5,1,driftgate,-0.0625,-0.019531261175870895
random,5,1,fluxpatch,-0.0625000149011612,-0.019531261175870895
random,5,1,motifbridge,-0.0625000149011612,-0.019531261175870895
random,5,1,phasenest,0.031249985098838806,-0.019531261175870895
random,5,1,phasesar,-1.4901161193847656e-08,-0.019531261175870895
random,5,1,quorumweave,-0.0625,-0.019531261175870895
random,5,1,shardbloom,2.9802322387695312e-08,-0.019531261175870895
random,5,2,anchorshift,-0.0625,-0.011718746274709702
random,5,2,driftgate,-0.09375,-0.011718746274709702
random,5,2,fluxpatch,0.03125,-0.011718746274709702
random,5,2,motifbridge,-2.9802322387695312e-08,-0.011718746274709702
random,5,2,phasenest,0.0,-0.011718746274709702
random,5,2,phasesar,0.03125,-0.011718746274709702
random,5,2,quorumweave,0.03125,-0.011718746274709702
random,5,2,shardbloom,-0.031249940395355225,-0.011718746274709702
random,5,3,anchorshift,-5.960464477539063e-08,-0.02343750186264515
random,5,3,driftgate,-0.09375,-0.02343750186264515
random,5,3,fluxpatch,-0.03125,-0.02343750186264515
random,5,3,motifbridge,-0.031250014901161194,-0.02343750186264515
random,5,3,phasenest,-0.031249970197677612,-0.02343750186264515
random,5,3,phasesar,0.03125,-0.02343750186264515
random,5,3,quorumweave,-0.03125,-0.02343750186264515
random,5,3,shardbloom,2.9802322387695312e-08,-0.02343750186264515
random,5,4,anchorshift,0.031249940395355225,-0.027343755587935448
random,5,4,driftgate,-0.09375,-0.027343755587935448
random,5,4,fluxpatch,-0.03125,-0.027343755587935448
random,5,4,motifbridge,-1.4901161193847656e-08,-0.027343755587935448
random,5,4,phasenest,0.0,-0.027343755587935448
random,5,4,phasesar,-0.03125,-0.027343755587935448
random,5,4,quorumweave,-0.125,-0.027343755587935448
random,5,4,shardbloom,0.03125002980232239,-0.027343755587935448
random,5,5,anchorshift,-0.06250002980232239,-0.02734375186264515
random,5,5,driftgate,-0.1249999850988388,-0.02734375186264515
random,5,5,fluxpatch,-0.09375,-0.02734375186264515
random,5,5,motifbridge,0.0625,-0.02734375186264515
random,5,5,phasenest,0.031249970197677612,-0.02734375186264515
random,5,5,phasesar,-0.03125,-0.02734375186264515
random,5,5,quorumweave,0.0,-0.02734375186264515
random,5,5,shardbloom,2.9802322387695312e-08,-0.02734375186264515
random,5,6,anchorshift,-0.031250059604644775,-0.007812507450580597
random,5,6,driftgate,-0.0625,-0.007812507450580597
random,5,6,fluxpatch,0.0,-0.007812507450580597
random,5,6,motifbridge,0.031249985098838806,-0.007812507450580597
random,5,6,phasenest,-0.03125,-0.007812507450580597
random,5,6,phasesar,-1.4901161193847656e-08,-0.007812507450580597
random,5,6,quorumweave,-0.03125,-0.007812507450580597
random,5,6,shardbloom,0.06250002980232239,-0.007812507450580597
random,5,7,anchorshift,-0.06250002980232239,-0.03125000651925802
random,5,7,driftgate,-0.0937500074505806,-0.03125000651925802
random,5,7,fluxpatch,0.03125,-0.03125000651925802
random,5,7,motifbridge,-2.9802322387695312e-08,-0.03125000651925802
random,5,7,phasenest,-0.0625,-0.03125000651925802
random,5,7,phasesar,-0.0625000149011612,-0.03125000651925802
random,5,7,quorumweave,0.0,-0.03125000651925802
random,5,7,shardbloom,2.9802322387695312e-08,-0.03125000651925802
random,5,8,anchorshift,0.031249940395355225,0.003906235098838806
random,5,8,driftgate,-0.031250014901161194,0.003906235098838806
random,5,8,fluxpatch,0.03125,0.003906235098838806
random,5,8,motifbridge,-4.470348358154297e-08,0.003906235098838806
random,5,8,phasenest,0.0,0.003906235098838806
random,5,8,phasesar,-0.03125,0.003906235098838806
random,5,8,quorumweave,0.03125,0.003906235098838806
random,5,8,shardbloom,0.0,0.003906235098838806
random,6,1,anchorshift,0.0625,9.313225746154785e-10
random,6,1,driftgate,-0.0625,9.313225746154785e-10
random,6,1,fluxpatch,-0.0625,9.313225746154785e-10
random,6,1,motifbridge,-2.9802322387695312e-08,9.313225746154785e-10
random,6,1,phasenest,-0.0624999925494194,9.313225746154785e-10
random,6,1,phasesar,0.03125,9.313225746154785e-10
random,6,1,quorumweave,0.0625,9.313225746154785e-10
random,6,1,shardbloom,0.03125002980232239,9.313225746154785e-10
random,6,2,anchorshift,-0.031250059604644775,-0.003906259313225746
random,6,2,driftgate,-0.031250014901161194,-0.003906259313225746
random,6,2,fluxpatch,0.03125,-0.003906259313225746
random,6,2,motifbridge,-0.03125002980232239,-0.003906259313225746
random,6,2,phasenest,-0.0625,-0.003906259313225746
random,6,2,phasesar,0.0,-0.003906259313225746
random,6,2,quorumweave,0.03125,-0.003906259313225746
random,6,2,shardbloom,0.06250002980232239,-0.003906259313225746
random,6,3,anchorshift,-0.03125,-0.01953124813735485
random,6,3,driftgate,-0.0625,-0.01953124813735485
random,6,3,fluxpatch,-0.031249985098838806,-0.01953124813735485
random,6,3,motifbridge,0.031249970197677612,-0.01953124813735485
random,6,3,phasenest,0.03125002980232239,-0.01953124813735485
random,6,3,phasesar,0.03125,-0.01953124813735485
random,6,3,quorumweave,-0.0625,-0.01953124813735485
random,6,3,shardbloom,-0.0625,-0.01953124813735485
random,6,4,anchorshift,-0.06250002980232239,-0.015625004656612873
random,6,4,driftgate,-0.0625000074505806,-0.015625004656612873
random,6,4,fluxpatch,0.0,-0.015625004656612873
random,6,4,motifbridge,-0.06250002980232239,-0.015625004656612873
random,6,4,phasenest,0.03125,-0.015625004656612873
random,6,4,phasesar,0.03125,-0.015625004656612873
random,6,4,quorumweave,-0.03125,-0.015625004656612873
random,6,4,shardbloom,0.03125002980232239,-0.015625004656612873
random,6,5,anchorshift,-0.03125002980232239,0.0078124962747097015
random,6,5,driftgate,-0.03125,0.0078124962747097015
random,6,5,fluxpatch,0.0,0.0078124962747097015
random,6,5,motifbridge,-0.03125002980232239,0.0078124962747097015
random,6,5,phasenest,-0.0625,0.0078124962747097015
random,6,5,phasesar,0.09375,0.0078124962747097015
random,6,5,quorumweave,0.0625,0.0078124962747097015
random,6,5,shardbloom,0.06250002980232239,0.0078124962747097015
random,6,6,anchorshift,-0.03125,0.019531252793967724
random,6,6,driftgate,-0.031249992549419403,0.019531252793967724
random,6,6,fluxpatch,0.062499985098838806,0.019531252793967724
random,6,6,motifbridge,0.06249995529651642,0.019531252793967724
random,6,6,phasenest,0.03125002980232239,0.019531252793967724
random,6,6,phasesar,1.4901161193847656e-08,0.019531252793967724
random,6,6,quorumweave,0.0,0.019531252793967724
random,6,6,shardbloom,0.06250002980232239,0.019531252793967724
random,6,7,anchorshift,-0.03125,-0.01171874813735485
random,6,7,driftgate,-0.031249985098838806,-0.01171874813735485
random,6,7,fluxpatch,0.03125,-0.01171874813735485
random,6,7,motifbridge,-2.9802322387695312e-08,-0.01171874813735485
random,6,7,phasenest,2.9802322387695312e-08,-0.01171874813735485
random,6,7,phasesar,0.0,-0.01171874813735485
random,6,7,quorumweave,-0.03125,-0.01171874813735485
random,6,7,shardbloom,-0.03125,-0.01171874813735485
random,6,8,anchorshift,-0.03125,-0.007812498137354851
random,6,8,driftgate,-0.0625000074505806,-0.007812498137354851
random,6,8,fluxpatch,0.0625,-0.007812498137354851
random,6,8,motifbridge,0.0,-0.007812498137354851
random,6,8,phasenest,0.0,-0.007812498137354851
random,6,8,phasesar,-0.031250014901161194,-0.007812498137354851
random,6,8,quorumweave,0.0,-0.007812498137354851
random,6,8,shardbloom,3.725290298461914e-08,-0.007812498137354851
random,7,1,anchorshift,0.031249970197677612,0.01171875
random,7,1,driftgate,0.0,0.01171875
random,7,1,fluxpatch,0.0,0.01171875
random,7,1,motifbridge,0.031249970197677612,0.01171875
random,7,1,phasenest,-0.03125,0.01171875
random,7,1,phasesar,0.0625,0.01171875
random,7,1,quorumweave,0.0,0.01171875
random,7,1,shardbloom,5.960464477539063e-08,0.01171875
random,7,2,anchorshift,0.031249970197677612,0.023437492549419403
random,7,2,driftgate,-0.031250014901161194,0.023437492549419403
random,7,2,fluxpatch,0.03125,0.023437492549419403
random,7,2,motifbridge,-2.9802322387695312e-08,0.023437492549419403
random,7,2,phasenest,0.0,0.023437492549419403
random,7,2,phasesar,0.062499985098838806,0.023437492549419403
random,7,2,quorumweave,0.0625,0.023437492549419403
random,7,2,shardbloom,0.03125002980232239,0.023437492549419403
random,7,3,anchorshift,0.0,0.02343750186264515
random,7,3,driftgate,0.0,0.02343750186264515
random,7,3,fluxpatch,0.062499985098838806,0.02343750186264515
random,7,3,motifbridge,-2.9802322387695312e-08,0.02343750186264515
random,7,3,phasenest,0.0,0.02343750186264515
random,7,3,phasesar,0.0625,0.02343750186264515
random,7,3,quorumweave,0.03125,0.02343750186264515
random,7,3,shardbloom,0.031250059604644775,0.02343750186264515
random,7,4,anchorshift,0.062499940395355225,0.007812494412064552
random,7,4,driftgate,-0.031249985098838806,0.007812494412064552
random,7,4,fluxpatch,1.4901161193847656e-08,0.007812494412064552
random,7,4,motifbridge,-0.03125004470348358,0.007812494412064552
random,7,4,phasenest,0.0,0.007812494412064552
random,7,4,phasesar,0.0,0.007812494412064552
random,7,4,quorumweave,0.03125,0.007812494412064552
random,7,4,shardbloom,0.03125002980232239,0.007812494412064552
random,7,5,anchorshift,-2.9802322387695312e-08,-0.007812500931322575
random,7,5,driftgate,-0.0625000074505806,-0.007812500931322575
random,7,5,fluxpatch,-0.0625,-0.007812500931322575
random,7,5,motifbridge,0.062499985098838806,-0.007812500931322575
random,7,5,phasenest,-0.03125,-0.007812500931322575
random,7,5,phasesar,-0.062499985098838806,-0.007812500931322575
random,7,5,quorumweave,0.0625,-0.007812500931322575
random,7,5,shardbloom,0.03125002980232239,-0.007812500931322575
random,7,6,anchorshift,0.031249970197677612,0.003906240686774254
random,7,6,driftgate,0.031250014901161194,0.003906240686774254
random,7,6,fluxpatch,0.03125,0.003906240686774254
random,7,6,motifbridge,-5.960464477539063e-08,0.003906240686774254
random,7,6,phasenest,-0.0625,0.003906240686774254
random,7,6,phasesar,0.09375,0.003906240686774254
random,7,6,quorumweave,-0.03125,0.003906240686774254
random,7,6,shardbloom,-0.0625,0.003906240686774254
random,7,7,anchorshift,-2.9802322387695312e-08,-0.019531261175870895
random,7,7,driftgate,-0.06250002235174179,-0.019531261175870895
random,7,7,fluxpatch,0.0,-0.019531261175870895
random,7,7,motifbridge,-3.725290298461914e-08,-0.019531261175870895
random,7,7,phasenest,-0.0937500149011612,-0.019531261175870895
random,7,7,phasesar,0.062499985098838806,-0.019531261175870895
random,7,7,quorumweave,-0.03125,-0.019531261175870895
random,7,7,shardbloom,-0.031249970197677612,-0.019531261175870895
random,7,8,anchorshift,-0.06250002980232239,-0.023437507450580597
random,7,8,driftgate,-0.0625000149011612,-0.023437507450580597
random,7,8,fluxpatch,-0.03125,-0.023437507450580597
random,7,8,motifbridge,0.031249970197677612,-0.023437507450580597
random,7,8,phasenest,0.03125,-0.023437507450580597
random,7,8,phasesar,-0.031250014901161194,-0.023437507450580597
random,7,8,quorumweave,-0.0625,-0.023437507450580597
random,7,8,shardbloom,2.9802322387695312e-08,-0.023437507450580597
random,8,1,anchorshift,-0.031250059604644775,-0.007812507450580597
random,8,1,driftgate,-0.03125,-0.007812507450580597
random,8,1,fluxpatch,1.4901161193847656e-08,-0.007812507450580597
random,8,1,motifbridge,-4.470348358154297e-08,-0.007812507450580597
random,8,1,phasenest,0.0,-0.007812507450580597
random,8,1,phasesar,0.0,-0.007812507450580597
random,8,1,quorumweave,0.03125,-0.007812507450580597
random,8,1,shardbloom,-0.031249970197677612,-0.007812507450580597
random,8,2,anchorshift,-0.06250005960464478,-5.587935447692871e-09
random,8,2,driftgate,0.03125,-5.587935447692871e-09
random,8,2,fluxpatch,0.03125,-5.587935447692871e-09
random,8,2,motifbridge,-2.9802322387695312e-08,-5.587935447692871e-09
random,8,2,phasenest,0.0,-5.587935447692871e-09
random,8,2,phasesar,1.4901161193847656e-08,-5.587935447692871e-09
random,8,2,quorumweave,-0.03125,-5.587935447692871e-09
random,8,2,shardbloom,0.03125002980232239,-5.587935447692871e-09
random,8,3,anchorshift,-0.06250005960464478,-0.007812507450580597
random,8,3,driftgate,-0.09375,-0.007812507450580597
random,8,3,fluxpatch,0.03125,-0.007812507450580597
random,8,3,motifbridge,0.031249970197677612,-0.007812507450580597
random,8,3,phasenest,0.0,-0.007812507450580597
random,8,3,phasesar,0.03125,-0.007812507450580597
random,8,3,quorumweave,0.0625,-0.007812507450580597
random,8,3,shardbloom,-0.06249997019767761,-0.007812507450580597
random,8,4,anchorshift,-0.031250059604644775,-9.313225746154785e-10
random,8,4,driftgate,-0.0625,-9.313225746154785e-10
random,8,4,fluxpatch,0.0,-9.313225746154785e-10
random,8,4,motifbridge,0.062499985098838806,-9.313225746154785e-10
random,8,4,phasenest,-0.031249992549419403,-9.313225746154785e-10
random,8,4,phasesar,0.03125,-9.313225746154785e-10
random,8,4,quorumweave,0.0625,-9.313225746154785e-10
random,8,4,shardbloom,-0.031249940395355225,-9.313225746154785e-10
random,8,5,anchorshift,-2.9802322387695312e-08,-0.01953124813735485
random,8,5,driftgate,-0.0625,-0.01953124813735485
random,8,5,fluxpatch,-0.031249985098838806,-0.01953124813735485
random,8,5,motifbridge,-0.03125002980232239,-0.01953124813735485
random,8,5,phasenest,-0.031249970197677612,-0.01953124813735485
random,8,5,phasesar,0.03125,-0.01953124813735485
random,8,5,quorumweave,0.0,-0.01953124813735485
random,8,5,shardbloom,-0.031249970197677612,-0.01953124813735485
random,8,6,anchorshift,-2.9802322387695312e-08,0.015624996274709702
random,8,6,driftgate,-0.031249985098838806,0.015624996274709702
random,8,6,fluxpatch,0.031249985098838806,0.015624996274709702
random,8,6,motifbridge,-3.725290298461914e-08,0.015624996274709702
random,8,6,phasenest,-0.031249992549419403,0.015624996274709702
random,8,6,phasesar,0.0,0.015624996274709702
random,8,6,quorumweave,0.03125,0.015624996274709702
random,8,6,shardbloom,0.1250000298023224,0.015624996274709702
random,8,7,anchorshift,-0.03125008940696716,-0.011718757450580597
random,8,7,driftgate,-0.0937499850988388,-0.011718757450580597
random,8,7,fluxpatch,0.0,-0.011718757450580597
random,8,7,motifbridge,-4.470348358154297e-08,-0.011718757450580597
random,8,7,phasenest,-0.0937499850988388,-0.011718757450580597
random,8,7,phasesar,0.1249999850988388,-0.011718757450580597
random,8,7,quorumweave,0.0,-0.011718757450580597
random,8,7,shardbloom,5.960464477539063e-08,-0.011718757450580597
random,8,8,anchorshift,-2.9802322387695312e-08,0.0156250037252903
random,8,8,driftgate,-0.09375,0.0156250037252903
random,8,8,fluxpatch,0.0,0.0156250037252903
random,8,8,motifbridge,0.0625,0.0156250037252903
random,8,8,phasenest,0.03125002980232239,0.0156250037252903
random,8,8,phasesar,0.03125,0.0156250037252903
random,8,8,quorumweave,0.03125,0.0156250037252903
random,8,8,shardbloom,0.06250002980232239,0.0156250037252903
random,9,1,anchorshift,-0.06250002980232239,-0.0273437462747097
random,9,1,driftgate,-0.03125,-0.0273437462747097
random,9,1,fluxpatch,0.031250014901161194,-0.0273437462747097
random,9,1,motifbridge,-1.4901161193847656e-08,-0.0273437462747097
random,9,1,phasenest,-0.06249997019767761,-0.0273437462747097
random,9,1,phasesar,0.0,-0.0273437462747097
random,9,1,quorumweave,-0.0625,-0.0273437462747097
random,9,1,shardbloom,-0.031249970197677612,-0.0273437462747097
random,9,2,anchorshift,-0.03125002980232239,-0.019531255587935448
random,9,2,driftgate,-0.0624999925494194,-0.019531255587935448
random,9,2,fluxpatch,0.0,-0.019531255587935448
random,9,2,motifbridge,0.031249970197677612,-0.019531255587935448
random,9,2,phasenest,-0.0625000074505806,-0.019531255587935448
random,9,2,phasesar,-1.4901161193847656e-08,-0.019531255587935448
random,9,2,quorumweave,0.0,-0.019531255587935448
random,9,2,shardbloom,-0.031249970197677612,-0.019531255587935448
random,9,3,anchorshift,0.03125,-0.003906255587935448
random,9,3,driftgate,-0.0625,-0.003906255587935448
random,9,3,fluxpatch,-0.0625,-0.003906255587935448
random,9,3,motifbridge,0.03124995529651642,-0.003906255587935448
random,9,3,phasenest,0.0625,-0.003906255587935448
random,9,3,phasesar,0.03125,-0.003906255587935448
random,9,3,quorumweave,-0.03125,-0.003906255587935448
random,9,3,shardbloom,-0.03125,-0.003906255587935448
random,9,4,anchorshift,-0.03125002980232239,-0.0546875037252903
random,9,4,driftgate,-0.03125,-0.0546875037252903
random,9,4,fluxpatch,-0.06249997019767761,-0.0546875037252903
random,9,4,motifbridge,-0.03125002980232239,-0.0546875037252903
random,9,4,phasenest,-0.09375,-0.0546875037252903
random,9,4,phasesar,-0.03125,-0.0546875037252903
random,9,4,quorumweave,-0.0625,-0.0546875037252903
random,9,4,shardbloom,-0.09375,-0.0546875037252903
random,9,5,anchorshift,-2.9802322387695312e-08,-0.03515624813735485
random,9,5,driftgate,-0.125,-0.03515624813735485
random,9,5,fluxpatch,-0.03125,-0.03515624813735485
random,9,5,motifbridge,-0.03125002980232239,-0.03515624813735485
random,9,5,phasenest,0.0,-0.03515624813735485
random,9,5,phasesar,1.4901161193847656e-08,-0.03515624813735485
random,9,5,quorumweave,-0.09375,-0.03515624813735485
random,9,5,shardbloom,5.960464477539063e-08,-0.03515624813735485
random,9,6,anchorshift,-0.09375002980232239,-0.023437507450580597
random,9,6,driftgate,-0.062499985098838806,-0.023437507450580597
random,9,6,fluxpatch,-0.06250004470348358,-0.023437507450580597
random,9,6,motifbridge,-2.9802322387695312e-08,-0.023437507450580597
random,9,6,phasenest,0.031250014901161194,-0.023437507450580597
random,9,6,phasesar,-0.0625000149011612,-0.023437507450580597
random,9,6,quorumweave,0.0,-0.023437507450580597
random,9,6,shardbloom,0.06250002980232239,-0.023437507450580597
random,9,7,anchorshift,-2.9802322387695312e-08,-0.0273437462747097
random,9,7,driftgate,-0.031249985098838806,-0.0273437462747097
random,9,7,fluxpatch,-0.06249997019767761,-0.0273437462747097
random,9,7,motifbridge,-0.0625000149011612,-0.0273437462747097
random,9,7,phasenest,-0.0625,-0.0273437462747097
random,9,7,phasesar,0.0,-0.0273437462747097
random,9,7,quorumweave,-0.03125,-0.0273437462747097
random,9,7,shardbloom,0.03125002980232239,-0.0273437462747097
random,9,8,anchorshift,0.031249970197677612,-5.587935447692871e-09
random,9,8,driftgate,-0.031249985098838806,-5.587935447692871e-09
random,9,8,fluxpatch,-0.03125,-5.587935447692871e-09
random,9,8,motifbridge,0.09374995529651642,-5.587935447692871e-09
random,9,8,phasenest,-0.03125,-5.587935447692871e-09
random,9,8,phasesar,-0.031250014901161194,-5.587935447692871e-09
random,9,8,quorumweave,-0.03125,-5.587935447692871e-09
random,9,8,shardbloom,0.03125002980232239,-5.587935447692871e-09
random,10,1,anchorshift,-0.03125002980232239,-0.011718752793967724
random,10,1,driftgate,-0.125,-0.011718752793967724
random,10,1,fluxpatch,-0.0625,-0.011718752793967724
random,10,1,motifbridge,0.09374994039535522,-0.011718752793967724
random,10,1,phasenest,-0.031249970197677612,-0.011718752793967724
random,10,1,phasesar,7.450580596923828e-09,-0.011718752793967724
random,10,1,quorumweave,0.03125,-0.011718752793967724
random,10,1,shardbloom,0.03125002980232239,-0.011718752793967724
random,10,2,anchorshift,0.031249970197677612,0.007812499068677425
random,10,2,driftgate,-0.0625,0.007812499068677425
random,10,2,fluxpatch,0.0,0.007812499068677425
random,10,2,motifbridge,-2.9802322387695312e-08,0.007812499068677425
random,10,2,phasenest,7.450580596923828e-09,0.007812499068677425
random,10,2,phasesar,0.031250014901161194,0.007812499068677425
random,10,2,quorumweave,0.0625,0.007812499068677425
random,10,2,shardbloom,2.9802322387695312e-08,0.007812499068677425
random,10,3,anchorshift,0.031249940395355225,-1.30385160446167e-08
random,10,3,driftgate,-0.0937499850988388,-1.30385160446167e-08
random,10,3,fluxpatch,0.0,-1.30385160446167e-08
random,10,3,motifbridge,0.06249997019767761,-1.30385160446167e-08
random,10,3,phasenest,0.031249970197677612,-1.30385160446167e-08
random,10,3,phasesar,-0.0625,-1.30385160446167e-08
random,10,3,quorumweave,-0.03125,-1.30385160446167e-08
random,10,3,shardbloom,0.0625,-1.30385160446167e-08
random,10,4,anchorshift,-5.960464477539063e-08,-0.003906257450580597
random,10,4,driftgate,-0.09375,-0.003906257450580597
random,10,4,fluxpatch,-0.03125,-0.003906257450580597
random,10,4,motifbridge,0.0937499850988388,-0.003906257450580597
random,10,4,phasenest,0.0,-0.003906257450580597
random,10,4,phasesar,-1.4901161193847656e-08,-0.003906257450580597
random,10,4,quorumweave,-0.03125,-0.003906257450580597
random,10,4,shardbloom,0.03125002980232239,-0.003906257450580597
random,10,5,anchorshift,0.031249970197677612,0.007812492549419403
random,10,5,driftgate,-0.03125,0.007812492549419403
random,10,5,fluxpatch,0.0,0.007812492549419403
random,10,5,motifbridge,0.062499985098838806,0.007812492549419403
random,10,5,phasenest,-0.03125,0.007812492549419403
random,10,5,phasesar,-0.031250014901161194,0.007812492549419403
random,10,5,quorumweave,0.0,0.007812492549419403
random,10,5,shardbloom,0.0625,0.007812492549419403
random,10,6,anchorshift,0.031249970197677612,-0.01171875186264515
random,10,6,driftgate,-0.0625000149011612,-0.01171875186264515
random,10,6,fluxpatch,-0.03125,-0.01171875186264515
random,10,6,motifbridge,-2.9802322387695312e-08,-0.01171875186264515
random,10,6,phasenest,-0.031249970197677612,-0.01171875186264515
random,10,6,phasesar,0.0,-0.01171875186264515
random,10,6,quorumweave,0.0,-0.01171875186264515
random,10,6,shardbloom,2.9802322387695312e-08,-0.01171875186264515
random,10,7,anchorshift,-5.960464477539063e-08,0.027343735098838806
random,10,7,driftgate,-1.4901161193847656e-08,0.027343735098838806
random,10,7,fluxpatch,1.4901161193847656e-08,0.027343735098838806
random,10,7,motifbridge,-5.960464477539063e-08,0.027343735098838806
random,10,7,phasenest,0.06249997019767761,0.027343735098838806
random,10,7,phasesar,0.03125,0.027343735098838806
random,10,7,quorumweave,0.03125,0.027343735098838806
random,10,7,shardbloom,0.09375002980232239,0.027343735098838806
random,10,8,anchorshift,-2.9802322387695312e-08,-7.450580596923828e-09
random,10,8,driftgate,0.0,-7.450580596923828e-09
random,10,8,fluxpatch,0.0,-7.450580596923828e-09
random,10,8,motifbridge,-4.470348358154297e-08,-7.450580596923828e-09
random,10,8,phasenest,-0.031249985098838806,-7.450580596923828e-09
random,10,8,phasesar,0.0,-7.450580596923828e-09
random,10,8,quorumweave,0.03125,-7.450580596923828e-09
random,10,8,shardbloom,0.0,-7.450580596923828e-09
random,11,1,anchorshift,-0.09375002980232239,-0.03515625186264515
random,11,1,driftgate,-0.03125,-0.03515625186264515
random,11,1,fluxpatch,-0.031249985098838806,-0.03515625186264515
random,11,1,motifbridge,-1.4901161193847656e-08,-0.03515625186264515
random,11,1,phasenest,-0.0625000149011612,-0.03515625186264515
random,11,1,phasesar,0.0,-0.03515625186264515
random,11,1,quorumweave,0.0,-0.03515625186264515
random,11,1,shardbloom,-0.06249997019767761,-0.03515625186264515
random,11,2,anchorshift,0.06249997019767761,0.011718743480741978
random,11,2,driftgate,-0.0625000149011612,0.011718743480741978
random,11,2,fluxpatch,0.0,0.011718743480741978
random,11,2,motifbridge,0.031249962747097015,0.011718743480741978
random,11,2,phasenest,-0.03125,0.011718743480741978
random,11,2,phasesar,0.0,0.011718743480741978
random,11,2,quorumweave,0.03125,0.011718743480741978
random,11,2,shardbloom,0.06250002980232239,0.011718743480741978
random,11,3,anchorshift,0.031249940395355225,-0.019531257450580597
random,11,3,driftgate,-0.1249999850988388,-0.019531257450580597
random,11,3,fluxpatch,0.0,-0.019531257450580597
random,11,3,motifbridge,0.06249995529651642,-0.019531257450580597
random,11,3,phasenest,-0.09375,-0.019531257450580597
random,11,3,phasesar,0.0,-0.019531257450580597
random,11,3,quorumweave,0.0,-0.019531257450580597
random,11,3,shardbloom,-0.031249970197677612,-0.019531257450580597
random,11,4,anchorshift,-5.960464477539063e-08,-0.015625013038516045
random,11,4,driftgate,-1.4901161193847656e-08,-0.015625013038516045
random,11,4,fluxpatch,-0.0625,-0.015625013038516045
random,11,4,motifbridge,-0.03125002980232239,-0.015625013038516045
random,11,4,phasenest,-0.03125,-0.015625013038516045
random,11,4,phasesar,0.0,-0.015625013038516045
random,11,4,quorumweave,0.0625,-0.015625013038516045
random,11,4,shardbloom,-0.0625,-0.015625013038516045
random,11,5,anchorshift,-0.0625,-0.0390624925494194
random,11,5,driftgate,-0.0625,-0.0390624925494194
random,11,5,fluxpatch,-0.031249985098838806,-0.0390624925494194
random,11,5,motifbridge,-0.03125002980232239,-0.0390624925494194
random,11,5,phasenest,-0.062499985098838806,-0.0390624925494194
random,11,5,phasesar,-0.03125,-0.0390624925494194
random,11,5,quorumweave,0.0,-0.0390624925494194
random,11,5,shardbloom,-0.031249940395355225,-0.0390624925494194
random,11,6,anchorshift,0.031249970197677612,0.0078124962747097015
random,11,6,driftgate,-0.0625,0.0078124962747097015
random,11,6,fluxpatch,0.031249985098838806,0.0078124962747097015
random,11,6,motifbridge,0.031249970197677612,0.0078124962747097015
random,11,6,phasenest,0.031250014901161194,0.0078124962747097015
random,11,6,phasesar,0.03125,0.0078124962747097015
random,11,6,quorumweave,-0.0625,0.0078124962747097015
random,11,6,shardbloom,0.03125002980232239,0.0078124962747097015
random,11,7,anchorshift,-0.03125002980232239,-0.0195312537252903
random,11,7,driftgate,-0.062499985098838806,-0.0195312537252903
random,11,7,fluxpatch,0.0625,-0.0195312537252903
random,11,7,motifbridge,-0.03125002980232239,-0.0195312537252903
random,11,7,phasenest,-0.0937500149011612,-0.0195312537252903
random,11,7,phasesar,-0.0625,-0.0195312537252903
random,11,7,quorumweave,0.0625,-0.0195312537252903
random,11,7,shardbloom,2.9802322387695312e-08,-0.0195312537252903
random,11,8,anchorshift,0.031249970197677612,0.007812495343387127
random,11,8,driftgate,0.03125,0.007812495343387127
random,11,8,fluxpatch,0.031249985098838806,0.007812495343387127
random,11,8,motifbridge,-2.9802322387695312e-08,0.007812495343387127
random,11,8,phasenest,7.450580596923828e-09,0.007812495343387127
random,11,8,phasesar,0.0,0.007812495343387127
random,11,8,quorumweave,0.0,0.007812495343387127
random,11,8,shardbloom,-0.031249970197677612,0.007812495343387127
random,12,1,anchorshift,0.062499940395355225,0.007812492549419403
random,12,1,driftgate,-0.03125,0.007812492549419403
random,12,1,fluxpatch,0.0,0.007812492549419403
random,12,1,motifbridge,-2.9802322387695312e-08,0.007812492549419403
random,12,1,phasenest,-0.0625,0.007812492549419403
random,12,1,phasesar,0.03125,0.007812492549419403
random,12,1,quorumweave,0.03125,0.007812492549419403
random,12,1,shardbloom,0.03125002980232239,0.007812492549419403
random,12,2,anchorshift,0.03125,-0.027343747206032276
random,12,2,driftgate,-0.1562499850988388,-0.027343747206032276
random,12,2,fluxpatch,-0.062499985098838806,-0.027343747206032276
random,12,2,motifbridge,-0.03125004470348358,-0.027343747206032276
random,12,2,phasenest,0.0,-0.027343747206032276
random,12,2,phasesar,7.450580596923828e-09,-0.027343747206032276
random,12,2,quorumweave,0.0,-0.027343747206032276
random,12,2,shardbloom,2.9802322387695312e-08,-0.027343747206032276
random,12,3,anchorshift,0.06249997019767761,0.011718743480741978
random,12,3,driftgate,-0.0625000149011612,0.011718743480741978
random,12,3,fluxpatch,-0.031250014901161194,0.011718743480741978
random,12,3,motifbridge,0.06249997019767761,0.011718743480741978
random,12,3,phasenest,7.450580596923828e-09,0.011718743480741978
random,12,3,phasesar,0.0,0.011718743480741978
random,12,3,quorumweave,0.03125,0.011718743480741978
random,12,3,shardbloom,0.03125002980232239,0.011718743480741978
random,12,4,anchorshift,-2.9802322387695312e-08,-0.007812498137354851
random,12,4,driftgate,-0.0625,-0.007812498137354851
random,12,4,fluxpatch,0.0625,-0.007812498137354851
random,12,4,motifbridge,-1.4901161193847656e-08,-0.007812498137354851
random,12,4,phasenest,-0.03125,-0.007812498137354851
random,12,4,phasesar,0.03125,-0.007812498137354851
random,12,4,quorumweave,0.0,-0.007812498137354851
random,12,4,shardbloom,-0.062499940395355225,-0.007812498137354851
random,12,5,anchorshift,-8.940696716308594e-08,-0.007812514901161194
random,12,5,driftgate,-0.09375,-0.007812514901161194
random,12,5,fluxpatch,-0.03125,-0.007812514901161194
random,12,5,motifbridge,0.06249997019767761,-0.007812514901161194
random,12,5,phasenest,0.03125,-0.007812514901161194
random,12,5,phasesar,0.0,-0.007812514901161194
random,12,5,quorumweave,-0.03125,-0.007812514901161194
random,12,5,shardbloom,0.0,-0.007812514901161194
random,12,6,anchorshift,-0.03125002980232239,-0.003906259313225746
random,12,6,driftgate,-0.09375002980232239,-0.003906259313225746
random,12,6,fluxpatch,0.0625,-0.003906259313225746
random,12,6,motifbridge,-4.470348358154297e-08,-0.003906259313225746
random,12,6,phasenest,0.0,-0.003906259313225746
random,12,6,phasesar,-0.03125,-0.003906259313225746
random,12,6,quorumweave,0.03125,-0.003906259313225746
random,12,6,shardbloom,0.03125002980232239,-0.003906259313225746
random,12,7,anchorshift,0.031249970197677612,0.003906245343387127
random,12,7,driftgate,-0.0625,0.003906245343387127
random,12,7,fluxpatch,-1.4901161193847656e-08,0.003906245343387127
random,12,7,motifbridge,0.06249997019767761,0.003906245343387127
random,12,7,phasenest,-0.031249992549419403,0.003906245343387127
random,12,7,phasesar,0.0,0.003906245343387127
random,12,7,quorumweave,0.03125,0.003906245343387127
random,12,7,shardbloom,2.9802322387695312e-08,0.003906245343387127
random,12,8,anchorshift,0.031249970197677612,-0.00390626210719347
random,12,8,driftgate,-0.03125002980232239,-0.00390626210719347
random,12,8,fluxpatch,0.0,-0.00390626210719347
random,12,8,motifbridge,-2.9802322387695312e-08,-0.00390626210719347
random,12,8,phasenest,7.450580596923828e-09,-0.00390626210719347
random,12,8,phasesar,-0.031250014901161194,-0.00390626210719347
random,12,8,quorumweave,0.0,-0.00390626210719347
random,12,8,shardbloom,0.0,-0.00390626210719347
random,13,1,anchorshift,-0.06250002980232239,-0.015625
random,13,1,driftgate,-0.062499985098838806,-0.015625
random,13,1,fluxpatch,0.0,-0.015625
random,13,1,motifbridge,0.031249985098838806,-0.015625
random,13,1,phasenest,-0.03125,-0.015625
random,13,1,phasesar,0.03125,-0.015625
random,13,1,quorumweave,0.0,-0.015625
random,13,1,shardbloom,-0.031249970197677612,-0.015625
random,13,2,anchorshift,0.031249970197677612,0.0039062481373548508
random,13,2,driftgate,-0.0937499850988388,0.0039062481373548508
random,13,2,fluxpatch,0.03125,0.0039062481373548508
random,13,2,motifbridge,0.03124995529651642,0.0039062481373548508
random,13,2,phasenest,0.0,0.0039062481373548508
random,13,2,phasesar,0.031250014901161194,0.0039062481373548508
random,13,2,quorumweave,0.03125,0.0039062481373548508
random,13,2,shardbloom,-0.031249970197677612,0.0039062481373548508
random,13,3,anchorshift,0.031249970197677612,-0.011718752793967724
random,13,3,driftgate,-0.0625,-0.011718752793967724
random,13,3,fluxpatch,0.03125,-0.011718752793967724
random,13,3,motifbridge,-0.06250002980232239,-0.011718752793967724
random,13,3,phasenest,-0.031249992549419403,-0.011718752793967724
random,13,3,phasesar,-0.03125,-0.011718752793967724
random,13,3,quorumweave,0.0625,-0.011718752793967724
random,13,3,shardbloom,-0.031249970197677612,-0.011718752793967724
random,13,4,anchorshift,-0.031250059604644775,-0.007812507450580597
random,13,4,driftgate,-0.0625000149011612,-0.007812507450580597
random,13,4,fluxpatch,1.4901161193847656e-08,-0.007812507450580597
random,13,4,motifbridge,-0.03125002980232239,-0.007812507450580597
random,13,4,phasenest,0.0,-0.007812507450580597
random,13,4,phasesar,0.09375,-0.007812507450580597
random,13,4,quorumweave,0.0,-0.007812507450580597
random,13,4,shardbloom,-0.031249970197677612,-0.007812507450580597
random,13,5,anchorshift,-2.9802322387695312e-08,0.0078124916180968285
random,13,5,driftgate,-0.031250014901161194,0.0078124916180968285
random,13,5,fluxpatch,0.0,0.0078124916180968285
random,13,5,motifbridge,-2.9802322387695312e-08,0.0078124916180968285
random,13,5,phasenest,7.450580596923828e-09,0.0078124916180968285
random,13,5,phasesar,0.0625,0.0078124916180968285
random,13,5,quorumweave,0.0,0.0078124916180968285
random,13,5,shardbloom,0.03125,0.0078124916180968285
random,13,6,anchorshift,-2.9802322387695312e-08,-0.01953124813735485
random,13,6,driftgate,0.0,-0.01953124813735485
random,13,6,fluxpatch,-0.0625,-0.01953124813735485
random,13,6,motifbridge,-0.03125002980232239,-0.01953124813735485
random,13,6,phasenest,1.4901161193847656e-08,-0.01953124813735485
random,13,6,phasesar,-0.03125,-0.01953124813735485
random,13,6,quorumweave,0.0,-0.01953124813735485
random,13,6,shardbloom,-0.031249940395355225,-0.01953124813735485
random,13,7,anchorshift,0.031249970197677612,0.0039062537252902985
random,13,7,driftgate,-0.0625,0.0039062537252902985
random,13,7,fluxpatch,0.03125,0.0039062537252902985
random,13,7,motifbridge,-1.4901161193847656e-08,0.0039062537252902985
random,13,7,phasenest,0.03125,0.0039062537252902985
random,13,7,phasesar,-0.031249985098838806,0.0039062537252902985
random,13,7,quorumweave,0.03125,0.0039062537252902985
random,13,7,shardbloom,5.960464477539063e-08,0.0039062537252902985
random,13,8,anchorshift,-0.03125002980232239,0.01953123975545168
random,13,8,driftgate,-0.03125002980232239,0.01953123975545168
random,13,8,fluxpatch,0.0625,0.01953123975545168
random,13,8,motifbridge,-2.9802322387695312e-08,0.01953123975545168
random,13,8,phasenest,0.0625000074505806,0.01953123975545168
random,13,8,phasesar,0.03125,0.01953123975545168
random,13,8,quorumweave,0.03125,0.01953123975545168
random,13,8,shardbloom,0.03125,0.01953123975545168
random,14,1,anchorshift,-0.03125,-0.015625
random,14,1,driftgate,-0.0937499850988388,-0.015625
random,14,1,fluxpatch,0.0,-0.015625
random,14,1,motifbridge,0.031249970197677612,-0.015625
random,14,1,phasenest,0.031249970197677612,-0.015625
random,14,1,phasesar,-0.062499985098838806,-0.015625
random,14,1,quorumweave,0.03125,-0.015625
random,14,1,shardbloom,-0.031249970197677612,-0.015625
random,14,2,anchorshift,-0.06250008940696716,-0.03125000465661287
random,14,2,driftgate,-0.09375,-0.03125000465661287
random,14,2,fluxpatch,0.0,-0.03125000465661287
random,14,2,motifbridge,-7.450580596923828e-09,-0.03125000465661287
random,14,2,phasenest,0.0,-0.03125000465661287
random,14,2,phasesar,0.03125,-0.03125000465661287
random,14,2,quorumweave,-0.0625,-0.03125000465661287
random,14,2,shardbloom,-0.062499940395355225,-0.03125000465661287
random,14,3,anchorshift,-2.9802322387695312e-08,-0.019531252793967724
random,14,3,driftgate,-0.062499985098838806,-0.019531252793967724
random,14,3,fluxpatch,0.03125,-0.019531252793967724
random,14,3,motifbridge,0.031249970197677612,-0.019531252793967724
random,14,3,phasenest,-0.06250002235174179,-0.019531252793967724
random,14,3,phasesar,0.031250014901161194,-0.019531252793967724
random,14,3,quorumweave,-0.0625,-0.019531252793967724
random,14,3,shardbloom,-0.06249997019767761,-0.019531252793967724
random,14,4,anchorshift,0.031249940395355225,-0.0312500037252903
random,14,4,driftgate,-0.09375,-0.0312500037252903
random,14,4,fluxpatch,0.0,-0.0312500037252903
random,14,4,motifbridge,-1.4901161193847656e-08,-0.0312500037252903
random,14,4,phasenest,-0.09375,-0.0312500037252903
random,14,4,phasesar,0.031250014901161194,-0.0312500037252903
random,14,4,quorumweave,-0.125,-0.0312500037252903
random,14,4,shardbloom,2.9802322387695312e-08,-0.0312500037252903
random,14,5,anchorshift,-2.9802322387695312e-08,-0.027343761175870895
random,14,5,driftgate,-0.0937499850988388,-0.027343761175870895
random,14,5,fluxpatch,-0.06250002980232239,-0.027343761175870895
random,14,5,motifbridge,-2.9802322387695312e-08,-0.027343761175870895
random,14,5,phasenest,-0.03125002980232239,-0.027343761175870895
random,14,5,phasesar,0.031249985098838806,-0.027343761175870895
random,14,5,quorumweave,0.0,-0.027343761175870895
random,14,5,shardbloom,-0.06249997019767761,-0.027343761175870895
random,14,6,anchorshift,-0.03125002980232239,-0.015625
random,14,6,driftgate,-0.09375,-0.015625
random,14,6,fluxpatch,-0.03125,-0.015625
random,14,6,motifbridge,-1.4901161193847656e-08,-0.015625
random,14,6,phasenest,0.0,-0.015625
random,14,6,phasesar,-0.031249985098838806,-0.015625
random,14,6,quorumweave,0.0625,-0.015625
random,14,6,shardbloom,2.9802322387695312e-08,-0.015625
random,14,7,anchorshift,0.09374997019767761,-3.725290298461914e-09
random,14,7,driftgate,-0.062499985098838806,-3.725290298461914e-09
random,14,7,fluxpatch,-0.03125,-3.725290298461914e-09
random,14,7,motifbridge,0.031249970197677612,-3.725290298461914e-09
random,14,7,phasenest,-0.06250002980232239,-3.725290298461914e-09
random,14,7,phasesar,1.4901161193847656e-08,-3.725290298461914e-09
random,14,7,quorumweave,0.0,-3.725290298461914e-09
random,14,7,shardbloom,0.03125002980232239,-3.725290298461914e-09
random,14,8,anchorshift,-0.031250059604644775,-0.04687499813735485
random,14,8,driftgate,-0.125,-0.04687499813735485
random,14,8,fluxpatch,7.450580596923828e-08,-0.04687499813735485
random,14,8,motifbridge,-2.9802322387695312e-08,-0.04687499813735485
random,14,8,phasenest,-0.09375,-0.04687499813735485
random,14,8,phasesar,0.0,-0.04687499813735485
random,14,8,quorumweave,-0.03125,-0.04687499813735485
random,14,8,shardbloom,-0.09374997019767761,-0.04687499813735485
random,15,1,anchorshift,-0.09375,-0.007812498137354851
random,15,1,driftgate,-0.03125,-0.007812498137354851
random,15,1,fluxpatch,-0.03125,-0.007812498137354851
random,15,1,motifbridge,0.06249997019767761,-0.007812498137354851
random,15,1,phasenest,2.9802322387695312e-08,-0.007812498137354851
random,15,1,phasesar,0.031249985098838806,-0.007812498137354851
random,15,1,quorumweave,-0.03125,-0.007812498137354851
random,15,1,shardbloom,0.03125002980232239,-0.007812498137354851
random,15,2,anchorshift,0.031249970197677612,0.015624991618096828
random,15,2,driftgate,-0.062499985098838806,0.015624991618096828
random,15,2,fluxpatch,0.031249985098838806,0.015624991618096828
random,15,2,motifbridge,0.09374995529651642,0.015624991618096828
random,15,2,phasenest,0.0312500074505806,0.015624991618096828
random,15,2,phasesar,0.03125,0.015624991618096828
random,15,2,quorumweave,-0.03125,0.015624991618096828
random,15,2,shardbloom,0.0,0.015624991618096828
random,15,3,anchorshift,-0.09375002980232239,-0.003906256519258022
random,15,3,driftgate,-0.0625000074505806,-0.003906256519258022
random,15,3,fluxpatch,0.0,-0.003906256519258022
random,15,3,motifbridge,-2.9802322387695312e-08,-0.003906256519258022
random,15,3,phasenest,-0.03125,-0.003906256519258022
random,15,3,phasesar,0.031249985098838806,-0.003906256519258022
random,15,3,quorumweave,0.0625,-0.003906256519258022
random,15,3,shardbloom,0.06250002980232239,-0.003906256519258022
random,15,4,anchorshift,0.0,3.725290298461914e-09
random,15,4,driftgate,-0.031250014901161194,3.725290298461914e-09
random,15,4,fluxpatch,1.4901161193847656e-08,3.725290298461914e-09
random,15,4,motifbridge,-2.9802322387695312e-08,3.725290298461914e-09
random,15,4,phasenest,0.09375,3.725290298461914e-09
random,15,4,phasesar,-0.03125,3.725290298461914e-09
random,15,4,quorumweave,-0.03125,3.725290298461914e-09
random,15,4,shardbloom,5.960464477539063e-08,3.725290298461914e-09
random,15,5,anchorshift,0.03125,0.003906255587935448
random,15,5,driftgate,-0.031250014901161194,0.003906255587935448
random,15,5,fluxpatch,0.03125,0.003906255587935448
random,15,5,motifbridge,-0.03125002235174179,0.003906255587935448
random,15,5,phasenest,7.450580596923828e-09,0.003906255587935448
random,15,5,phasesar,0.031250014901161194,0.003906255587935448
random,15,5,quorumweave,-0.03125,0.003906255587935448
random,15,5,shardbloom,0.031250059604644775,0.003906255587935448
random,15,6,anchorshift,0.031249970197677612,0.01562500186264515
random,15,6,driftgate,-0.09375,0.01562500186264515
random,15,6,fluxpatch,0.03125,0.01562500186264515
random,15,6,motifbridge,0.062499985098838806,0.01562500186264515
random,15,6,phasenest,0.0625,0.01562500186264515
random,15,6,phasesar,2.9802322387695312e-08,0.01562500186264515
random,15,6,quorumweave,0.0,0.01562500186264515
random,15,6,shardbloom,0.03125002980232239,0.01562500186264515
random,15,7,anchorshift,-5.960464477539063e-08,0.0039062444120645523
random,15,7,driftgate,-0.0625,0.0039062444120645523
random,15,7,fluxpatch,0.03125,0.0039062444120645523
random,15,7,motifbridge,-0.03125002980232239,0.0039062444120645523
random,15,7,phasenest,0.0625,0.0039062444120645523
random,15,7,phasesar,0.031250014901161194,0.0039062444120645523
random,15,7,quorumweave,0.0,0.0039062444120645523
random,15,7,shardbloom,2.9802322387695312e-08,0.0039062444120645523
random,15,8,anchorshift,0.0625,-0.003906257450580597
random,15,8,driftgate,-0.031250014901161194,-0.003906257450580597
random,15,8,fluxpatch,-0.031250014901161194,-0.003906257450580597
random,15,8,motifbridge,-0.03125002980232239,-0.003906257450580597
random,15,8,phasenest,0.0625,-0.003906257450580597
random,15,8,phasesar,-0.03125,-0.003906257450580597
random,15,8,quorumweave,-0.03125,-0.003906257450580597
random,15,8,shardbloom,0.0,-0.003906257450580597
random,16,1,anchorshift,0.062499940395355225,-0.019531263038516045
random,16,1,driftgate,-0.03125,-0.019531263038516045
random,16,1,fluxpatch,-0.031250014901161194,-0.019531263038516045
random,16,1,motifbridge,-0.03125002980232239,-0.019531263038516045
random,16,1,phasenest,-0.0625000149011612,-0.019531263038516045
random,16,1,phasesar,-0.031250014901161194,-0.019531263038516045
random,16,1,quorumweave,0.0,-0.019531263038516045
random,16,1,shardbloom,-0.031249970197677612,-0.019531263038516045
random,16,2,anchorshift,-0.03125,-0.03125
random,16,2,driftgate,-0.09375,-0.03125
random,16,2,fluxpatch,0.0,-0.03125
random,16,2,motifbridge,-0.06250002980232239,-0.03125
random,16,2,phasenest,-0.03125,-0.03125
random,16,2,phasesar,-0.03125,-0.03125
random,16,2,quorumweave,0.0,-0.03125
random,16,2,shardbloom,2.9802322387695312e-08,-0.03125
random,16,3,anchorshift,-5.960464477539063e-08,4.6566128730773926e-09
random,16,3,driftgate,-0.0937499850988388,4.6566128730773926e-09
random,16,3,fluxpatch,5.960464477539063e-08,4.6566128730773926e-09
random,16,3,motifbridge,0.031249970197677612,4.6566128730773926e-09
random,16,3,phasenest,7.450580596923828e-09,4.6566128730773926e-09
random,16,3,phasesar,0.031250014901161194,4.6566128730773926e-09
random,16,3,quorumweave,0.0,4.6566128730773926e-09
random,16,3,shardbloom,0.03125002980232239,4.6566128730773926e-09
random,16,4,anchorshift,0.031249970197677612,-9.313225746154785e-09
random,16,4,driftgate,-0.031250014901161194,-9.313225746154785e-09
random,16,4,fluxpatch,0.031249985098838806,-9.313225746154785e-09
random,16,4,motifbridge,-0.03125004470348358,-9.313225746154785e-09
random,16,4,phasenest,0.03125,-9.313225746154785e-09
random,16,4,phasesar,0.0,-9.313225746154785e-09
random,16,4,quorumweave,0.0,-9.313225746154785e-09
random,16,4,shardbloom,-0.031249970197677612,-9.313225746154785e-09
random,16,5,anchorshift,0.0,-0.0039062462747097015
random,16,5,driftgate,-0.03125,-0.0039062462747097015
random,16,5,fluxpatch,0.0625,-0.0039062462747097015
random,16,5,motifbridge,0.031249985098838806,-0.0039062462747097015
random,16,5,phasenest,-0.03125,-0.0039062462747097015
random,16,5,phasesar,-0.031249985098838806,-0.0039062462747097015
random,16,5,quorumweave,0.0,-0.0039062462747097015
random,16,5,shardbloom,-0.031249970197677612,-0.0039062462747097015
random,16,6,anchorshift,0.03125,-0.007812494412064552
random,16,6,driftgate,-0.0625,-0.007812494412064552
random,16,6,fluxpatch,0.0625,-0.007812494412064552
random,16,6,motifbridge,-1.4901161193847656e-08,-0.007812494412064552
random,16,6,phasenest,-0.0625,-0.007812494412064552
random,16,6,phasesar,-0.03125,-0.007812494412064552
random,16,6,quorumweave,-0.03125,-0.007812494412064552
random,16,6,shardbloom,0.031250059604644775,-0.007812494412064552
random,16,7,anchorshift,0.09375,-0.007812502793967724
random,16,7,driftgate,-0.031250014901161194,-0.007812502793967724
random,16,7,fluxpatch,1.4901161193847656e-08,-0.007812502793967724
random,16,7,motifbridge,-2.9802322387695312e-08,-0.007812502793967724
random,16,7,phasenest,-0.0624999925494194,-0.007812502793967724
random,16,7,phasesar,0.03125,-0.007812502793967724
random,16,7,quorumweave,-0.03125,-0.007812502793967724
random,16,7,shardbloom,-0.0625,-0.007812502793967724
random,16,8,anchorshift,0.031249970197677612,-0.007812505587935448
random,16,8,driftgate,-1.4901161193847656e-08,-0.007812505587935448
random,16,8,fluxpatch,-0.03125,-0.007812505587935448
random,16,8,motifbridge,-2.9802322387695312e-08,-0.007812505587935448
random,16,8,phasenest,-0.03125,-0.007812505587935448
random,16,8,phasesar,0.0,-0.007812505587935448
random,16,8,quorumweave,-0.0625,-0.007812505587935448
random,16,8,shardbloom,0.03125002980232239,-0.007812505587935448
random,17,1,anchorshift,-0.03125002980232239,-0.02343750186264515
random,17,1,driftgate,-0.0625000149011612,-0.02343750186264515
random,17,1,fluxpatch,-0.03125,-0.02343750186264515
random,17,1,motifbridge,0.031249970197677612,-0.02343750186264515
random,17,1,phasenest,2.9802322387695312e-08,-0.02343750186264515
random,17,1,phasesar,0.0,-0.02343750186264515
random,17,1,quorumweave,-0.0625,-0.02343750186264515
random,17,1,shardbloom,-0.031249970197677612,-0.02343750186264515
random,17,2,anchorshift,-0.031250059604644775,-0.031250009313225746
random,17,2,driftgate,-1.4901161193847656e-08,-0.031250009313225746
random,17,2,fluxpatch,-0.0625,-0.031250009313225746
random,17,2,motifbridge,-0.06250002980232239,-0.031250009313225746
random,17,2,phasenest,-0.0625,-0.031250009313225746
random,17,2,phasesar,0.0,-0.031250009313225746
random,17,2,quorumweave,0.0,-0.031250009313225746
random,17,2,shardbloom,-0.031249970197677612,-0.031250009313225746
random,17,3,anchorshift,-0.031250059604644775,-0.04296875651925802
random,17,3,driftgate,-0.062499985098838806,-0.04296875651925802
random,17,3,fluxpatch,-0.03125,-0.04296875651925802
random,17,3,motifbridge,-4.470348358154297e-08,-0.04296875651925802
random,17,3,phasenest,-0.0937499925494194,-0.04296875651925802
random,17,3,phasesar,0.0,-0.04296875651925802
random,17,3,quorumweave,-0.0625,-0.04296875651925802
random,17,3,shardbloom,-0.06249997019767761,-0.04296875651925802
random,17,4,anchorshift,-0.09375,-0.04687499813735485
random,17,4,driftgate,-0.125,-0.04687499813735485
random,17,4,fluxpatch,0.031249985098838806,-0.04687499813735485
random,17,4,motifbridge,0.031249940395355225,-0.04687499813735485
random,17,4,phasenest,-0.03125,-0.04687499813735485
random,17,4,phasesar,-0.062499940395355225,-0.04687499813735485
random,17,4,quorumweave,-0.09375,-0.04687499813735485
random,17,4,shardbloom,-0.031249970197677612,-0.04687499813735485
random,17,5,anchorshift,-5.960464477539063e-08,-0.03125
random,17,5,driftgate,-0.0937499850988388,-0.03125
random,17,5,fluxpatch,-0.03125,-0.03125
random,17,5,motifbridge,-0.0625,-0.03125
random,17,5,phasenest,-0.03125,-0.03125
random,17,5,phasesar,-0.031249985098838806,-0.03125
random,17,5,quorumweave,0.0,-0.03125
random,17,5,shardbloom,2.9802322387695312e-08,-0.03125
random,17,6,anchorshift,-0.03125002980232239,-0.0507812574505806
random,17,6,driftgate,-0.0937499850988388,-0.0507812574505806
random,17,6,fluxpatch,-0.1250000298023224,-0.0507812574505806
random,17,6,motifbridge,-0.09375002980232239,-0.0507812574505806
random,17,6,phasenest,-0.0625,-0.0507812574505806
random,17,6,phasesar,0.031249985098838806,-0.0507812574505806
random,17,6,quorumweave,0.0,-0.0507812574505806
random,17,6,shardbloom,-0.031249970197677612,-0.0507812574505806
random,17,7,anchorshift,-0.03125002980232239,-0.046875
random,17,7,driftgate,-0.12499997019767761,-0.046875
random,17,7,fluxpatch,0.0,-0.046875
random,17,7,motifbridge,-2.9802322387695312e-08,-0.046875
random,17,7,phasenest,-0.15625,-0.046875
random,17,7,phasesar,0.0,-0.046875
random,17,7,quorumweave,-0.0625,-0.046875
random,17,7,shardbloom,2.9802322387695312e-08,-0.046875
random,17,8,anchorshift,-2.9802322387695312e-08,-0.042968750931322575
random,17,8,driftgate,-0.0624999925494194,-0.042968750931322575
random,17,8,fluxpatch,-0.125,-0.042968750931322575
random,17,8,motifbridge,-0.031250014901161194,-0.042968750931322575
random,17,8,phasenest,-0.03125,-0.042968750931322575
random,17,8,phasesar,0.0,-0.042968750931322575
random,17,8,quorumweave,-0.03125,-0.042968750931322575
random,17,8,shardbloom,-0.06249997019767761,-0.042968750931322575
random,18,1,anchorshift,0.031249970197677612,0.00390625
random,18,1,driftgate,0.0,0.00390625
random,18,1,fluxpatch,-0.03125,0.00390625
random,18,1,motifbridge,0.031249970197677612,0.00390625
random,18,1,phasenest,0.03125,0.00390625
random,18,1,phasesar,0.0625,0.00390625
random,18,1,quorumweave,-0.03125,0.00390625
random,18,1,shardbloom,-0.062499940395355225,0.00390625
random,18,2,anchorshift,0.03125,-0.007812495343387127
random,18,2,driftgate,-0.0937499850988388,-0.007812495343387127
random,18,2,fluxpatch,-1.4901161193847656e-08,-0.007812495343387127
random,18,2,motifbridge,0.031249985098838806,-0.007812495343387127
random,18,2,phasenest,1.4901161193847656e-08,-0.007812495343387127
random,18,2,phasesar,-0.031249992549419403,-0.007812495343387127
random,18,2,quorumweave,-0.03125,-0.007812495343387127
random,18,2,shardbloom,0.03125002980232239,-0.007812495343387127
random,18,3,anchorshift,0.031249970197677612,-7.450580596923828e-09
random,18,3,driftgate,-0.0625,-7.450580596923828e-09
random,18,3,fluxpatch,0.0,-7.450580596923828e-09
random,18,3,motifbridge,-4.470348358154297e-08,-7.450580596923828e-09
random,18,3,phasenest,-0.03125,-7.450580596923828e-09
random,18,3,phasesar,0.062499985098838806,-7.450580596923828e-09
random,18,3,quorumweave,0.03125,-7.450580596923828e-09
random,18,3,shardbloom,-0.031249970197677612,-7.450580596923828e-09
random,18,4,anchorshift,-0.0625,-0.03906249534338713
random,18,4,driftgate,-0.0937500074505806,-0.03906249534338713
random,18,4,fluxpatch,-0.0625,-0.03906249534338713
random,18,4,motifbridge,-2.9802322387695312e-08,-0.03906249534338713
random,18,4,phasenest,2.9802322387695312e-08,-0.03906249534338713
random,18,4,phasesar,1.4901161193847656e-08,-0.03906249534338713
random,18,4,quorumweave,-0.0625,-0.03906249534338713
random,18,4,shardbloom,-0.031249970197677612,-0.03906249534338713
random,18,5,anchorshift,0.09374997019767761,-5.587935447692871e-09
random,18,5,driftgate,-0.0625,-5.587935447692871e-09
random,18,5,fluxpatch,-0.03125,-5.587935447692871e-09
random,18,5,motifbridge,0.031249985098838806,-5.587935447692871e-09
random,18,5,phasenest,0.03125,-5.587935447692871e-09
random,18,5,phasesar,0.0,-5.587935447692871e-09
random,18,5,quorumweave,-0.0625,-5.587935447692871e-09
random,18,5,shardbloom,0.0,-5.587935447692871e-09
random,18,6,anchorshift,0.0,0.0039062481373548508
random,18,6,driftgate,-0.125,0.0039062481373548508
random,18,6,fluxpatch,0.0,0.0039062481373548508
random,18,6,motifbridge,0.06249997019767761,0.0039062481373548508
random,18,6,phasenest,0.06249997019767761,0.0039062481373548508
random,18,6,phasesar,-1.4901161193847656e-08,0.0039062481373548508
random,18,6,quorumweave,-0.03125,0.0039062481373548508
random,18,6,shardbloom,0.06250005960464478,0.0039062481373548508
random,18,7,anchorshift,0.031249940395355225,-0.015625009313225746
random,18,7,driftgate,-0.125,-0.015625009313225746
random,18,7,fluxpatch,0.03125,-0.015625009313225746
random,18,7,motifbridge,-2.9802322387695312e-08,-0.015625009313225746
random,18,7,phasenest,-1.4901161193847656e-08,-0.015625009313225746
random,18,7,phasesar,-0.03125,-0.015625009313225746
random,18,7,quorumweave,-0.03125,-0.015625009313225746
random,18,7,shardbloom,2.9802322387695312e-08,-0.015625009313225746
random,18,8,anchorshift,-0.06250005960464478,-0.0039062583819031715
random,18,8,driftgate,-0.03125,-0.0039062583819031715
random,18,8,fluxpatch,0.0,-0.0039062583819031715
random,18,8,motifbridge,-2.9802322387695312e-08,-0.0039062583819031715
random,18,8,phasenest,0.0312500074505806,-0.0039062583819031715
random,18,8,phasesar,0.031250014901161194,-0.0039062583819031715
random,18,8,quorumweave,-0.03125,-0.0039062583819031715
random,18,8,shardbloom,0.03125,-0.0039062583819031715
random,19,1,anchorshift,0.031249940395355225,-0.0390625
random,19,1,driftgate,-0.0937499850988388,-0.0390625
random,19,1,fluxpatch,0.031250059604644775,-0.0390625
random,19,1,motifbridge,-0.03125002980232239,-0.0390625
random,19,1,phasenest,-0.09375,-0.0390625
random,19,1,phasesar,-0.0937499850988388,-0.0390625
random,19,1,quorumweave,0.0,-0.0390625
random,19,1,shardbloom,-0.0625,-0.0390625
random,19,2,anchorshift,-0.03125,-0.03515625558793545
random,19,2,driftgate,-0.09375002235174179,-0.03515625558793545
random,19,2,fluxpatch,-0.03125,-0.03515625558793545
random,19,2,motifbridge,0.031249932944774628,-0.03515625558793545
random,19,2,phasenest,-0.09375,-0.03515625558793545
random,19,2,phasesar,-0.0937499850988388,-0.03515625558793545
random,19,2,quorumweave,0.0,-0.03515625558793545
random,19,2,shardbloom,0.03125002980232239,-0.03515625558793545
random,19,3,anchorshift,-5.960464477539063e-08,-0.02734375186264515
random,19,3,driftgate,-0.125,-0.02734375186264515
random,19,3,fluxpatch,-0.03125,-0.02734375186264515
random,19,3,motifbridge,-0.031250014901161194,-0.02734375186264515
random,19,3,phasenest,-0.031249992549419403,-0.02734375186264515
random,19,3,phasesar,1.4901161193847656e-08,-0.02734375186264515
random,19,3,quorumweave,0.0,-0.02734375186264515
random,19,3,shardbloom,3.725290298461914e-08,-0.02734375186264515
random,19,4,anchorshift,-2.9802322387695312e-08,-0.03906250558793545
random,19,4,driftgate,-0.125,-0.03906250558793545
random,19,4,fluxpatch,-0.031250014901161194,-0.03906250558793545
random,19,4,motifbridge,-0.031250014901161194,-0.03906250558793545
random,19,4,phasenest,0.0,-0.03906250558793545
random,19,4,phasesar,-0.031249985098838806,-0.03906250558793545
random,19,4,quorumweave,-0.03125,-0.03906250558793545
random,19,4,shardbloom,-0.0625,-0.03906250558793545
random,19,5,anchorshift,-0.09375005960464478,-0.054687509313225746
random,19,5,driftgate,-0.0937499850988388,-0.054687509313225746
random,19,5,fluxpatch,-0.03125,-0.054687509313225746
random,19,5,motifbridge,-0.03125,-0.054687509313225746
random,19,5,phasenest,-0.09375004470348358,-0.054687509313225746
random,19,5,phasesar,-1.4901161193847656e-08,-0.054687509313225746
random,19,5,quorumweave,-0.03125,-0.054687509313225746
random,19,5,shardbloom,-0.06249997019767761,-0.054687509313225746
random,19,6,anchorshift,0.031249970197677612,-0.011718752793967724
random,19,6,driftgate,-0.09375,-0.011718752793967724
random,19,6,fluxpatch,-0.062499985098838806,-0.011718752793967724
random,19,6,motifbridge,0.06249995529651642,-0.011718752793967724
random,19,6,phasenest,-0.0625,-0.011718752793967724
random,19,6,phasesar,-0.031249992549419403,-0.011718752793967724
random,19,6,quorumweave,0.0,-0.011718752793967724
random,19,6,shardbloom,0.06250002980232239,-0.011718752793967724
random,19,7,anchorshift,0.03125,-0.027343743480741978
random,19,7,driftgate,-0.09375,-0.027343743480741978
random,19,7,fluxpatch,-0.031249985098838806,-0.027343743480741978
random,19,7,motifbridge,0.03125,-0.027343743480741978
random,19,7,phasenest,-0.0624999925494194,-0.027343743480741978
random,19,7,phasesar,0.0,-0.027343743480741978
random,19,7,quorumweave,-0.0625,-0.027343743480741978
random,19,7,shardbloom,-0.031249970197677612,-0.027343743480741978
random,19,8,anchorshift,-5.960464477539063e-08,-0.03906250558793545
random,19,8,driftgate,-0.125,-0.03906250558793545
random,19,8,fluxpatch,-0.0625,-0.03906250558793545
random,19,8,motifbridge,-0.031250014901161194,-0.03906250558793545
random,19,8,phasenest,-0.03125,-0.03906250558793545
random,19,8,phasesar,-0.0625,-0.03906250558793545
random,19,8,quorumweave,0.03125,-0.03906250558793545
random,19,8,shardbloom,-0.031249970197677612,-0.03906250558793545
random,20,1,anchorshift,0.03125,0.007812493480741978
random,20,1,driftgate,-0.031249992549419403,0.007812493480741978
random,20,1,fluxpatch,0.0625,0.007812493480741978
random,20,1,motifbridge,-2.9802322387695312e-08,0.007812493480741978
random,20,1,phasenest,0.031249970197677612,0.007812493480741978
random,20,1,phasesar,0.03125,0.007812493480741978
random,20,1,quorumweave,0.0,0.007812493480741978
random,20,1,shardbloom,-0.0625,0.007812493480741978
random,20,2,anchorshift,0.031249940395355225,-0.0195312537252903
random,20,2,driftgate,-0.09375,-0.0195312537252903
random,20,2,fluxpatch,-0.03125,-0.0195312537252903
random,20,2,motifbridge,0.0,-0.0195312537252903
random,20,2,phasenest,0.0,-0.0195312537252903
random,20,2,phasesar,0.03125,-0.0195312537252903
random,20,2,quorumweave,-0.0625,-0.0195312537252903
random,20,2,shardbloom,-0.031249970197677612,-0.0195312537252903
random,20,3,anchorshift,-2.9802322387695312e-08,-0.01171875
random,20,3,driftgate,-0.0625,-0.01171875
random,20,3,fluxpatch,-0.03125,-0.01171875
random,20,3,motifbridge,0.06249997019767761,-0.01171875
random,20,3,phasenest,2.9802322387695312e-08,-0.01171875
random,20,3,phasesar,0.0,-0.01171875
random,20,3,quorumweave,0.0,-0.01171875
random,20,3,shardbloom,-0.06249997019767761,-0.01171875
random,20,4,anchorshift,-0.09375,-0.003906240686774254
random,20,4,driftgate,-0.031249970197677612,-0.003906240686774254
random,20,4,fluxpatch,0.0,-0.003906240686774254
random,20,4,motifbridge,0.062499985098838806,-0.003906240686774254
random,20,4,phasenest,-0.031249970197677612,-0.003906240686774254
random,20,4,phasesar,0.03125,-0.003906240686774254
random,20,4,quorumweave,0.03125,-0.003906240686774254
random,20,4,shardbloom,2.9802322387695312e-08,-0.003906240686774254
random,20,5,anchorshift,-5.960464477539063e-08,0.011718744412064552
random,20,5,driftgate,-0.062499985098838806,0.011718744412064552
random,20,5,fluxpatch,0.0,0.011718744412064552
random,20,5,motifbridge,0.031249970197677612,0.011718744412064552
random,20,5,phasenest,0.03125,0.011718744412064552
random,20,5,phasesar,0.0625,0.011718744412064552
random,20,5,quorumweave,0.03125,0.011718744412064552
random,20,5,shardbloom,2.9802322387695312e-08,0.011718744412064552
random,20,6,anchorshift,-0.031250059604644775,-0.031249999068677425
random,20,6,driftgate,-0.12499997019767761,-0.031249999068677425
random,20,6,fluxpatch,0.0,-0.031249999068677425
random,20,6,motifbridge,0.06249997019767761,-0.031249999068677425
random,20,6,phasenest,3.725290298461914e-08,-0.031249999068677425
random,20,6,phasesar,-0.03125,-0.031249999068677425
random,20,6,quorumweave,-0.09375,-0.031249999068677425
random,20,6,shardbloom,-0.031249970197677612,-0.031249999068677425
random,20,7,anchorshift,0.031249970197677612,-0.03906250186264515
random,20,7,driftgate,-0.0937499850988388,-0.03906250186264515
random,20,7,fluxpatch,-0.03125,-0.03906250186264515
random,20,7,motifbridge,-0.06250002980232239,-0.03906250186264515
random,20,7,phasenest,0.0,-0.03906250186264515
random,20,7,phasesar,-0.09375,-0.03906250186264515
random,20,7,quorumweave,-0.03125,-0.03906250186264515
random,20,7,shardbloom,-0.031249970197677612,-0.03906250186264515
random,20,8,anchorshift,0.06249991059303284,-1.3969838619232178e-08
random,20,8,driftgate,-0.0625000074505806,-1.3969838619232178e-08
random,20,8,fluxpatch,-0.03125002980232239,-1.3969838619232178e-08
random,20,8,motifbridge,-1.4901161193847656e-08,-1.3969838619232178e-08
random,20,8,phasenest,0.03125,-1.3969838619232178e-08
random,20,8,phasesar,0.03125,-1.3969838619232178e-08
random,20,8,quorumweave,0.0,-1.3969838619232178e-08
random,20,8,shardbloom,-0.031249970197677612,-1.3969838619232178e-08
random,21,1,anchorshift,-0.03125002980232239,-0.0312500074505806
random,21,1,driftgate,-0.06249997019767761,-0.0312500074505806
random,21,1,fluxpatch,-1.4901161193847656e-08,-0.0312500074505806
random,21,1,motifbridge,-2.9802322387695312e-08,-0.0312500074505806
random,21,1,phasenest,-0.06250002980232239,-0.0312500074505806
random,21,1,phasesar,1.4901161193847656e-08,-0.0312500074505806
random,21,1,quorumweave,-0.03125,-0.0312500074505806
random,21,1,shardbloom,-0.0625,-0.0312500074505806
random,21,2,anchorshift,-2.9802322387695312e-08,-1.862645149230957e-09
random,21,2,driftgate,-0.031249985098838806,-1.862645149230957e-09
random,21,2,fluxpatch,0.0,-1.862645149230957e-09
random,21,2,motifbridge,0.031249970197677612,-1.862645149230957e-09
random,21,2,phasenest,0.03125,-1.862645149230957e-09
random,21,2,phasesar,0.0,-1.862645149230957e-09
random,21,2,quorumweave,-0.03125,-1.862645149230957e-09
random,21,2,shardbloom,2.9802322387695312e-08,-1.862645149230957e-09
random,21,3,anchorshift,-0.03125002980232239,-0.00781250186264515
random,21,3,driftgate,-0.03125,-0.00781250186264515
random,21,3,fluxpatch,-0.0625,-0.00781250186264515
random,21,3,motifbridge,0.031249985098838806,-0.00781250186264515
random,21,3,phasenest,0.03125,-0.00781250186264515
random,21,3,phasesar,0.03125,-0.00781250186264515
random,21,3,quorumweave,0.03125,-0.00781250186264515
random,21,3,shardbloom,-0.06249997019767761,-0.00781250186264515
random,21,4,anchorshift,0.031249970197677612,-0.0234375037252903
random,21,4,driftgate,-0.0625,-0.0234375037252903
random,21,4,fluxpatch,-0.03125,-0.0234375037252903
random,21,4,motifbridge,-0.03125004470348358,-0.0234375037252903
random,21,4,phasenest,4.470348358154297e-08,-0.0234375037252903
random,21,4,phasesar,0.03125,-0.0234375037252903
random,21,4,quorumweave,-0.09375,-0.0234375037252903
random,21,4,shardbloom,-0.03125,-0.0234375037252903
random,21,5,anchorshift,-0.06250005960464478,-0.027343757450580597
random,21,5,driftgate,-2.9802322387695312e-08,-0.027343757450580597
random,21,5,fluxpatch,0.0,-0.027343757450580597
random,21,5,motifbridge,0.031249970197677612,-0.027343757450580597
random,21,5,phasenest,-0.0625,-0.027343757450580597
random,21,5,phasesar,-0.0625,-0.027343757450580597
random,21,5,quorumweave,0.0,-0.027343757450580597
random,21,5,shardbloom,-0.062499940395355225,-0.027343757450580597
random,21,6,anchorshift,-0.09375,-0.01953125
random,21,6,driftgate,-0.031249985098838806,-0.01953125
random,21,6,fluxpatch,0.0,-0.01953125
random,21,6,motifbridge,-1.4901161193847656e-08,-0.01953125
random,21,6,phasenest,-0.03125,-0.01953125
random,21,6,phasesar,0.0,-0.01953125
random,21,6,quorumweave,-0.03125,-0.01953125
random,21,6,shardbloom,0.03125,-0.01953125
random,21,7,anchorshift,-2.9802322387695312e-08,0.0039062462747097015
random,21,7,driftgate,-0.03125,0.0039062462747097015
random,21,7,fluxpatch,0.03125,0.0039062462747097015
random,21,7,motifbridge,-2.9802322387695312e-08,0.0039062462747097015
random,21,7,phasenest,0.03125,0.0039062462747097015
random,21,7,phasesar,-0.03125,0.0039062462747097015
random,21,7,quorumweave,-0.03125,0.0039062462747097015
random,21,7,shardbloom,0.06250002980232239,0.0039062462747097015
random,21,8,anchorshift,-5.960464477539063e-08,0.011718744412064552
random,21,8,driftgate,-0.0937500149011612,0.011718744412064552
random,21,8,fluxpatch,0.0937499850988388,0.011718744412064552
random,21,8,motifbridge,-1.4901161193847656e-08,0.011718744412064552
random,21,8,phasenest,0.0,0.011718744412064552
random,21,8,phasesar,0.06250002980232239,0.011718744412064552
random,21,8,quorumweave,0.0,0.011718744412064552
random,21,8,shardbloom,0.03125002980232239,0.011718744412064552
random,22,1,anchorshift,-2.9802322387695312e-08,0.0039062397554516792
random,22,1,driftgate,0.031249985098838806,0.0039062397554516792
random,22,1,fluxpatch,1.4901161193847656e-08,0.0039062397554516792
random,22,1,motifbridge,-0.031250014901161194,0.0039062397554516792
random,22,1,phasenest,0.062499962747097015,0.0039062397554516792
random,22,1,phasesar,0.03125,0.0039062397554516792
random,22,1,quorumweave,-0.03125,0.0039062397554516792
random,22,1,shardbloom,-0.03125,0.0039062397554516792
random,22,2,anchorshift,-8.940696716308594e-08,-0.003906257450580597
random,22,2,driftgate,-0.031249992549419403,-0.003906257450580597
random,22,2,fluxpatch,0.03125,-0.003906257450580597
random,22,2,motifbridge,0.031249970197677612,-0.003906257450580597
random,22,2,phasenest,-0.0625000149011612,-0.003906257450580597
random,22,2,phasesar,0.0312500074505806,-0.003906257450580597
random,22,2,quorumweave,0.0,-0.003906257450580597
random,22,2,shardbloom,-0.031249940395355225,-0.003906257450580597
random,22,3,anchorshift,0.031249970197677612,-0.015625011175870895
random,22,3,driftgate,-0.1562500149011612,-0.015625011175870895
random,22,3,fluxpatch,0.0,-0.015625011175870895
random,22,3,motifbridge,0.031249970197677612,-0.015625011175870895
random,22,3,phasenest,-0.03125,-0.015625011175870895
random,22,3,phasesar,-1.4901161193847656e-08,-0.015625011175870895
random,22,3,quorumweave,-0.03125,-0.015625011175870895
random,22,3,shardbloom,0.03125,-0.015625011175870895
random,22,4,anchorshift,-0.0625,-0.02343750186264515
random,22,4,driftgate,-0.031249985098838806,-0.02343750186264515
random,22,4,fluxpatch,-0.0625,-0.02343750186264515
random,22,4,motifbridge,0.06249997019767761,-0.02343750186264515
random,22,4,phasenest,-0.03125,-0.02343750186264515
random,22,4,phasesar,-0.0625,-0.02343750186264515
random,22,4,quorumweave,-0.03125,-0.02343750186264515
random,22,4,shardbloom,0.03125,-0.02343750186264515
random,22,5,anchorshift,-2.9802322387695312e-08,0.003906245343387127
random,22,5,driftgate,0.03125,0.003906245343387127
random,22,5,fluxpatch,0.0625,0.003906245343387127
random,22,5,motifbridge,-0.06250004470348358,0.003906245343387127
random,22,5,phasenest,-0.031249992549419403,0.003906245343387127
random,22,5,phasesar,0.03125,0.003906245343387127
random,22,5,quorumweave,-0.03125,0.003906245343387127
random,22,5,shardbloom,0.03125002980232239,0.003906245343387127
random,22,6,anchorshift,0.0,-0.01171875
random,22,6,driftgate,0.0312500074505806,-0.01171875
random,22,6,fluxpatch,-0.031250014901161194,-0.01171875
random,22,6,motifbridge,-0.03125002980232239,-0.01171875
random,22,6,phasenest,-0.03125,-0.01171875
random,22,6,phasesar,0.0312500074505806,-0.01171875
random,22,6,quorumweave,0.0,-0.01171875
random,22,6,shardbloom,-0.06249997019767761,-0.01171875
random,22,7,anchorshift,0.03125,-0.011718749068677425
random,22,7,driftgate,-0.0937500149011612,-0.011718749068677425
random,22,7,fluxpatch,-0.03125,-0.011718749068677425
random,22,7,motifbridge,0.06249997019767761,-0.011718749068677425
random,22,7,phasenest,-0.031249992549419403,-0.011718749068677425
random,22,7,phasesar,1.4901161193847656e-08,-0.011718749068677425
random,22,7,quorumweave,0.03125,-0.011718749068677425
random,22,7,shardbloom,-0.06249997019767761,-0.011718749068677425
random,22,8,anchorshift,0.0,0.023437505587935448
random,22,8,driftgate,0.031250014901161194,0.023437505587935448
random,22,8,fluxpatch,0.09375,0.023437505587935448
random,22,8,motifbridge,0.031249970197677612,0.023437505587935448
random,22,8,phasenest,0.0,0.023437505587935448
random,22,8,phasesar,0.0,0.023437505587935448
random,22,8,quorumweave,-0.03125,0.023437505587935448
random,22,8,shardbloom,0.06250005960464478,0.023437505587935448
random,23,1,anchorshift,-2.9802322387695312e-08,-0.0039062481373548508
random,23,1,driftgate,0.03125,-0.0039062481373548508
random,23,1,fluxpatch,0.0,-0.0039062481373548508
random,23,1,motifbridge,0.031249985098838806,-0.0039062481373548508
random,23,1,phasenest,0.0,-0.0039062481373548508
random,23,1,phasesar,0.03125,-0.0039062481373548508
random,23,1,quorumweave,-0.0625,-0.0039062481373548508
random,23,1,shardbloom,-0.062499940395355225,-0.0039062481373548508
random,23,2,anchorshift,-2.9802322387695312e-08,-0.003906254656612873
random,23,2,driftgate,-2.2351741790771484e-08,-0.003906254656612873
random,23,2,fluxpatch,0.0,-0.003906254656612873
random,23,2,motifbridge,-1.4901161193847656e-08,-0.003906254656612873
random,23,2,phasenest,2.9802322387695312e-08,-0.003906254656612873
random,23,2,phasesar,0.03125,-0.003906254656612873
random,23,2,quorumweave,0.0,-0.003906254656612873
random,23,2,shardbloom,-0.0625,-0.003906254656612873
random,23,3,anchorshift,-0.09375002980232239,-0.0195312537252903
random,23,3,driftgate,-0.09375,-0.0195312537252903
random,23,3,fluxpatch,0.0,-0.0195312537252903
random,23,3,motifbridge,0.031249970197677612,-0.0195312537252903
random,23,3,phasenest,-2.9802322387695312e-08,-0.0195312537252903
random,23,3,phasesar,0.0625,-0.0195312537252903
random,23,3,quorumweave,0.0,-0.0195312537252903
random,23,3,shardbloom,-0.062499940395355225,-0.0195312537252903
random,23,4,anchorshift,0.0,-0.003906247206032276
random,23,4,driftgate,-0.06249997019767761,-0.003906247206032276
random,23,4,fluxpatch,0.031249970197677612,-0.003906247206032276
random,23,4,motifbridge,-2.9802322387695312e-08,-0.003906247206032276
random,23,4,phasenest,7.450580596923828e-09,-0.003906247206032276
random,23,4,phasesar,0.031250014901161194,-0.003906247206032276
random,23,4,quorumweave,0.0,-0.003906247206032276
random,23,4,shardbloom,-0.031249970197677612,-0.003906247206032276
random,23,5,anchorshift,0.0625,0.01171875186264515
random,23,5,driftgate,-0.031249985098838806,0.01171875186264515
random,23,5,fluxpatch,0.0625,0.01171875186264515
random,23,5,motifbridge,-1.4901161193847656e-08,0.01171875186264515
random,23,5,phasenest,-0.031250014901161194,0.01171875186264515
random,23,5,phasesar,0.03125,0.01171875186264515
random,23,5,quorumweave,-0.03125,0.01171875186264515
random,23,5,shardbloom,0.03125002980232239,0.01171875186264515
random,23,6,anchorshift,0.03125,0.007812503725290298
random,23,6,driftgate,-0.03125,0.007812503725290298
random,23,6,fluxpatch,0.09375,0.007812503725290298
random,23,6,motifbridge,-1.4901161193847656e-08,0.007812503725290298
random,23,6,phasenest,-0.03125,0.007812503725290298
random,23,6,phasesar,1.4901161193847656e-08,0.007812503725290298
random,23,6,quorumweave,-0.0625,0.007812503725290298
random,23,6,shardbloom,0.06250002980232239,0.007812503725290298
random,23,7,anchorshift,-5.960464477539063e-08,0.007812494412064552
random,23,7,driftgate,0.0,0.007812494412064552
random,23,7,fluxpatch,0.0,0.007812494412064552
random,23,7,motifbridge,0.031249985098838806,0.007812494412064552
random,23,7,phasenest,-0.03125,0.007812494412064552
random,23,7,phasesar,0.03125,0.007812494412064552
random,23,7,quorumweave,-0.03125,0.007812494412064552
random,23,7,shardbloom,0.06250002980232239,0.007812494412064552
random,23,8,anchorshift,-5.960464477539063e-08,0.015624992549419403
random,23,8,driftgate,0.0625000149011612,0.015624992549419403
random,23,8,fluxpatch,0.0,0.015624992549419403
random,23,8,motifbridge,0.03124995529651642,0.015624992549419403
random,23,8,phasenest,-0.03125,0.015624992549419403
random,23,8,phasesar,0.09375,0.015624992549419403
random,23,8,quorumweave,0.0,0.015624992549419403
random,23,8,shardbloom,-0.031249970197677612,0.015624992549419403
random,24,1,anchorshift,-2.9802322387695312e-08,-1.1175870895385742e-08
random,24,1,driftgate,-0.06250002980232239,-1.1175870895385742e-08
random,24,1,fluxpatch,0.031249985098838806,-1.1175870895385742e-08
random,24,1,motifbridge,0.031249985098838806,-1.1175870895385742e-08
random,24,1,phasenest,-0.031250014901161194,-1.1175870895385742e-08
random,24,1,phasesar,-1.4901161193847656e-08,-1.1175870895385742e-08
random,24,1,quorumweave,0.0,-1.1175870895385742e-08
random,24,1,shardbloom,0.03125002980232239,-1.1175870895385742e-08
random,24,2,anchorshift,0.0,0.0039062462747097015
random,24,2,driftgate,-0.031250014901161194,0.0039062462747097015
random,24,2,fluxpatch,-0.03125,0.0039062462747097015
random,24,2,motifbridge,0.06249995529651642,0.0039062462747097015
random,24,2,phasenest,-0.031249985098838806,0.0039062462747097015
random,24,2,phasesar,0.0625000149011612,0.0039062462747097015
random,24,2,quorumweave,-0.03125,0.0039062462747097015
random,24,2,shardbloom,0.03125,0.0039062462747097015
random,24,3,anchorshift,-2.9802322387695312e-08,0.0273437462747097
random,24,3,driftgate,0.03125,0.0273437462747097
random,24,3,fluxpatch,0.0625,0.0273437462747097
random,24,3,motifbridge,-2.9802322387695312e-08,0.0273437462747097
random,24,3,phasenest,1.4901161193847656e-08,0.0273437462747097
random,24,3,phasesar,0.031250014901161194,0.0273437462747097
random,24,3,quorumweave,0.0625,0.0273437462747097
random,24,3,shardbloom,0.03125,0.0273437462747097
random,24,4,anchorshift,0.031249970197677612,0.007812495343387127
random,24,4,driftgate,-0.031250014901161194,0.007812495343387127
random,24,4,fluxpatch,-1.4901161193847656e-08,0.007812495343387127
random,24,4,motifbridge,-2.9802322387695312e-08,0.007812495343387127
random,24,4,phasenest,2.2351741790771484e-08,0.007812495343387127
random,24,4,phasesar,-0.0625,0.007812495343387127
random,24,4,quorumweave,0.03125,0.007812495343387127
random,24,4,shardbloom,0.09375002980232239,0.007812495343387127
random,24,5,anchorshift,0.062499940395355225,-2.7939677238464355e-09
random,24,5,driftgate,-0.0937500074505806,-2.7939677238464355e-09
random,24,5,fluxpatch,0.03125,-2.7939677238464355e-09
random,24,5,motifbridge,-1.4901161193847656e-08,-2.7939677238464355e-09
random,24,5,phasenest,-0.0625,-2.7939677238464355e-09
random,24,5,phasesar,2.9802322387695312e-08,-2.7939677238464355e-09
random,24,5,quorumweave,0.0,-2.7939677238464355e-09
random,24,5,shardbloom,0.06250002980232239,-2.7939677238464355e-09
random,24,6,anchorshift,-8.940696716308594e-08,-0.0312500037252903
random,24,6,driftgate,-0.15625,-0.0312500037252903
random,24,6,fluxpatch,0.0,-0.0312500037252903
random,24,6,motifbridge,-0.03125,-0.0312500037252903
random,24,6,phasenest,-0.03125,-0.0312500037252903
random,24,6,phasesar,-0.03125,-0.0312500037252903
random,24,6,quorumweave,0.0,-0.0312500037252903
random,24,6,shardbloom,5.960464477539063e-08,-0.0312500037252903
random,24,7,anchorshift,-0.06250005960464478,-0.003906257450580597
random,24,7,driftgate,-0.0937499850988388,-0.003906257450580597
random,24,7,fluxpatch,-0.03125,-0.003906257450580597
random,24,7,motifbridge,0.03124995529651642,-0.003906257450580597
random,24,7,phasenest,0.03125,-0.003906257450580597
random,24,7,phasesar,0.0625,-0.003906257450580597
random,24,7,quorumweave,0.0,-0.003906257450580597
random,24,7,shardbloom,0.03125002980232239,-0.003906257450580597
random,24,8,anchorshift,-0.031250059604644775,-0.015625005587935448
random,24,8,driftgate,0.0,-0.015625005587935448
random,24,8,fluxpatch,-0.031249985098838806,-0.015625005587935448
random,24,8,motifbridge,-0.03125002980232239,-0.015625005587935448
random,24,8,phasenest,0.0,-0.015625005587935448
random,24,8,phasesar,0.03125,-0.015625005587935448
random,24,8,quorumweave,-0.03125,-0.015625005587935448
random,24,8,shardbloom,-0.031249970197677612,-0.015625005587935448
random,25,1,anchorshift,-0.09375,-0.019531250931322575
random,25,1,driftgate,-1.4901161193847656e-08,-0.019531250931322575
random,25,1,fluxpatch,0.0,-0.019531250931322575
random,25,1,motifbridge,0.03124997764825821,-0.019531250931322575
random,25,1,phasenest,-0.0625,-0.019531250931322575
random,25,1,phasesar,0.03125,-0.019531250931322575
random,25,1,quorumweave,-0.03125,-0.019531250931322575
random,25,1,shardbloom,-0.031249970197677612,-0.019531250931322575
random,25,2,anchorshift,-8.940696716308594e-08,0.007812492549419403
random,25,2,driftgate,-0.0625,0.007812492549419403
random,25,2,fluxpatch,0.0,0.007812492549419403
random,25,2,motifbridge,0.03125,0.007812492549419403
random,25,2,phasenest,0.0625,0.007812492549419403
random,25,2,phasesar,0.0,0.007812492549419403
random,25,2,quorumweave,-0.03125,0.007812492549419403
random,25,2,shardbloom,0.06250002980232239,0.007812492549419403
random,25,3,anchorshift,-0.03125002980232239,0.01953124813735485
random,25,3,driftgate,-0.03125,0.01953124813735485
random,25,3,fluxpatch,0.0625,0.01953124813735485
random,25,3,motifbridge,0.09375,0.01953124813735485
random,25,3,phasenest,0.03125,0.01953124813735485
random,25,3,phasesar,-1.4901161193847656e-08,0.01953124813735485
random,25,3,quorumweave,0.03125,0.01953124813735485
random,25,3,shardbloom,2.9802322387695312e-08,0.01953124813735485
random,25,4,anchorshift,-5.960464477539063e-08,-0.015625007450580597
random,25,4,driftgate,-0.125,-0.015625007450580597
random,25,4,fluxpatch,0.03125,-0.015625007450580597
random,25,4,motifbridge,-2.9802322387695312e-08,-0.015625007450580597
random,25,4,phasenest,-1.4901161193847656e-08,-0.015625007450580597
random,25,4,phasesar,-0.031249985098838806,-0.015625007450580597
random,25,4,quorumweave,0.0,-0.015625007450580597
random,25,4,shardbloom,2.9802322387695312e-08,-0.015625007450580597
random,25,5,anchorshift,-0.0625,-0.02734375186264515
random,25,5,driftgate,-0.031250014901161194,-0.02734375186264515
random,25,5,fluxpatch,-0.03125,-0.02734375186264515
random,25,5,motifbridge,-0.06250002980232239,-0.02734375186264515
random,25,5,phasenest,-0.03125,-0.02734375186264515
random,25,5,phasesar,0.0,-0.02734375186264515
random,25,5,quorumweave,0.0,-0.02734375186264515
random,25,5,shardbloom,2.9802322387695312e-08,-0.02734375186264515
random,25,6,anchorshift,-0.06250002980232239,-0.007812503725290298
random,25,6,driftgate,-0.09375,-0.007812503725290298
random,25,6,fluxpatch,0.03125,-0.007812503725290298
random,25,6,motifbridge,-0.03125002980232239,-0.007812503725290298
random,25,6,phasenest,0.03125,-0.007812503725290298
random,25,6,phasesar,0.03125,-0.007812503725290298
random,25,6,quorumweave,0.03125,-0.007812503725290298
random,25,6,shardbloom,2.9802322387695312e-08,-0.007812503725290298
random,25,7,anchorshift,0.031249970197677612,-0.015625007450580597
random,25,7,driftgate,-0.0625,-0.015625007450580597
random,25,7,fluxpatch,0.03125,-0.015625007450580597
random,25,7,motifbridge,-0.06250002980232239,-0.015625007450580597
random,25,7,phasenest,-0.03125,-0.015625007450580597
random,25,7,phasesar,-0.03125,-0.015625007450580597
random,25,7,quorumweave,0.0,-0.015625007450580597
random,25,7,shardbloom,0.0,-0.015625007450580597
random,25,8,anchorshift,-5.960464477539063e-08,-0.011718757450580597
random,25,8,driftgate,-0.0625,-0.011718757450580597
random,25,8,fluxpatch,0.0,-0.011718757450580597
random,25,8,motifbridge,-2.9802322387695312e-08,-0.011718757450580597
random,25,8,phasenest,0.03125,-0.011718757450580597
random,25,8,phasesar,-0.03125,-0.011718757450580597
random,25,8,quorumweave,0.03125,-0.011718757450580597
random,25,8,shardbloom,-0.06249997019767761,-0.011718757450580597
random,26,1,anchorshift,-0.06250002980232239,-0.0390625
random,26,1,driftgate,-0.15625,-0.0390625
random,26,1,fluxpatch,0.0,-0.0390625
random,26,1,motifbridge,-0.03125002980232239,-0.0390625
random,26,1,phasenest,-0.0625,-0.0390625
random,26,1,phasesar,0.03125,-0.0390625
random,26,1,quorumweave,-0.03125,-0.0390625
random,26,1,shardbloom,5.960464477539063e-08,-0.0390625
random,26,2,anchorshift,-2.9802322387695312e-08,-1.862645149230957e-09
random,26,2,driftgate,-0.03125,-1.862645149230957e-09
random,26,2,fluxpatch,0.0,-1.862645149230957e-09
random,26,2,motifbridge,0.06249995529651642,-1.862645149230957e-09
random,26,2,phasenest,0.0,-1.862645149230957e-09
random,26,2,phasesar,2.9802322387695312e-08,-1.862645149230957e-09
random,26,2,quorumweave,-0.03125,-1.862645149230957e-09
random,26,2,shardbloom,2.9802322387695312e-08,-1.862645149230957e-09
random,26,3,anchorshift,-0.03125002980232239,1.862645149230957e-09
random,26,3,driftgate,-0.031249970197677612,1.862645149230957e-09
random,26,3,fluxpatch,0.0,1.862645149230957e-09
random,26,3,motifbridge,0.03125,1.862645149230957e-09
random,26,3,phasenest,0.0625,1.862645149230957e-09
random,26,3,phasesar,-1.4901161193847656e-08,1.862645149230957e-09
random,26,3,quorumweave,-0.03125,1.862645149230957e-09
random,26,3,shardbloom,2.9802322387695312e-08,1.862645149230957e-09
random,26,4,anchorshift,0.031249940395355225,-0.007812505587935448
random,26,4,driftgate,-0.0625,-0.007812505587935448
random,26,4,fluxpatch,-1.4901161193847656e-08,-0.007812505587935448
random,26,4,motifbridge,-0.031250014901161194,-0.007812505587935448
random,26,4,phasenest,0.0,-0.007812505587935448
random,26,4,phasesar,-0.031249985098838806,-0.007812505587935448
random,26,4,quorumweave,0.0,-0.007812505587935448
random,26,4,shardbloom,0.03125002980232239,-0.007812505587935448
random,26,5,anchorshift,-0.031250059604644775,-0.0312500037252903
random,26,5,driftgate,-0.031249985098838806,-0.0312500037252903
random,26,5,fluxpatch,0.0,-0.0312500037252903
random,26,5,motifbridge,0.03124995529651642,-0.0312500037252903
random,26,5,phasenest,-0.062499985098838806,-0.0312500037252903
random,26,5,phasesar,1.4901161193847656e-08,-0.0312500037252903
random,26,5,quorumweave,-0.0625,-0.0312500037252903
random,26,5,shardbloom,-0.09374997019767761,-0.0312500037252903
random,26,6,anchorshift,-0.031250059604644775,-0.01562501024454832
random,26,6,driftgate,-0.09375,-0.01562501024454832
random,26,6,fluxpatch,0.031249970197677612,-0.01562501024454832
random,26,6,motifbridge,-2.2351741790771484e-08,-0.01562501024454832
random,26,6,phasenest,-0.0625,-0.01562501024454832
random,26,6,phasesar,0.03125,-0.01562501024454832
random,26,6,quorumweave,0.0,-0.01562501024454832
random,26,6,shardbloom,2.9802322387695312e-08,-0.01562501024454832
random,26,7,anchorshift,-0.03125002980232239,-0.0234375037252903
random,26,7,driftgate,-0.03125,-0.0234375037252903
random,26,7,fluxpatch,0.0,-0.0234375037252903
random,26,7,motifbridge,-4.470348358154297e-08,-0.0234375037252903
random,26,7,phasenest,0.0,-0.0234375037252903
random,26,7,phasesar,-0.031249985098838806,-0.0234375037252903
random,26,7,quorumweave,-0.0625,-0.0234375037252903
random,26,7,shardbloom,-0.031249970197677612,-0.0234375037252903
random,26,8,anchorshift,-0.03125002980232239,-0.02734375186264515
random,26,8,driftgate,-0.0937500074505806,-0.02734375186264515
random,26,8,fluxpatch,-0.03125,-0.02734375186264515
random,26,8,motifbridge,0.06249997019767761,-0.02734375186264515
random,26,8,phasenest,-0.0937499925494194,-0.02734375186264515
random,26,8,phasesar,0.0625000149011612,-0.02734375186264515
random,26,8,quorumweave,-0.03125,-0.02734375186264515
random,26,8,shardbloom,-0.06249997019767761,-0.02734375186264515
random,27,1,anchorshift,-2.9802322387695312e-08,-0.02734375
random,27,1,driftgate,-0.03125002980232239,-0.02734375
random,27,1,fluxpatch,-0.03125,-0.02734375
random,27,1,motifbridge,-0.03125002980232239,-0.02734375
random,27,1,phasenest,-0.03125,-0.02734375
random,27,1,phasesar,-0.031249970197677612,-0.02734375
random,27,1,quorumweave,-0.03125,-0.02734375
random,27,1,shardbloom,-0.031249940395355225,-0.02734375
random,27,2,anchorshift,-2.9802322387695312e-08,-0.01953125186264515
random,27,2,driftgate,-0.0625,-0.01953125186264515
random,27,2,fluxpatch,-0.062499985098838806,-0.01953125186264515
random,27,2,motifbridge,-0.06250002980232239,-0.01953125186264515
random,27,2,phasenest,-0.0625000149011612,-0.01953125186264515
random,27,2,phasesar,0.031250014901161194,-0.01953125186264515
random,27,2,quorumweave,0.0625,-0.01953125186264515
random,27,2,shardbloom,2.9802322387695312e-08,-0.01953125186264515
random,27,3,anchorshift,-0.03125,1.862645149230957e-09
random,27,3,driftgate,-0.03125,1.862645149230957e-09
random,27,3,fluxpatch,-0.03125,1.862645149230957e-09
random,27,3,motifbridge,0.031249985098838806,1.862645149230957e-09
random,27,3,phasenest,-0.03125,1.862645149230957e-09
random,27,3,phasesar,0.03125,1.862645149230957e-09
random,27,3,quorumweave,0.03125,1.862645149230957e-09
random,27,3,shardbloom,0.03125002980232239,1.862645149230957e-09
random,27,4,anchorshift,0.06249997019767761,-0.01562499813735485
random,27,4,driftgate,-0.03125,-0.01562499813735485
random,27,4,fluxpatch,-0.03125,-0.01562499813735485
random,27,4,motifbridge,0.031249985098838806,-0.01562499813735485
random,27,4,phasenest,-0.0937500149011612,-0.01562499813735485
random,27,4,phasesar,1.4901161193847656e-08,-0.01562499813735485
random,27,4,quorumweave,-0.03125,-0.01562499813735485
random,27,4,shardbloom,-0.031249940395355225,-0.01562499813735485
random,27,5,anchorshift,-2.9802322387695312e-08,-0.011718761175870895
random,27,5,driftgate,-0.09375,-0.011718761175870895
random,27,5,fluxpatch,-0.03125,-0.011718761175870895
random,27,5,motifbridge,-2.9802322387695312e-08,-0.011718761175870895
random,27,5,phasenest,-0.03125002980232239,-0.011718761175870895
random,27,5,phasesar,0.03125,-0.011718761175870895
random,27,5,quorumweave,0.03125,-0.011718761175870895
random,27,5,shardbloom,0.0,-0.011718761175870895
random,27,6,anchorshift,0.03125,-0.03906250186264515
random,27,6,driftgate,-0.125,-0.03906250186264515
random,27,6,fluxpatch,-0.03125,-0.03906250186264515
random,27,6,motifbridge,-0.09375002980232239,-0.03906250186264515
random,27,6,phasenest,-0.031250014901161194,-0.03906250186264515
random,27,6,phasesar,-0.0625,-0.03906250186264515
random,27,6,quorumweave,0.0,-0.03906250186264515
random,27,6,shardbloom,2.9802322387695312e-08,-0.03906250186264515
random,27,7,anchorshift,-0.09375,-0.01171875
random,27,7,driftgate,-1.4901161193847656e-08,-0.01171875
random,27,7,fluxpatch,0.031250059604644775,-0.01171875
random,27,7,motifbridge,-0.06250002980232239,-0.01171875
random,27,7,phasenest,-2.9802322387695312e-08,-0.01171875
random,27,7,phasesar,0.031249985098838806,-0.01171875
random,27,7,quorumweave,0.0,-0.01171875
random,27,7,shardbloom,2.9802322387695312e-08,-0.01171875
random,27,8,anchorshift,0.031249970197677612,0.0078125
random,27,8,driftgate,-0.0625,0.0078125
random,27,8,fluxpatch,-0.03125,0.0078125
random,27,8,motifbridge,0.031249962747097015,0.0078125
random,27,8,phasenest,0.03125002980232239,0.0078125
random,27,8,phasesar,0.0312500074505806,0.0078125
random,27,8,quorumweave,0.03125,0.0078125
random,27,8,shardbloom,2.9802322387695312e-08,0.0078125
random,28,1,anchorshift,-5.960464477539063e-08,0.007812492549419403
random,28,1,driftgate,-0.0625000074505806,0.007812492549419403
random,28,1,fluxpatch,-0.03125,0.007812492549419403
random,28,1,motifbridge,0.031249970197677612,0.007812492549419403
random,28,1,phasenest,0.0625000074505806,0.007812492549419403
random,28,1,phasesar,0.0625,0.007812492549419403
random,28,1,quorumweave,0.03125,0.007812492549419403
random,28,1,shardbloom,-0.031249970197677612,0.007812492549419403
random,28,2,anchorshift,0.03125,-0.019531240686774254
random,28,2,driftgate,-0.09375,-0.019531240686774254
random,28,2,fluxpatch,-0.03125,-0.019531240686774254
random,28,2,motifbridge,-0.0625000149011612,-0.019531240686774254
random,28,2,phasenest,2.9802322387695312e-08,-0.019531240686774254
random,28,2,phasesar,0.03125,-0.019531240686774254
random,28,2,quorumweave,0.0,-0.019531240686774254
random,28,2,shardbloom,-0.031249940395355225,-0.019531240686774254
random,28,3,anchorshift,-5.960464477539063e-08,-0.01953125186264515
random,28,3,driftgate,-0.0625,-0.01953125186264515
random,28,3,fluxpatch,0.031249985098838806,-0.01953125186264515
random,28,3,motifbridge,-0.031250014901161194,-0.01953125186264515
random,28,3,phasenest,-0.062499985098838806,-0.01953125186264515
random,28,3,phasesar,0.03125,-0.01953125186264515
random,28,3,quorumweave,0.0,-0.01953125186264515
random,28,3,shardbloom,-0.062499940395355225,-0.01953125186264515
random,28,4,anchorshift,-2.9802322387695312e-08,-7.450580596923828e-09
random,28,4,driftgate,-0.09375,-7.450580596923828e-09
random,28,4,fluxpatch,0.03125,-7.450580596923828e-09
random,28,4,motifbridge,0.031249970197677612,-7.450580596923828e-09
random,28,4,phasenest,-0.03125,-7.450580596923828e-09
random,28,4,phasesar,0.03125,-7.450580596923828e-09
random,28,4,quorumweave,0.03125,-7.450580596923828e-09
random,28,4,shardbloom,0.0,-7.450580596923828e-09
random,28,5,anchorshift,-0.031250059604644775,-0.015625011175870895
random,28,5,driftgate,-0.09375,-0.015625011175870895
random,28,5,fluxpatch,-0.03125,-0.015625011175870895
random,28,5,motifbridge,0.031249970197677612,-0.015625011175870895
random,28,5,phasenest,-0.03125,-0.015625011175870895
random,28,5,phasesar,0.031249970197677612,-0.015625011175870895
random,28,5,quorumweave,0.0,-0.015625011175870895
random,28,5,shardbloom,2.9802322387695312e-08,-0.015625011175870895
random,28,6,anchorshift,0.031249940395355225,-0.003906261175870895
random,28,6,driftgate,-0.0625000149011612,-0.003906261175870895
random,28,6,fluxpatch,0.0,-0.003906261175870895
random,28,6,motifbridge,0.031249970197677612,-0.003906261175870895
random,28,6,phasenest,0.031249985098838806,-0.003906261175870895
random,28,6,phasesar,-0.09375,-0.003906261175870895
random,28,6,quorumweave,0.0625,-0.003906261175870895
random,28,6,shardbloom,-0.031249970197677612,-0.003906261175870895
random,28,7,anchorshift,-2.9802322387695312e-08,0.011718740686774254
random,28,7,driftgate,-0.062499985098838806,0.011718740686774254
random,28,7,fluxpatch,-0.03125,0.011718740686774254
random,28,7,motifbridge,0.03124995529651642,0.011718740686774254
random,28,7,phasenest,0.031249985098838806,0.011718740686774254
random,28,7,phasesar,0.03125,0.011718740686774254
random,28,7,quorumweave,0.0,0.011718740686774254
random,28,7,shardbloom,0.09375,0.011718740686774254
random,28,8,anchorshift,0.031249970197677612,-0.015624995343387127
random,28,8,driftgate,-0.0625,-0.015624995343387127
random,28,8,fluxpatch,-0.03125,-0.015624995343387127
random,28,8,motifbridge,-1.4901161193847656e-08,-0.015624995343387127
random,28,8,phasenest,3.725290298461914e-08,-0.015624995343387127
random,28,8,phasesar,1.4901161193847656e-08,-0.015624995343387127
random,28,8,quorumweave,-0.09375,-0.015624995343387127
random,28,8,shardbloom,0.03125002980232239,-0.015624995343387127
random,29,1,anchorshift,-0.03125002980232239,-0.0312499962747097
random,29,1,driftgate,-0.0625000149011612,-0.0312499962747097
random,29,1,fluxpatch,0.0,-0.0312499962747097
random,29,1,motifbridge,-0.03125,-0.0312499962747097
random,29,1,phasenest,-0.03125,-0.0312499962747097
random,29,1,phasesar,-0.062499985098838806,-0.0312499962747097
random,29,1,quorumweave,-0.03125,-0.0312499962747097
random,29,1,shardbloom,5.960464477539063e-08,-0.0312499962747097
random,29,2,anchorshift,-2.9802322387695312e-08,-0.03515624813735485
random,29,2,driftgate,-0.125,-0.03515624813735485
random,29,2,fluxpatch,-0.031250014901161194,-0.03515624813735485
random,29,2,motifbridge,-0.0625,-0.03515624813735485
random,29,2,phasenest,-0.031249970197677612,-0.03515624813735485
random,29,2,phasesar,-0.03125,-0.03515624813735485
random,29,2,quorumweave,0.03125,-0.03515624813735485
random,29,2,shardbloom,-0.031249970197677612,-0.03515624813735485
random,29,3,anchorshift,-0.06250002980232239,-0.054687509313225746
random,29,3,driftgate,-0.125,-0.054687509313225746
random,29,3,fluxpatch,-0.0625,-0.054687509313225746
random,29,3,motifbridge,-0.06250002980232239,-0.054687509313225746
random,29,3,phasenest,-0.03125,-0.054687509313225746
random,29,3,phasesar,-0.031250014901161194,-0.054687509313225746
random,29,3,quorumweave,0.0,-0.054687509313225746
random,29,3,shardbloom,-0.0625,-0.054687509313225746
random,29,4,anchorshift,-0.03125002980232239,-0.011718753725290298
random,29,4,driftgate,-0.03125,-0.011718753725290298
random,29,4,fluxpatch,0.03125,-0.011718753725290298
random,29,4,motifbridge,0.0625,-0.011718753725290298
random,29,4,phasenest,-0.03125002980232239,-0.011718753725290298
random,29,4,phasesar,-0.03125,-0.011718753725290298
random,29,4,quorumweave,-0.03125,-0.011718753725290298
random,29,4,shardbloom,-0.031249970197677612,-0.011718753725290298
random,29,5,anchorshift,-0.06250002980232239,-0.027343747206032276
random,29,5,driftgate,-0.0625000074505806,-0.027343747206032276
random,29,5,fluxpatch,-0.03124992549419403,-0.027343747206032276
random,29,5,motifbridge,-2.9802322387695312e-08,-0.027343747206032276
random,29,5,phasenest,0.031249970197677612,-0.027343747206032276
random,29,5,phasesar,-0.031249985098838806,-0.027343747206032276
random,29,5,quorumweave,0.0,-0.027343747206032276
random,29,5,shardbloom,-0.06249997019767761,-0.027343747206032276
random,29,6,anchorshift,-5.960464477539063e-08,-0.007812505587935448
random,29,6,driftgate,-0.0625000149011612,-0.007812505587935448
random,29,6,fluxpatch,0.0,-0.007812505587935448
random,29,6,motifbridge,0.0,-0.007812505587935448
random,29,6,phasenest,-0.03125,-0.007812505587935448
random,29,6,phasesar,0.03125,-0.007812505587935448
random,29,6,quorumweave,0.0,-0.007812505587935448
random,29,6,shardbloom,2.9802322387695312e-08,-0.007812505587935448
random,29,7,anchorshift,-0.03125002980232239,0.0039062462747097015
random,29,7,driftgate,-0.03125,0.0039062462747097015
random,29,7,fluxpatch,0.09375,0.0039062462747097015
random,29,7,motifbridge,-0.031250059604644775,0.0039062462747097015
random,29,7,phasenest,2.9802322387695312e-08,0.0039062462747097015
random,29,7,phasesar,0.03125,0.0039062462747097015
random,29,7,quorumweave,0.0,0.0039062462747097015
random,29,7,shardbloom,2.9802322387695312e-08,0.0039062462747097015
random,29,8,anchorshift,0.031249970197677612,-9.313225746154785e-10
random,29,8,driftgate,-0.0625000149011612,-9.313225746154785e-10
random,29,8,fluxpatch,4.470348358154297e-08,-9.313225746154785e-10
random,29,8,motifbridge,0.06249995529651642,-9.313225746154785e-10
random,29,8,phasenest,3.725290298461914e-08,-9.313225746154785e-10
random,29,8,phasesar,-0.03125,-9.313225746154785e-10
random,29,8,quorumweave,0.03125,-9.313225746154785e-10
random,29,8,shardbloom,-0.03125,-9.313225746154785e-10
random,30,1,anchorshift,-0.09375005960464478,-0.003906260244548321
random,30,1,driftgate,-1.4901161193847656e-08,-0.003906260244548321
random,30,1,fluxpatch,0.03125,-0.003906260244548321
random,30,1,motifbridge,-2.9802322387695312e-08,-0.003906260244548321
random,30,1,phasenest,7.450580596923828e-09,-0.003906260244548321
random,30,1,phasesar,0.031249985098838806,-0.003906260244548321
random,30,1,quorumweave,0.0,-0.003906260244548321
random,30,1,shardbloom,2.9802322387695312e-08,-0.003906260244548321
random,30,2,anchorshift,0.031249970197677612,0.023437495343387127
random,30,2,driftgate,0.031249992549419403,0.023437495343387127
random,30,2,fluxpatch,0.03125,0.023437495343387127
random,30,2,motifbridge,-0.03125002980232239,0.023437495343387127
random,30,2,phasenest,0.0625,0.023437495343387127
random,30,2,phasesar,0.03125,0.023437495343387127
random,30,2,quorumweave,0.0,0.023437495343387127
random,30,2,shardbloom,0.03125002980232239,0.023437495343387127
random,30,3,anchorshift,-2.9802322387695312e-08,0.00781250186264515
random,30,3,driftgate,0.0,0.00781250186264515
random,30,3,fluxpatch,0.0,0.00781250186264515
random,30,3,motifbridge,0.03125,0.00781250186264515
random,30,3,phasenest,-0.031249985098838806,0.00781250186264515
random,30,3,phasesar,0.0,0.00781250186264515
random,30,3,quorumweave,0.0,0.00781250186264515
random,30,3,shardbloom,0.06250002980232239,0.00781250186264515
random,30,4,anchorshift,-2.9802322387695312e-08,-0.011718755587935448
random,30,4,driftgate,-0.031249985098838806,-0.011718755587935448
random,30,4,fluxpatch,0.0,-0.011718755587935448
random,30,4,motifbridge,-4.470348358154297e-08,-0.011718755587935448
random,30,4,phasenest,-0.031250014901161194,-0.011718755587935448
random,30,4,phasesar,0.0,-0.011718755587935448
random,30,4,quorumweave,-0.03125,-0.011718755587935448
random,30,4,shardbloom,2.9802322387695312e-08,-0.011718755587935448
random,30,5,anchorshift,-0.031250059604644775,0.011718738824129105
random,30,5,driftgate,0.031250014901161194,0.011718738824129105
random,30,5,fluxpatch,0.06249997019767761,0.011718738824129105
random,30,5,motifbridge,-0.03125002980232239,0.011718738824129105
random,30,5,phasenest,0.0,0.011718738824129105
random,30,5,phasesar,0.062499985098838806,0.011718738824129105
random,30,5,quorumweave,0.0,0.011718738824129105
random,30,5,shardbloom,2.9802322387695312e-08,0.011718738824129105
random,30,6,anchorshift,0.031249940395355225,0.011718743480741978
random,30,6,driftgate,-7.450580596923828e-09,0.011718743480741978
random,30,6,fluxpatch,2.9802322387695312e-08,0.011718743480741978
random,30,6,motifbridge,0.06249995529651642,0.011718743480741978
random,30,6,phasenest,-0.0625,0.011718743480741978
random,30,6,phasesar,0.03125,0.011718743480741978
random,30,6,quorumweave,0.0,0.011718743480741978
random,30,6,shardbloom,0.03125002980232239,0.011718743480741978
random,30,7,anchorshift,-5.960464477539063e-08,-0.0039062537252902985
random,30,7,driftgate,-0.062499985098838806,-0.0039062537252902985
random,30,7,fluxpatch,0.03125,-0.0039062537252902985
random,30,7,motifbridge,0.031249970197677612,-0.0039062537252902985
random,30,7,phasenest,0.03125,-0.0039062537252902985
random,30,7,phasesar,1.4901161193847656e-08,-0.0039062537252902985
random,30,7,quorumweave,-0.03125,-0.0039062537252902985
random,30,7,shardbloom,-0.031249970197677612,-0.0039062537252902985
random,30,8,anchorshift,0.06249997019767761,-9.313225746154785e-10
random,30,8,driftgate,-0.03125,-9.313225746154785e-10
random,30,8,fluxpatch,-0.0625,-9.313225746154785e-10
random,30,8,motifbridge,0.031249985098838806,-9.313225746154785e-10
random,30,8,phasenest,0.0312500074505806,-9.313225746154785e-10
random,30,8,phasesar,0.03125,-9.313225746154785e-10
random,30,8,quorumweave,-0.03125,-9.313225746154785e-10
random,30,8,shardbloom,-0.031249970197677612,-9.313225746154785e-10
random,31,1,anchorshift,-0.03125002980232239,-0.019531255587935448
random,31,1,driftgate,-0.09375,-0.019531255587935448
random,31,1,fluxpatch,-0.0625000149011612,-0.019531255587935448
random,31,1,motifbridge,0.03125,-0.019531255587935448
random,31,1,phasenest,-2.9802322387695312e-08,-0.019531255587935448
random,31,1,phasesar,0.03125,-0.019531255587935448
random,31,1,quorumweave,-0.03125,-0.019531255587935448
random,31,1,shardbloom,2.9802322387695312e-08,-0.019531255587935448
random,31,2,anchorshift,-2.9802322387695312e-08,-0.00390625
random,31,2,driftgate,-0.09375,-0.00390625
random,31,2,fluxpatch,0.0,-0.00390625
random,31,2,motifbridge,0.031249985098838806,-0.00390625
random,31,2,phasenest,0.0,-0.00390625
random,31,2,phasesar,0.031250014901161194,-0.00390625
random,31,2,quorumweave,0.03125,-0.00390625
random,31,2,shardbloom,-0.031249970197677612,-0.00390625
random,31,3,anchorshift,0.031249970197677612,-2.7939677238464355e-09
random,31,3,driftgate,-0.125,-2.7939677238464355e-09
random,31,3,fluxpatch,0.0,-2.7939677238464355e-09
random,31,3,motifbridge,0.06249997019767761,-2.7939677238464355e-09
random,31,3,phasenest,-0.031249992549419403,-2.7939677238464355e-09
random,31,3,phasesar,0.03125,-2.7939677238464355e-09
random,31,3,quorumweave,0.0,-2.7939677238464355e-09
random,31,3,shardbloom,0.03125002980232239,-2.7939677238464355e-09
random,31,4,anchorshift,-0.03125002980232239,-0.011718754656612873
random,31,4,driftgate,-0.0625,-0.011718754656612873
random,31,4,fluxpatch,1.4901161193847656e-08,-0.011718754656612873
random,31,4,motifbridge,0.06249994784593582,-0.011718754656612873
random,31,4,phasenest,-0.03125,-0.011718754656612873
random,31,4,phasesar,-0.09375,-0.011718754656612873
random,31,4,quorumweave,0.03125,-0.011718754656612873
random,31,4,shardbloom,0.03125002980232239,-0.011718754656612873
random,31,5,anchorshift,-0.031250059604644775,-0.023437513038516045
random,31,5,driftgate,-0.09375,-0.023437513038516045
random,31,5,fluxpatch,0.0,-0.023437513038516045
random,31,5,motifbridge,0.031249985098838806,-0.023437513038516045
random,31,5,phasenest,-2.9802322387695312e-08,-0.023437513038516045
random,31,5,phasesar,-0.0625,-0.023437513038516045
random,31,5,quorumweave,-0.03125,-0.023437513038516045
random,31,5,shardbloom,0.0,-0.023437513038516045
random,31,6,anchorshift,-0.03125002980232239,-0.02343750838190317
random,31,6,driftgate,-0.0625000074505806,-0.02343750838190317
random,31,6,fluxpatch,-0.0937500149011612,-0.02343750838190317
random,31,6,motifbridge,0.062499985098838806,-0.02343750838190317
random,31,6,phasenest,-0.03125002980232239,-0.02343750838190317
random,31,6,phasesar,0.03125,-0.02343750838190317
random,31,6,quorumweave,-0.0625,-0.02343750838190317
random,31,6,shardbloom,2.9802322387695312e-08,-0.02343750838190317
random,31,7,anchorshift,-0.03125002980232239,-0.011718750931322575
random,31,7,driftgate,-0.09375,-0.011718750931322575
random,31,7,fluxpatch,-0.0625,-0.011718750931322575
random,31,7,motifbridge,0.031249970197677612,-0.011718750931322575
random,31,7,phasenest,7.450580596923828e-09,-0.011718750931322575
random,31,7,phasesar,0.031250014901161194,-0.011718750931322575
random,31,7,quorumweave,0.0,-0.011718750931322575
random,31,7,shardbloom,0.03125002980232239,-0.011718750931322575
random,31,8,anchorshift,-2.9802322387695312e-08,-0.007812509313225746
random,31,8,driftgate,-0.0625,-0.007812509313225746
random,31,8,fluxpatch,-0.0625000149011612,-0.007812509313225746
random,31,8,motifbridge,-5.960464477539063e-08,-0.007812509313225746
random,31,8,phasenest,-0.03125,-0.007812509313225746
random,31,8,phasesar,0.03125,-0.007812509313225746
random,31,8,quorumweave,0.0625,-0.007812509313225746
random,31,8,shardbloom,2.9802322387695312e-08,-0.007812509313225746
random,32,1,anchorshift,-0.03125002980232239,0.007812498137354851
random,32,1,driftgate,1.4901161193847656e-08,0.007812498137354851
random,32,1,fluxpatch,-0.03125,0.007812498137354851
random,32,1,motifbridge,0.09374995529651642,0.007812498137354851
random,32,1,phasenest,0.03125,0.007812498137354851
random,32,1,phasesar,-0.031249985098838806,0.007812498137354851
random,32,1,quorumweave,0.0625,0.007812498137354851
random,32,1,shardbloom,-0.031249970197677612,0.007812498137354851
random,32,2,anchorshift,-0.03125,-0.00781250186264515
random,32,2,driftgate,-1.4901161193847656e-08,-0.00781250186264515
random,32,2,fluxpatch,0.0625,-0.00781250186264515
random,32,2,motifbridge,-2.9802322387695312e-08,-0.00781250186264515
random,32,2,phasenest,0.0,-0.00781250186264515
random,32,2,phasesar,0.0,-0.00781250186264515
random,32,2,quorumweave,-0.0625,-0.00781250186264515
random,32,2,shardbloom,-0.031249970197677612,-0.00781250186264515
random,32,3,anchorshift,-0.03125,0.0195312537252903
random,32,3,driftgate,0.031250014901161194,0.0195312537252903
random,32,3,fluxpatch,-0.03125,0.0195312537252903
random,32,3,motifbridge,0.031249985098838806,0.0195312537252903
random,32,3,phasenest,0.03125,0.0195312537252903
random,32,3,phasesar,0.0625,0.0195312537252903
random,32,3,quorumweave,0.03125,0.0195312537252903
random,32,3,shardbloom,0.03125002980232239,0.0195312537252903
random,32,4,anchorshift,-0.03125002980232239,-0.011718750931322575
random,32,4,driftgate,7.450580596923828e-09,-0.011718750931322575
random,32,4,fluxpatch,1.4901161193847656e-08,-0.011718750931322575
random,32,4,motifbridge,-2.9802322387695312e-08,-0.011718750931322575
random,32,4,phasenest,-0.0625,-0.011718750931322575
random,32,4,phasesar,0.0,-0.011718750931322575
random,32,4,quorumweave,0.0,-0.011718750931322575
random,32,4,shardbloom,2.9802322387695312e-08,-0.011718750931322575
random,32,5,anchorshift,-0.03125002980232239,-0.01171875
random,32,5,driftgate,-0.0937499850988388,-0.01171875
random,32,5,fluxpatch,0.0,-0.01171875
random,32,5,motifbridge,-0.03125002980232239,-0.01171875
random,32,5,phasenest,0.0,-0.01171875
random,32,5,phasesar,1.4901161193847656e-08,-0.01171875
random,32,5,quorumweave,0.0625,-0.01171875
random,32,5,shardbloom,2.9802322387695312e-08,-0.01171875
random,32,6,anchorshift,0.06249997019767761,-0.007812502793967724
random,32,6,driftgate,-0.0937499850988388,-0.007812502793967724
random,32,6,fluxpatch,-1.4901161193847656e-08,-0.007812502793967724
random,32,6,motifbridge,-0.031250014901161194,-0.007812502793967724
random,32,6,phasenest,-0.0625000074505806,-0.007812502793967724
random,32,6,phasesar,0.0,-0.007812502793967724
random,32,6,quorumweave,0.0,-0.007812502793967724
random,32,6,shardbloom,0.06250002980232239,-0.007812502793967724
random,32,7,anchorshift,-0.031250059604644775,-0.0234375037252903
random,32,7,driftgate,-0.0937499850988388,-0.0234375037252903
random,32,7,fluxpatch,0.0625,-0.0234375037252903
random,32,7,motifbridge,-0.03125002980232239,-0.0234375037252903
random,32,7,phasenest,0.0,-0.0234375037252903
random,32,7,phasesar,1.4901161193847656e-08,-0.0234375037252903
random,32,7,quorumweave,-0.0625,-0.0234375037252903
random,32,7,shardbloom,-0.031249970197677612,-0.0234375037252903
random,32,8,anchorshift,0.031249970197677612,0.003906242549419403
random,32,8,driftgate,-0.0937499850988388,0.003906242549419403
random,32,8,fluxpatch,-1.4901161193847656e-08,0.003906242549419403
random,32,8,motifbridge,0.031249970197677612,0.003906242549419403
random,32,8,phasenest,0.06249997019767761,0.003906242549419403
random,32,8,phasesar,-0.03125,0.003906242549419403
random,32,8,quorumweave,-0.03125,0.003906242549419403
random,32,8,shardbloom,0.06250002980232239,0.003906242549419403
random,33,1,anchorshift,-0.03125002980232239,0.0039062434807419777
random,33,1,driftgate,-0.0625,0.0039062434807419777
random,33,1,fluxpatch,-0.03125,0.0039062434807419777
random,33,1,motifbridge,0.031249970197677612,0.0039062434807419777
random,33,1,phasenest,7.450580596923828e-09,0.0039062434807419777
random,33,1,phasesar,0.03125,0.0039062434807419777
random,33,1,quorumweave,0.0625,0.0039062434807419777
random,33,1,shardbloom,0.03125,0.0039062434807419777
random,33,2,anchorshift,0.0,-0.0273437537252903
random,33,2,driftgate,-0.0937500149011612,-0.0273437537252903
random,33,2,fluxpatch,0.03125,-0.0273437537252903
random,33,2,motifbridge,0.062499985098838806,-0.0273437537252903
random,33,2,phasenest,-0.09375,-0.0273437537252903
random,33,2,phasesar,-0.03125,-0.0273437537252903
random,33,2,quorumweave,-0.0625,-0.0273437537252903
random,33,2,shardbloom,-0.03125,-0.0273437537252903
random,33,3,anchorshift,0.031249940395355225,-0.011718755587935448
random,33,3,driftgate,-0.09375,-0.011718755587935448
random,33,3,fluxpatch,0.0,-0.011718755587935448
random,33,3,motifbridge,0.031249985098838806,-0.011718755587935448
random,33,3,phasenest,-0.0625,-0.011718755587935448
random,33,3,phasesar,-0.03125,-0.011718755587935448
random,33,3,quorumweave,-0.03125,-0.011718755587935448
random,33,3,shardbloom,0.06250002980232239,-0.011718755587935448
random,33,4,anchorshift,-2.9802322387695312e-08,5.587935447692871e-09
random,33,4,driftgate,-0.062499985098838806,5.587935447692871e-09
random,33,4,fluxpatch,-0.03125,5.587935447692871e-09
random,33,4,motifbridge,0.031249985098838806,5.587935447692871e-09
random,33,4,phasenest,1.4901161193847656e-08,5.587935447692871e-09
random,33,4,phasesar,0.0,5.587935447692871e-09
random,33,4,quorumweave,0.03125,5.587935447692871e-09
random,33,4,shardbloom,0.031250059604644775,5.587935447692871e-09
random,33,5,anchorshift,-0.062499940395355225,-0.019531240686774254
random,33,5,driftgate,-0.0937499850988388,-0.019531240686774254
random,33,5,fluxpatch,-1.4901161193847656e-08,-0.019531240686774254
random,33,5,motifbridge,0.031249970197677612,-0.019531240686774254
random,33,5,phasenest,-1.4901161193847656e-08,-0.019531240686774254
random,33,5,phasesar,0.0625,-0.019531240686774254
random,33,5,quorumweave,-0.0625,-0.019531240686774254
random,33,5,shardbloom,-0.031249940395355225,-0.019531240686774254
random,33,6,anchorshift,-5.960464477539063e-08,-0.03125000558793545
random,33,6,driftgate,-0.0625,-0.03125000558793545
random,33,6,fluxpatch,-0.062499985098838806,-0.03125000558793545
random,33,6,motifbridge,-0.0937500149011612,-0.03125000558793545
random,33,6,phasenest,-0.03125,-0.03125000558793545
random,33,6,phasesar,-1.4901161193847656e-08,-0.03125000558793545
random,33,6,quorumweave,0.0,-0.03125000558793545
random,33,6,shardbloom,2.9802322387695312e-08,-0.03125000558793545
random,33,7,anchorshift,-0.06250002980232239,-0.02734374813735485
random,33,7,driftgate,-0.0625,-0.02734374813735485
random,33,7,fluxpatch,0.0,-0.02734374813735485
random,33,7,motifbridge,-2.9802322387695312e-08,-0.02734374813735485
random,33,7,phasenest,-0.09375,-0.02734374813735485
random,33,7,phasesar,1.4901161193847656e-08,-0.02734374813735485
random,33,7,quorumweave,0.0,-0.02734374813735485
random,33,7,shardbloom,5.960464477539063e-08,-0.02734374813735485
random,33,8,anchorshift,-0.06250002980232239,-0.03125
random,33,8,driftgate,-0.0625,-0.03125
random,33,8,fluxpatch,0.0,-0.03125
random,33,8,motifbridge,-2.9802322387695312e-08,-0.03125
random,33,8,phasenest,-0.03125,-0.03125
random,33,8,phasesar,-0.03125,-0.03125
random,33,8,quorumweave,-0.0625,-0.03125
random,33,8,shardbloom,5.960464477539063e-08,-0.03125
random,34,1,anchorshift,0.06249991059303284,-0.011718759313225746
random,34,1,driftgate,-0.0625,-0.011718759313225746
random,34,1,fluxpatch,0.0,-0.011718759313225746
random,34,1,motifbridge,-0.03125004470348358,-0.011718759313225746
random,34,1,phasenest,0.0,-0.011718759313225746
random,34,1,phasesar,0.0,-0.011718759313225746
random,34,1,quorumweave,0.0,-0.011718759313225746
random,34,1,shardbloom,-0.062499940395355225,-0.011718759313225746
random,34,2,anchorshift,-0.03125,-0.03515626024454832
random,34,2,driftgate,-0.03125002235174179,-0.03515626024454832
random,34,2,fluxpatch,0.031249985098838806,-0.03515626024454832
random,34,2,motifbridge,-2.9802322387695312e-08,-0.03515626024454832
random,34,2,phasenest,-0.06250002980232239,-0.03515626024454832
random,34,2,phasesar,-0.031250014901161194,-0.03515626024454832
random,34,2,quorumweave,-0.09375,-0.03515626024454832
random,34,2,shardbloom,-0.06249997019767761,-0.03515626024454832
random,34,3,anchorshift,-2.9802322387695312e-08,-0.03906250186264515
random,34,3,driftgate,-0.09375,-0.03906250186264515
random,34,3,fluxpatch,-0.03125,-0.03906250186264515
random,34,3,motifbridge,0.031249970197677612,-0.03906250186264515
random,34,3,phasenest,-0.062499985098838806,-0.03906250186264515
random,34,3,phasesar,-0.03125,-0.03906250186264515
random,34,3,quorumweave,-0.125,-0.03906250186264515
random,34,3,shardbloom,2.9802322387695312e-08,-0.03906250186264515
random,34,4,anchorshift,0.09374997019767761,0.0039062462747097015
random,34,4,driftgate,-0.09375,0.0039062462747097015
random,34,4,fluxpatch,0.03125,0.0039062462747097015
random,34,4,motifbridge,-2.9802322387695312e-08,0.0039062462747097015
random,34,4,phasenest,0.0,0.0039062462747097015
random,34,4,phasesar,0.0,0.0039062462747097015
random,34,4,quorumweave,0.0,0.0039062462747097015
random,34,4,shardbloom,2.9802322387695312e-08,0.0039062462747097015
random,34,5,anchorshift,-2.9802322387695312e-08,-0.023437492549419403
random,34,5,driftgate,-0.0625,-0.023437492549419403
random,34,5,fluxpatch,0.09375,-0.023437492549419403
random,34,5,motifbridge,-0.0625000149011612,-0.023437492549419403
random,34,5,phasenest,-0.03125,-0.023437492549419403
random,34,5,phasesar,-0.03124992549419403,-0.023437492549419403
random,34,5,quorumweave,-0.0625,-0.023437492549419403
random,34,5,shardbloom,-0.031249970197677612,-0.023437492549419403
random,34,6,anchorshift,0.0,-0.03906249534338713
random,34,6,driftgate,-0.1250000074505806,-0.03906249534338713
random,34,6,fluxpatch,-0.03124992549419403,-0.03906249534338713
random,34,6,motifbridge,-0.03125002980232239,-0.03906249534338713
random,34,6,phasenest,-1.4901161193847656e-08,-0.03906249534338713
random,34,6,phasesar,-1.4901161193847656e-08,-0.03906249534338713
random,34,6,quorumweave,-0.09375,-0.03906249534338713
random,34,6,shardbloom,-0.031249970197677612,-0.03906249534338713
random,34,7,anchorshift,0.03125,-0.04296875558793545
random,34,7,driftgate,-0.0625000149011612,-0.04296875558793545
random,34,7,fluxpatch,-0.09375,-0.04296875558793545
random,34,7,motifbridge,-0.03125005215406418,-0.04296875558793545
random,34,7,phasenest,-0.031249992549419403,-0.04296875558793545
random,34,7,phasesar,-0.031249985098838806,-0.04296875558793545
random,34,7,quorumweave,-0.09375,-0.04296875558793545
random,34,7,shardbloom,-0.03125,-0.04296875558793545
random,34,8,anchorshift,-0.03125,-0.015624992549419403
random,34,8,driftgate,1.4901161193847656e-08,-0.015624992549419403
random,34,8,fluxpatch,0.03125,-0.015624992549419403
random,34,8,motifbridge,0.03125,-0.015624992549419403
random,34,8,phasenest,-0.0625,-0.015624992549419403
random,34,8,phasesar,-0.031250014901161194,-0.015624992549419403
random,34,8,quorumweave,-0.03125,-0.015624992549419403
random,34,8,shardbloom,-0.031249940395355225,-0.015624992549419403
random,35,1,anchorshift,-0.03125002980232239,-0.003906251862645149
random,35,1,driftgate,-0.031249985098838806,-0.003906251862645149
random,35,1,fluxpatch,0.031249985098838806,-0.003906251862645149
random,35,1,motifbridge,0.09374997019767761,-0.003906251862645149
random,35,1,phasenest,-0.062499985098838806,-0.003906251862645149
random,35,1,phasesar,-0.0625,-0.003906251862645149
random,35,1,quorumweave,0.0625,-0.003906251862645149
random,35,1,shardbloom,-0.031249970197677612,-0.003906251862645149
random,35,2,anchorshift,-0.03125002980232239,-0.007812497206032276
random,35,2,driftgate,-0.0625,-0.007812497206032276
random,35,2,fluxpatch,-0.031249985098838806,-0.007812497206032276
random,35,2,motifbridge,0.062499985098838806,-0.007812497206032276
random,35,2,phasenest,0.0,-0.007812497206032276
random,35,2,phasesar,0.031249992549419403,-0.007812497206032276
random,35,2,quorumweave,-0.03125,-0.007812497206032276
random,35,2,shardbloom,5.960464477539063e-08,-0.007812497206032276
random,35,3,anchorshift,0.031249970197677612,0.011718744412064552
random,35,3,driftgate,1.4901161193847656e-08,0.011718744412064552
random,35,3,fluxpatch,-0.062499985098838806,0.011718744412064552
random,35,3,motifbridge,-4.470348358154297e-08,0.011718744412064552
random,35,3,phasenest,0.06249997019767761,0.011718744412064552
random,35,3,phasesar,0.0,0.011718744412064552
random,35,3,quorumweave,0.03125,0.011718744412064552
random,35,3,shardbloom,0.03125002980232239,0.011718744412064552
random,35,4,anchorshift,0.031249970197677612,0.0078124962747097015
random,35,4,driftgate,-0.0625,0.0078124962747097015
random,35,4,fluxpatch,0.031250014901161194,0.0078124962747097015
random,35,4,motifbridge,0.06249997019767761,0.0078124962747097015
random,35,4,phasenest,-1.4901161193847656e-08,0.0078124962747097015
random,35,4,phasesar,-0.03125,0.0078124962747097015
random,35,4,quorumweave,0.03125,0.0078124962747097015
random,35,4,shardbloom,2.9802322387695312e-08,0.0078124962747097015
random,35,5,anchorshift,0.03125,0.019531244412064552
random,35,5,driftgate,1.4901161193847656e-08,0.019531244412064552
random,35,5,fluxpatch,-1.4901161193847656e-08,0.019531244412064552
random,35,5,motifbridge,0.031249970197677612,0.019531244412064552
random,35,5,phasenest,0.06249997019767761,0.019531244412064552
random,35,5,phasesar,-1.4901161193847656e-08,0.019531244412064552
random,35,5,quorumweave,0.0,0.019531244412064552
random,35,5,shardbloom,0.03125002980232239,0.019531244412064552
random,35,6,anchorshift,0.031249940395355225,0.011718742549419403
random,35,6,driftgate,-0.03125,0.011718742549419403
random,35,6,fluxpatch,0.0625,0.011718742549419403
random,35,6,motifbridge,0.031249970197677612,0.011718742549419403
random,35,6,phasenest,1.4901161193847656e-08,0.011718742549419403
random,35,6,phasesar,-1.4901161193847656e-08,0.011718742549419403
random,35,6,quorumweave,0.0,0.011718742549419403
random,35,6,shardbloom,2.9802322387695312e-08,0.011718742549419403
random,35,7,anchorshift,0.031249940395355225,0.0039062397554516792
random,35,7,driftgate,-0.031250014901161194,0.0039062397554516792
random,35,7,fluxpatch,0.0,0.0039062397554516792
random,35,7,motifbridge,-4.470348358154297e-08,0.0039062397554516792
random,35,7,phasenest,-0.031249992549419403,0.0039062397554516792
random,35,7,phasesar,0.0,0.0039062397554516792
random,35,7,quorumweave,0.03125,0.0039062397554516792
random,35,7,shardbloom,0.03125002980232239,0.0039062397554516792
random,35,8,anchorshift,-0.03125002980232239,0.01953124161809683
random,35,8,driftgate,-0.0624999925494194,0.01953124161809683
random,35,8,fluxpatch,0.0,0.01953124161809683
random,35,8,motifbridge,0.09374995529651642,0.01953124161809683
random,35,8,phasenest,0.0,0.01953124161809683
random,35,8,phasesar,-0.03125,0.01953124161809683
random,35,8,quorumweave,0.09375,0.01953124161809683
random,35,8,shardbloom,0.09375,0.01953124161809683
random,36,1,anchorshift,0.031249940395355225,0.007812495343387127
random,36,1,driftgate,-0.0625,0.007812495343387127
random,36,1,fluxpatch,0.0625,0.007812495343387127
random,36,1,motifbridge,0.03125,0.007812495343387127
random,36,1,phasenest,0.0312500074505806,0.007812495343387127
random,36,1,phasesar,1.4901161193847656e-08,0.007812495343387127
random,36,1,quorumweave,0.0,0.007812495343387127
random,36,1,shardbloom,-0.03125,0.007812495343387127
random,36,2,anchorshift,-0.06250005960464478,-0.039062509313225746
random,36,2,driftgate,-0.0625,-0.039062509313225746
random,36,2,fluxpatch,-0.031249985098838806,-0.039062509313225746
random,36,2,motifbridge,-0.03125002980232239,-0.039062509313225746
random,36,2,phasenest,-0.0625,-0.039062509313225746
random,36,2,phasesar,0.0,-0.039062509313225746
random,36,2,quorumweave,0.0,-0.039062509313225746
random,36,2,shardbloom,-0.0625,-0.039062509313225746
random,36,3,anchorshift,-0.03125,-3.725290298461914e-09
random,36,3,driftgate,-0.0625,-3.725290298461914e-09
random,36,3,fluxpatch,0.0625,-3.725290298461914e-09
random,36,3,motifbridge,-0.03125002980232239,-3.725290298461914e-09
random,36,3,phasenest,0.0625,-3.725290298461914e-09
random,36,3,phasesar,0.0,-3.725290298461914e-09
random,36,3,quorumweave,0.03125,-3.725290298461914e-09
random,36,3,shardbloom,-0.03125,-3.725290298461914e-09
random,36,4,anchorshift,-5.960464477539063e-08,0.015624994412064552
random,36,4,driftgate,-1.4901161193847656e-08,0.015624994412064552
random,36,4,fluxpatch,0.031249985098838806,0.015624994412064552
random,36,4,motifbridge,0.062499985098838806,0.015624994412064552
random,36,4,phasenest,-0.03125,0.015624994412064552
random,36,4,phasesar,0.03125,0.015624994412064552
random,36,4,quorumweave,0.0,0.015624994412064552
random,36,4,shardbloom,0.031250059604644775,0.015624994412064552
random,36,5,anchorshift,2.9802322387695312e-08,0.01171876396983862
random,36,5,driftgate,1.4901161193847656e-08,0.01171876396983862
random,36,5,fluxpatch,0.03125,0.01171876396983862
random,36,5,motifbridge,1.4901161193847656e-08,0.01171876396983862
random,36,5,phasenest,0.0625000074505806,0.01171876396983862
random,36,5,phasesar,0.031250014901161194,0.01171876396983862
random,36,5,quorumweave,-0.03125,0.01171876396983862
random,36,5,shardbloom,2.9802322387695312e-08,0.01171876396983862
random,36,6,anchorshift,0.0,0.019531245343387127
random,36,6,driftgate,-0.031250014901161194,0.019531245343387127
random,36,6,fluxpatch,0.03125,0.019531245343387127
random,36,6,motifbridge,0.06249997019767761,0.019531245343387127
random,36,6,phasenest,7.450580596923828e-09,0.019531245343387127
random,36,6,phasesar,0.09375,0.019531245343387127
random,36,6,quorumweave,0.0,0.019531245343387127
random,36,6,shardbloom,0.0,0.019531245343387127
random,36,7,anchorshift,-0.06250005960464478,0.015624997206032276
random,36,7,driftgate,-0.0312500074505806,0.015624997206032276
random,36,7,fluxpatch,0.09375,0.015624997206032276
random,36,7,motifbridge,0.062499985098838806,0.015624997206032276
random,36,7,phasenest,-0.031249985098838806,0.015624997206032276
random,36,7,phasesar,0.031249985098838806,0.015624997206032276
random,36,7,quorumweave,0.0625,0.015624997206032276
random,36,7,shardbloom,5.960464477539063e-08,0.015624997206032276
random,36,8,anchorshift,-0.06250005960464478,-0.03125000558793545
random,36,8,driftgate,-0.0937500149011612,-0.03125000558793545
random,36,8,fluxpatch,-0.03125,-0.03125000558793545
random,36,8,motifbridge,0.06249997019767761,-0.03125000558793545
random,36,8,phasenest,-0.09374997019767761,-0.03125000558793545
random,36,8,phasesar,0.0,-0.03125000558793545
random,36,8,quorumweave,-0.03125,-0.03125000558793545
random,36,8,shardbloom,2.9802322387695312e-08,-0.03125000558793545
random,37,1,anchorshift,-2.9802322387695312e-08,-0.01171875186264515
random,37,1,driftgate,-0.0625,-0.01171875186264515
random,37,1,fluxpatch,-0.03125,-0.01171875186264515
random,37,1,motifbridge,-0.06250002980232239,-0.01171875186264515
random,37,1,phasenest,0.03125,-0.01171875186264515
random,37,1,phasesar,0.031250014901161194,-0.01171875186264515
random,37,1,quorumweave,-0.03125,-0.01171875186264515
random,37,1,shardbloom,0.03125002980232239,-0.01171875186264515
random,37,2,anchorshift,-2.9802322387695312e-08,-0.011718753725290298
random,37,2,driftgate,-0.125,-0.011718753725290298
random,37,2,fluxpatch,0.0,-0.011718753725290298
random,37,2,motifbridge,0.062499962747097015,-0.011718753725290298
random,37,2,phasenest,7.450580596923828e-09,-0.011718753725290298
random,37,2,phasesar,0.0,-0.011718753725290298
random,37,2,quorumweave,0.0,-0.011718753725290298
random,37,2,shardbloom,-0.031249970197677612,-0.011718753725290298
random,37,3,anchorshift,-5.960464477539063e-08,-0.007812504656612873
random,37,3,driftgate,-0.0937500074505806,-0.007812504656612873
random,37,3,fluxpatch,0.03125,-0.007812504656612873
random,37,3,motifbridge,0.031249970197677612,-0.007812504656612873
random,37,3,phasenest,2.9802322387695312e-08,-0.007812504656612873
random,37,3,phasesar,0.03125,-0.007812504656612873
random,37,3,quorumweave,0.0,-0.007812504656612873
random,37,3,shardbloom,-0.06249997019767761,-0.007812504656612873
random,37,4,anchorshift,0.06249997019767761,1.862645149230957e-09
random,37,4,driftgate,0.0,1.862645149230957e-09
random,37,4,fluxpatch,1.4901161193847656e-08,1.862645149230957e-09
random,37,4,motifbridge,-0.03125002980232239,1.862645149230957e-09
random,37,4,phasenest,0.0,1.862645149230957e-09
random,37,4,phasesar,0.03125,1.862645149230957e-09
random,37,4,quorumweave,0.0,1.862645149230957e-09
random,37,4,shardbloom,-0.062499940395355225,1.862645149230957e-09
random,37,5,anchorshift,0.03125,0.01171874813735485
random,37,5,driftgate,0.03125,0.01171874813735485
random,37,5,fluxpatch,0.0,0.01171874813735485
random,37,5,motifbridge,0.09374997019767761,0.01171874813735485
random,37,5,phasenest,-0.0625,0.01171874813735485
random,37,5,phasesar,-1.4901161193847656e-08,0.01171874813735485
random,37,5,quorumweave,-0.03125,0.01171874813735485
random,37,5,shardbloom,0.03125002980232239,0.01171874813735485
random,37,6,anchorshift,-0.031250059604644775,-0.04296874813735485
random,37,6,driftgate,-0.0625,-0.04296874813735485
random,37,6,fluxpatch,-0.031249940395355225,-0.04296874813735485
random,37,6,motifbridge,-2.9802322387695312e-08,-0.04296874813735485
random,37,6,phasenest,-0.031249985098838806,-0.04296874813735485
random,37,6,phasesar,-0.0625,-0.04296874813735485
random,37,6,quorumweave,-0.03125,-0.04296874813735485
random,37,6,shardbloom,-0.09374997019767761,-0.04296874813735485
random,37,7,anchorshift,-0.06250002980232239,-0.011718752793967724
random,37,7,driftgate,-0.062499985098838806,-0.011718752793967724
random,37,7,fluxpatch,0.0,-0.011718752793967724
random,37,7,motifbridge,0.03124995529651642,-0.011718752793967724
random,37,7,phasenest,3.725290298461914e-08,-0.011718752793967724
random,37,7,phasesar,0.03125,-0.011718752793967724
random,37,7,quorumweave,-0.03125,-0.011718752793967724
random,37,7,shardbloom,0.0,-0.011718752793967724
random,37,8,anchorshift,-0.031250059604644775,-0.015624997206032276
random,37,8,driftgate,0.03125002980232239,-0.015624997206032276
random,37,8,fluxpatch,0.0625,-0.015624997206032276
random,37,8,motifbridge,0.03124997764825821,-0.015624997206032276
random,37,8,phasenest,-0.12499997019767761,-0.015624997206032276
random,37,8,phasesar,-0.031249985098838806,-0.015624997206032276
random,37,8,quorumweave,-0.03125,-0.015624997206032276
random,37,8,shardbloom,-0.031249970197677612,-0.015624997206032276
random,38,1,anchorshift,-0.06250002980232239,-9.313225746154785e-09
random,38,1,driftgate,-0.0625000149011612,-9.313225746154785e-09
random,38,1,fluxpatch,0.0,-9.313225746154785e-09
random,38,1,motifbridge,0.06249995529651642,-9.313225746154785e-09
random,38,1,phasenest,-0.03125,-9.313225746154785e-09
random,38,1,phasesar,0.062499985098838806,-9.313225746154785e-09
random,38,1,quorumweave,0.03125,-9.313225746154785e-09
random,38,1,shardbloom,2.9802322387695312e-08,-9.313225746154785e-09
random,38,2,anchorshift,-2.9802322387695312e-08,-0.007812509313225746
random,38,2,driftgate,-0.03125,-0.007812509313225746
random,38,2,fluxpatch,-0.031250014901161194,-0.007812509313225746
random,38,2,motifbridge,0.031249970197677612,-0.007812509313225746
random,38,2,phasenest,0.0,-0.007812509313225746
random,38,2,phasesar,0.0,-0.007812509313225746
random,38,2,quorumweave,0.03125,-0.007812509313225746
random,38,2,shardbloom,-0.0625,-0.007812509313225746
random,38,3,anchorshift,-0.06250005960464478,-0.03125000186264515
random,38,3,driftgate,0.0,-0.03125000186264515
random,38,3,fluxpatch,-0.09375,-0.03125000186264515
random,38,3,motifbridge,-2.9802322387695312e-08,-0.03125000186264515
random,38,3,phasenest,-0.062499985098838806,-0.03125000186264515
random,38,3,phasesar,-0.03125,-0.03125000186264515
random,38,3,quorumweave,0.0,-0.03125000186264515
random,38,3,shardbloom,5.960464477539063e-08,-0.03125000186264515
random,38,4,anchorshift,-5.960464477539063e-08,-0.0156250037252903
random,38,4,driftgate,-0.0625,-0.0156250037252903
random,38,4,fluxpatch,-0.0625,-0.0156250037252903
random,38,4,motifbridge,-2.9802322387695312e-08,-0.0156250037252903
random,38,4,phasenest,0.0,-0.0156250037252903
random,38,4,phasesar,0.0,-0.0156250037252903
random,38,4,quorumweave,0.0,-0.0156250037252903
random,38,4,shardbloom,5.960464477539063e-08,-0.0156250037252903
random,38,5,anchorshift,-0.09375005960464478,-0.0312500037252903
random,38,5,driftgate,-0.031250014901161194,-0.0312500037252903
random,38,5,fluxpatch,-0.031249970197677612,-0.0312500037252903
random,38,5,motifbridge,0.0,-0.0312500037252903
random,38,5,phasenest,-0.06250002980232239,-0.0312500037252903
random,38,5,phasesar,-0.031249985098838806,-0.0312500037252903
random,38,5,quorumweave,-0.03125,-0.0312500037252903
random,38,5,shardbloom,0.03125002980232239,-0.0312500037252903
random,38,6,anchorshift,-0.031250059604644775,-0.03125000558793545
random,38,6,driftgate,-0.09375,-0.03125000558793545
random,38,6,fluxpatch,-0.03125,-0.03125000558793545
random,38,6,motifbridge,-1.4901161193847656e-08,-0.03125000558793545
random,38,6,phasenest,-0.03125,-0.03125000558793545
random,38,6,phasesar,-0.0625,-0.03125000558793545
random,38,6,quorumweave,0.03125,-0.03125000558793545
random,38,6,shardbloom,-0.031249970197677612,-0.03125000558793545
random,38,7,anchorshift,-0.03125002980232239,-0.015625005587935448
random,38,7,driftgate,-0.03125,-0.015625005587935448
random,38,7,fluxpatch,-1.4901161193847656e-08,-0.015625005587935448
random,38,7,motifbridge,-1.4901161193847656e-08,-0.015625005587935448
random,38,7,phasenest,-0.0625000149011612,-0.015625005587935448
random,38,7,phasesar,0.0,-0.015625005587935448
random,38,7,quorumweave,0.0,-0.015625005587935448
random,38,7,shardbloom,2.9802322387695312e-08,-0.015625005587935448
random,38,8,anchorshift,-0.03125002980232239,-0.03515625
random,38,8,driftgate,-0.1250000074505806,-0.03515625
random,38,8,fluxpatch,0.0,-0.03515625
random,38,8,motifbridge,-0.0625000149011612,-0.03515625
random,38,8,phasenest,-0.0937499925494194,-0.03515625
random,38,8,phasesar,0.031250014901161194,-0.03515625
random,38,8,quorumweave,0.0,-0.03515625
random,38,8,shardbloom,2.9802322387695312e-08,-0.03515625
random,39,1,anchorshift,-0.03125002980232239,-0.003906250931322575
random,39,1,driftgate,-0.0937499925494194,-0.003906250931322575
random,39,1,fluxpatch,0.0,-0.003906250931322575
random,39,1,motifbridge,0.03124995529651642,-0.003906250931322575
random,39,1,phasenest,0.03125,-0.003906250931322575
random,39,1,phasesar,0.0,-0.003906250931322575
random,39,1,quorumweave,-0.03125,-0.003906250931322575
random,39,1,shardbloom,0.06250005960464478,-0.003906250931322575
random,39,2,anchorshift,0.0,-0.01562500186264515
random,39,2,driftgate,-0.0937500149011612,-0.01562500186264515
random,39,2,fluxpatch,-0.03125,-0.01562500186264515
random,39,2,motifbridge,0.062499985098838806,-0.01562500186264515
random,39,2,phasenest,-0.03125,-0.01562500186264515
random,39,2,phasesar,-1.4901161193847656e-08,-0.01562500186264515
random,39,2,quorumweave,-0.03125,-0.01562500186264515
random,39,2,shardbloom,2.9802322387695312e-08,-0.01562500186264515
random,39,3,anchorshift,-0.03125008940696716,0.0039062388241291046
random,39,3,driftgate,0.0,0.0039062388241291046
random,39,3,fluxpatch,0.0625,0.0039062388241291046
random,39,3,motifbridge,-0.03125002980232239,0.0039062388241291046
random,39,3,phasenest,0.0,0.0039062388241291046
random,39,3,phasesar,0.0625,0.0039062388241291046
random,39,3,quorumweave,0.0,0.0039062388241291046
random,39,3,shardbloom,-0.031249970197677612,0.0039062388241291046
random,39,4,anchorshift,0.0,-0.01953125
random,39,4,driftgate,0.0,-0.01953125
random,39,4,fluxpatch,0.03125,-0.01953125
random,39,4,motifbridge,-0.03125002980232239,-0.01953125
random,39,4,phasenest,-0.03125,-0.01953125
random,39,4,phasesar,0.0,-0.01953125
random,39,4,quorumweave,-0.03125,-0.01953125
random,39,4,shardbloom,-0.09374997019767761,-0.01953125
random,39,5,anchorshift,0.0,-3.725290298461914e-09
random,39,5,driftgate,-0.03125,-3.725290298461914e-09
random,39,5,fluxpatch,0.031249970197677612,-3.725290298461914e-09
random,39,5,motifbridge,0.03124995529651642,-3.725290298461914e-09
random,39,5,phasenest,-0.031250014901161194,-3.725290298461914e-09
random,39,5,phasesar,0.03125002980232239,-3.725290298461914e-09
random,39,5,quorumweave,-0.03125,-3.725290298461914e-09
random,39,5,shardbloom,2.9802322387695312e-08,-3.725290298461914e-09
random,39,6,anchorshift,-2.9802322387695312e-08,-0.007812503725290298
random,39,6,driftgate,-0.1562500149011612,-0.007812503725290298
random,39,6,fluxpatch,0.0,-0.007812503725290298
random,39,6,motifbridge,0.0937499850988388,-0.007812503725290298
random,39,6,phasenest,-0.031249985098838806,-0.007812503725290298
random,39,6,phasesar,0.0625000149011612,-0.007812503725290298
random,39,6,quorumweave,-0.03125,-0.007812503725290298
random,39,6,shardbloom,0.0,-0.007812503725290298
random,39,7,anchorshift,-0.03125002980232239,-0.023437499068677425
random,39,7,driftgate,-0.09375,-0.023437499068677425
random,39,7,fluxpatch,-0.03125,-0.023437499068677425
random,39,7,motifbridge,0.03125,-0.023437499068677425
random,39,7,phasenest,-0.0624999925494194,-0.023437499068677425
random,39,7,phasesar,0.03125,-0.023437499068677425
random,39,7,quorumweave,-0.03125,-0.023437499068677425
random,39,7,shardbloom,2.9802322387695312e-08,-0.023437499068677425
random,39,8,anchorshift,0.031249970197677612,-0.03515625186264515
random,39,8,driftgate,-0.09375,-0.03515625186264515
random,39,8,fluxpatch,0.0,-0.03515625186264515
random,39,8,motifbridge,-0.031250014901161194,-0.03515625186264515
random,39,8,phasenest,0.0,-0.03515625186264515
random,39,8,phasesar,-0.0625,-0.03515625186264515
random,39,8,quorumweave,-0.0625,-0.03515625186264515
random,39,8,shardbloom,-0.06249997019767761,-0.03515625186264515
random,40,1,anchorshift,-2.9802322387695312e-08,0.007812490686774254
random,40,1,driftgate,-0.0625000074505806,0.007812490686774254
random,40,1,fluxpatch,0.03125,0.007812490686774254
random,40,1,motifbridge,-4.470348358154297e-08,0.007812490686774254
random,40,1,phasenest,0.09374997764825821,0.007812490686774254
random,40,1,phasesar,0.03125,0.007812490686774254
random,40,1,quorumweave,0.0,0.007812490686774254
random,40,1,shardbloom,-0.031249970197677612,0.007812490686774254
random,40,2,anchorshift,-0.0625,-0.011718755587935448
random,40,2,driftgate,-0.03125,-0.011718755587935448
random,40,2,fluxpatch,0.0,-0.011718755587935448
random,40,2,motifbridge,0.06249997019767761,-0.011718755587935448
random,40,2,phasenest,0.03125,-0.011718755587935448
random,40,2,phasesar,-0.031250014901161194,-0.011718755587935448
random,40,2,quorumweave,-0.03125,-0.011718755587935448
random,40,2,shardbloom,-0.03125,-0.011718755587935448
random,40,3,anchorshift,0.031249940395355225,-0.0429687462747097
random,40,3,driftgate,-0.0625,-0.0429687462747097
random,40,3,fluxpatch,-0.062499940395355225,-0.0429687462747097
random,40,3,motifbridge,-0.031250014901161194,-0.0429687462747097
random,40,3,phasenest,-0.0937500149011612,-0.0429687462747097
random,40,3,phasesar,0.0,-0.0429687462747097
random,40,3,quorumweave,-0.09375,-0.0429687462747097
random,40,3,shardbloom,-0.031249940395355225,-0.0429687462747097
random,40,4,anchorshift,0.031249970197677612,8.381903171539307e-09
random,40,4,driftgate,-0.0937499850988388,8.381903171539307e-09
random,40,4,fluxpatch,0.03125,8.381903171539307e-09
random,40,4,motifbridge,0.0,8.381903171539307e-09
random,40,4,phasenest,0.0625000074505806,8.381903171539307e-09
random,40,4,phasesar,0.031250014901161194,8.381903171539307e-09
random,40,4,quorumweave,0.0,8.381903171539307e-09
random,40,4,shardbloom,-0.062499940395355225,8.381903171539307e-09
random,40,5,anchorshift,-0.03125002980232239,-0.02343750186264515
random,40,5,driftgate,-0.0625,-0.02343750186264515
random,40,5,fluxpatch,-0.03125,-0.02343750186264515
random,40,5,motifbridge,-2.9802322387695312e-08,-0.02343750186264515
random,40,5,phasenest,-0.0625,-0.02343750186264515
random,40,5,phasesar,0.0625000149011612,-0.02343750186264515
random,40,5,quorumweave,0.0,-0.02343750186264515
random,40,5,shardbloom,-0.06249997019767761,-0.02343750186264515
random,40,6,anchorshift,-0.03125002980232239,-0.00390625
random,40,6,driftgate,0.0,-0.00390625
random,40,6,fluxpatch,-0.03125,-0.00390625
random,40,6,motifbridge,-0.03125002980232239,-0.00390625
random,40,6,phasenest,2.9802322387695312e-08,-0.00390625
random,40,6,phasesar,0.03125,-0.00390625
random,40,6,quorumweave,0.0,-0.00390625
random,40,6,shardbloom,0.03125002980232239,-0.00390625
random,40,7,anchorshift,-2.9802322387695312e-08,-0.003906255587935448
random,40,7,driftgate,-0.031250014901161194,-0.003906255587935448
random,40,7,fluxpatch,-0.0625,-0.003906255587935448
random,40,7,motifbridge,0.031249985098838806,-0.003906255587935448
random,40,7,phasenest,0.031249985098838806,-0.003906255587935448
random,40,7,phasesar,0.0,-0.003906255587935448
random,40,7,quorumweave,0.0,-0.003906255587935448
random,40,7,shardbloom,2.9802322387695312e-08,-0.003906255587935448
random,40,8,anchorshift,0.031249940395355225,-9.313225746154785e-10
random,40,8,driftgate,-0.062499985098838806,-9.313225746154785e-10
random,40,8,fluxpatch,-0.031249970197677612,-9.313225746154785e-10
random,40,8,motifbridge,0.031249985098838806,-9.313225746154785e-10
random,40,8,phasenest,0.031249992549419403,-9.313225746154785e-10
random,40,8,phasesar,-0.03125,-9.313225746154785e-10
random,40,8,quorumweave,0.0,-9.313225746154785e-10
random,40,8,shardbloom,0.03125002980232239,-9.313225746154785e-10
random,41,1,anchorshift,0.0625,-1.862645149230957e-09
random,41,1,driftgate,-0.031250014901161194,-1.862645149230957e-09
random,41,1,fluxpatch,0.062499985098838806,-1.862645149230957e-09
random,41,1,motifbridge,-2.9802322387695312e-08,-1.862645149230957e-09
random,41,1,phasenest,-0.0625,-1.862645149230957e-09
random,41,1,phasesar,0.0625000149011612,-1.862645149230957e-09
random,41,1,quorumweave,-0.0625,-1.862645149230957e-09
random,41,1,shardbloom,-0.031249970197677612,-1.862645149230957e-09
random,41,2,anchorshift,-2.9802322387695312e-08,0.003906242549419403
random,41,2,driftgate,-0.0625,0.003906242549419403
random,41,2,fluxpatch,-0.03125,0.003906242549419403
random,41,2,motifbridge,0.031249970197677612,0.003906242549419403
random,41,2,phasenest,0.0,0.003906242549419403
random,41,2,phasesar,0.03125,0.003906242549419403
random,41,2,quorumweave,0.0,0.003906242549419403
random,41,2,shardbloom,0.0625,0.003906242549419403
random,41,3,anchorshift,-0.03125002980232239,-0.01171875
random,41,3,driftgate,-0.03125,-0.01171875
random,41,3,fluxpatch,-0.03125,-0.01171875
random,41,3,motifbridge,0.06249997019767761,-0.01171875
random,41,3,phasenest,-0.03125,-0.01171875
random,41,3,phasesar,0.03125,-0.01171875
random,41,3,quorumweave,-0.0625,-0.01171875
random,41,3,shardbloom,5.960464477539063e-08,-0.01171875
random,41,4,anchorshift,0.06249997019767761,-0.015625006519258022
random,41,4,driftgate,-0.0625,-0.015625006519258022
random,41,4,fluxpatch,-0.03125,-0.015625006519258022
random,41,4,motifbridge,0.031249962747097015,-0.015625006519258022
random,41,4,phasenest,-0.0937499850988388,-0.015625006519258022
random,41,4,phasesar,0.0,-0.015625006519258022
random,41,4,quorumweave,0.0,-0.015625006519258022
random,41,4,shardbloom,-0.03125,-0.015625006519258022
random,41,5,anchorshift,0.12499997019767761,0.019531250931322575
random,41,5,driftgate,-0.0624999925494194,0.019531250931322575
random,41,5,fluxpatch,0.0,0.019531250931322575
random,41,5,motifbridge,-2.9802322387695312e-08,0.019531250931322575
random,41,5,phasenest,-0.031249970197677612,0.019531250931322575
random,41,5,phasesar,0.0625,0.019531250931322575
random,41,5,quorumweave,0.03125,0.019531250931322575
random,41,5,shardbloom,0.03125002980232239,0.019531250931322575
random,41,6,anchorshift,-0.031250059604644775,-0.03515626210719347
random,41,6,driftgate,-0.0625000074505806,-0.03515626210719347
random,41,6,fluxpatch,-0.09375,-0.03515626210719347
random,41,6,motifbridge,0.03124995529651642,-0.03515626210719347
random,41,6,phasenest,-0.0937500149011612,-0.03515626210719347
random,41,6,phasesar,0.03125,-0.03515626210719347
random,41,6,quorumweave,0.0,-0.03515626210719347
random,41,6,shardbloom,-0.06249997019767761,-0.03515626210719347
random,41,7,anchorshift,0.06249997019767761,0.003906260244548321
random,41,7,driftgate,-0.031249992549419403,0.003906260244548321
random,41,7,fluxpatch,5.960464477539063e-08,0.003906260244548321
random,41,7,motifbridge,0.06249997019767761,0.003906260244548321
random,41,7,phasenest,-0.09375002980232239,0.003906260244548321
random,41,7,phasesar,-0.03124992549419403,0.003906260244548321
random,41,7,quorumweave,0.03125,0.003906260244548321
random,41,7,shardbloom,0.03125002980232239,0.003906260244548321
random,41,8,anchorshift,-0.03125,-0.0312499962747097
random,41,8,driftgate,-0.0937499850988388,-0.0312499962747097
random,41,8,fluxpatch,-0.0625,-0.0312499962747097
random,41,8,motifbridge,-2.9802322387695312e-08,-0.0312499962747097
random,41,8,phasenest,-0.0625,-0.0312499962747097
random,41,8,phasesar,-0.031249985098838806,-0.0312499962747097
random,41,8,quorumweave,0.0,-0.0312499962747097
random,41,8,shardbloom,0.03125002980232239,-0.0312499962747097
random,42,1,anchorshift,0.0,-0.01171875186264515
random,42,1,driftgate,-0.0625,-0.01171875186264515
random,42,1,fluxpatch,0.0625,-0.01171875186264515
random,42,1,motifbridge,0.03124995529651642,-0.01171875186264515
random,42,1,phasenest,-0.0625,-0.01171875186264515
random,42,1,phasesar,-0.0625,-0.01171875186264515
random,42,1,quorumweave,0.0,-0.01171875186264515
random,42,1,shardbloom,2.9802322387695312e-08,-0.01171875186264515
random,42,2,anchorshift,0.062499940395355225,0.003906247206032276
random,42,2,driftgate,-0.06249997019767761,0.003906247206032276
random,42,2,fluxpatch,0.03125,0.003906247206032276
random,42,2,motifbridge,-0.03125002235174179,0.003906247206032276
random,42,2,phasenest,0.03125,0.003906247206032276
random,42,2,phasesar,0.0,0.003906247206032276
random,42,2,quorumweave,0.0,0.003906247206032276
random,42,2,shardbloom,2.9802322387695312e-08,0.003906247206032276
random,42,3,anchorshift,-2.9802322387695312e-08,-0.0234375037252903
random,42,3,driftgate,-0.03125,-0.0234375037252903
random,42,3,fluxpatch,0.0,-0.0234375037252903
random,42,3,motifbridge,0.06249997019767761,-0.0234375037252903
random,42,3,phasenest,-0.03125,-0.0234375037252903
random,42,3,phasesar,-0.0625,-0.0234375037252903
random,42,3,quorumweave,-0.0625,-0.0234375037252903
random,42,3,shardbloom,-0.06249997019767761,-0.0234375037252903
random,42,4,anchorshift,-0.0625,-0.0312500037252903
random,42,4,driftgate,-0.03125,-0.0312500037252903
random,42,4,fluxpatch,-0.03125,-0.0312500037252903
random,42,4,motifbridge,-0.06250005960464478,-0.0312500037252903
random,42,4,phasenest,-0.0625,-0.0312500037252903
random,42,4,phasesar,0.0,-0.0312500037252903
random,42,4,quorumweave,-0.03125,-0.0312500037252903
random,42,4,shardbloom,0.03125002980232239,-0.0312500037252903
random,42,5,anchorshift,-0.03125002980232239,-7.450580596923828e-09
random,42,5,driftgate,-0.031250014901161194,-7.450580596923828e-09
random,42,5,fluxpatch,0.03125,-7.450580596923828e-09
random,42,5,motifbridge,0.12499995529651642,-7.450580596923828e-09
random,42,5,phasenest,-0.03125,-7.450580596923828e-09
random,42,5,phasesar,-0.03125,-7.450580596923828e-09
random,42,5,quorumweave,-0.03125,-7.450580596923828e-09
random,42,5,shardbloom,2.9802322387695312e-08,-7.450580596923828e-09
random,42,6,anchorshift,-0.0625,-0.03906249441206455
random,42,6,driftgate,-0.06249997019767761,-0.03906249441206455
random,42,6,fluxpatch,-0.0625,-0.03906249441206455
random,42,6,motifbridge,-0.03125002980232239,-0.03906249441206455
random,42,6,phasenest,0.03125,-0.03906249441206455
random,42,6,phasesar,-0.031249985098838806,-0.03906249441206455
random,42,6,quorumweave,-0.0625,-0.03906249441206455
random,42,6,shardbloom,-0.031249970197677612,-0.03906249441206455
random,42,7,anchorshift,-0.15625005960464478,-0.046875011175870895
random,42,7,driftgate,-0.0625,-0.046875011175870895
random,42,7,fluxpatch,-0.03125,-0.046875011175870895
random,42,7,motifbridge,-0.031250014901161194,-0.046875011175870895
random,42,7,phasenest,0.0,-0.046875011175870895
random,42,7,phasesar,-0.031250014901161194,-0.046875011175870895
random,42,7,quorumweave,0.0,-0.046875011175870895
random,42,7,shardbloom,-0.0625,-0.046875011175870895
random,42,8,anchorshift,-5.960464477539063e-08,-0.0429687537252903
random,42,8,driftgate,-0.0625000149011612,-0.0429687537252903
random,42,8,fluxpatch,-0.031249985098838806,-0.0429687537252903
random,42,8,motifbridge,-0.031250059604644775,-0.0429687537252903
random,42,8,phasenest,-0.0625,-0.0429687537252903
random,42,8,phasesar,-0.031249940395355225,-0.0429687537252903
random,42,8,quorumweave,-0.0625,-0.0429687537252903
random,42,8,shardbloom,-0.06249997019767761,-0.0429687537252903
random,43,1,anchorshift,0.031249940395355225,-0.003906261175870895
random,43,1,driftgate,-1.4901161193847656e-08,-0.003906261175870895
random,43,1,fluxpatch,0.0,-0.003906261175870895
random,43,1,motifbridge,0.06249995529651642,-0.003906261175870895
random,43,1,phasenest,-0.03125,-0.003906261175870895
random,43,1,phasesar,0.03125,-0.003906261175870895
random,43,1,quorumweave,-0.0625,-0.003906261175870895
random,43,1,shardbloom,-0.06249997019767761,-0.003906261175870895
random,43,2,anchorshift,-0.03125002980232239,-0.027343757450580597
random,43,2,driftgate,-0.09375,-0.027343757450580597
random,43,2,fluxpatch,2.9802322387695312e-08,-0.027343757450580597
random,43,2,motifbridge,-0.06250002980232239,-0.027343757450580597
random,43,2,phasenest,-0.03125004470348358,-0.027343757450580597
random,43,2,phasesar,0.031250014901161194,-0.027343757450580597
random,43,2,quorumweave,-0.03125,-0.027343757450580597
random,43,2,shardbloom,0.0,-0.027343757450580597
random,43,3,anchorshift,-0.06250008940696716,-0.031250013038516045
random,43,3,driftgate,-0.09375,-0.031250013038516045
random,43,3,fluxpatch,0.03125,-0.031250013038516045
random,43,3,motifbridge,-0.09375002980232239,-0.031250013038516045
random,43,3,phasenest,-0.03125,-0.031250013038516045
random,43,3,phasesar,-1.4901161193847656e-08,-0.031250013038516045
random,43,3,quorumweave,-0.03125,-0.031250013038516045
random,43,3,shardbloom,0.03125002980232239,-0.031250013038516045
random,43,4,anchorshift,0.0,-0.007812490686774254
random,43,4,driftgate,-0.0937499850988388,-0.007812490686774254
random,43,4,fluxpatch,-0.0625,-0.007812490686774254
random,43,4,motifbridge,0.0625,-0.007812490686774254
random,43,4,phasenest,0.0,-0.007812490686774254
random,43,4,phasesar,0.0,-0.007812490686774254
random,43,4,quorumweave,0.03125,-0.007812490686774254
random,43,4,shardbloom,5.960464477539063e-08,-0.007812490686774254
random,43,5,anchorshift,-0.031250059604644775,-0.011718757450580597
random,43,5,driftgate,-0.0625,-0.011718757450580597
random,43,5,fluxpatch,0.0625,-0.011718757450580597
random,43,5,motifbridge,0.03124995529651642,-0.011718757450580597
random,43,5,phasenest,-0.03125,-0.011718757450580597
random,43,5,phasesar,-0.031249985098838806,-0.011718757450580597
random,43,5,quorumweave,0.03125,-0.011718757450580597
random,43,5,shardbloom,-0.06249997019767761,-0.011718757450580597
random,43,6,anchorshift,-0.03125002980232239,-0.003906245343387127
random,43,6,driftgate,-0.09375,-0.003906245343387127
random,43,6,fluxpatch,0.0625,-0.003906245343387127
random,43,6,motifbridge,0.031249985098838806,-0.003906245343387127
random,43,6,phasenest,7.450580596923828e-09,-0.003906245343387127
random,43,6,phasesar,1.4901161193847656e-08,-0.003906245343387127
random,43,6,quorumweave,0.03125,-0.003906245343387127
random,43,6,shardbloom,-0.031249940395355225,-0.003906245343387127
random,43,7,anchorshift,-0.03125,-0.00781250186264515
random,43,7,driftgate,0.0,-0.00781250186264515
random,43,7,fluxpatch,-0.03125,-0.00781250186264515
random,43,7,motifbridge,0.06249997019767761,-0.00781250186264515
random,43,7,phasenest,-1.4901161193847656e-08,-0.00781250186264515
random,43,7,phasesar,0.0,-0.00781250186264515
random,43,7,quorumweave,-0.03125,-0.00781250186264515
random,43,7,shardbloom,-0.031249970197677612,-0.00781250186264515
random,43,8,anchorshift,0.06249997019767761,0.01953125
random,43,8,driftgate,0.031249992549419403,0.01953125
random,43,8,fluxpatch,-0.031249985098838806,0.01953125
random,43,8,motifbridge,0.031249985098838806,0.01953125
random,43,8,phasenest,0.0625000074505806,0.01953125
random,43,8,phasesar,0.03125,0.01953125
random,43,8,quorumweave,0.0,0.01953125
random,43,8,shardbloom,-0.031249970197677612,0.01953125
random,44,1,anchorshift,0.031249970197677612,-9.313225746154785e-10
random,44,1,driftgate,-0.09375,-9.313225746154785e-10
random,44,1,fluxpatch,0.03125,-9.313225746154785e-10
random,44,1,motifbridge,-0.031250014901161194,-9.313225746154785e-10
random,44,1,phasenest,0.0312500074505806,-9.313225746154785e-10
random,44,1,phasesar,0.0,-9.313225746154785e-10
random,44,1,quorumweave,0.0625,-9.313225746154785e-10
random,44,1,shardbloom,-0.031249970197677612,-9.313225746154785e-10
random,44,2,anchorshift,-0.031250059604644775,0.007812490686774254
random,44,2,driftgate,-0.031249985098838806,0.007812490686774254
random,44,2,fluxpatch,0.09375,0.007812490686774254
random,44,2,motifbridge,0.031249970197677612,0.007812490686774254
random,44,2,phasenest,-0.0625,0.007812490686774254
random,44,2,phasesar,0.03125,0.007812490686774254
random,44,2,quorumweave,0.0625,0.007812490686774254
random,44,2,shardbloom,-0.03125,0.007812490686774254
random,44,3,anchorshift,-0.06250002980232239,-0.03125
random,44,3,driftgate,-0.0937499850988388,-0.03125
random,44,3,fluxpatch,0.03125,-0.03125
random,44,3,motifbridge,-2.9802322387695312e-08,-0.03125
random,44,3,phasenest,-0.09375,-0.03125
random,44,3,phasesar,0.0937500149011612,-0.03125
random,44,3,quorumweave,-0.0625,-0.03125
random,44,3,shardbloom,-0.06249997019767761,-0.03125
random,44,4,anchorshift,-0.03125002980232239,-0.0195312462747097
random,44,4,driftgate,-0.062499985098838806,-0.0195312462747097
random,44,4,fluxpatch,-0.0625,-0.0195312462747097
random,44,4,motifbridge,1.4901161193847656e-08,-0.0195312462747097
random,44,4,phasenest,-0.03125,-0.0195312462747097
random,44,4,phasesar,0.0625,-0.0195312462747097
random,44,4,quorumweave,0.0,-0.0195312462747097
random,44,4,shardbloom,-0.031249970197677612,-0.0195312462747097
random,44,5,anchorshift,0.031249970197677612,3.725290298461914e-09
random,44,5,driftgate,-0.031250014901161194,3.725290298461914e-09
random,44,5,fluxpatch,5.960464477539063e-08,3.725290298461914e-09
random,44,5,motifbridge,0.062499985098838806,3.725290298461914e-09
random,44,5,phasenest,-0.03125,3.725290298461914e-09
random,44,5,phasesar,-0.03125,3.725290298461914e-09
random,44,5,quorumweave,0.0,3.725290298461914e-09
random,44,5,shardbloom,2.9802322387695312e-08,3.725290298461914e-09
random,44,6,anchorshift,-0.03125002980232239,-0.042968759313225746
random,44,6,driftgate,-0.09375,-0.042968759313225746
random,44,6,fluxpatch,2.9802322387695312e-08,-0.042968759313225746
random,44,6,motifbridge,-5.960464477539063e-08,-0.042968759313225746
random,44,6,phasenest,-0.12500004470348358,-0.042968759313225746
random,44,6,phasesar,-0.0625,-0.042968759313225746
random,44,6,quorumweave,0.0,-0.042968759313225746
random,44,6,shardbloom,-0.031249970197677612,-0.042968759313225746
random,44,7,anchorshift,-0.09375002980232239,-0.0234374962747097
random,44,7,driftgate,-0.031249985098838806,-0.0234374962747097
random,44,7,fluxpatch,-0.03125,-0.0234374962747097
random,44,7,motifbridge,0.031249985098838806,-0.0234374962747097
random,44,7,phasenest,-0.03125,-0.0234374962747097
random,44,7,phasesar,5.960464477539063e-08,-0.0234374962747097
random,44,7,quorumweave,-0.0625,-0.0234374962747097
random,44,7,shardbloom,0.03125,-0.0234374962747097
random,44,8,anchorshift,0.0,-0.031249994412064552
random,44,8,driftgate,-0.0625,-0.031249994412064552
random,44,8,fluxpatch,0.031250059604644775,-0.031249994412064552
random,44,8,motifbridge,-5.960464477539063e-08,-0.031249994412064552
random,44,8,phasenest,-0.1562499701976776,-0.031249994412064552
random,44,8,phasesar,-1.4901161193847656e-08,-0.031249994412064552
random,44,8,quorumweave,0.0,-0.031249994412064552
random,44,8,shardbloom,-0.06249997019767761,-0.031249994412064552
random,45,1,anchorshift,-2.9802322387695312e-08,-0.02343751024454832
random,45,1,driftgate,-0.03125,-0.02343751024454832
random,45,1,fluxpatch,0.0,-0.02343751024454832
random,45,1,motifbridge,0.062499962747097015,-0.02343751024454832
random,45,1,phasenest,-0.0625,-0.02343751024454832
random,45,1,phasesar,-0.0625000149011612,-0.02343751024454832
random,45,1,quorumweave,-0.0625,-0.02343751024454832
random,45,1,shardbloom,-0.03125,-0.02343751024454832
random,45,2,anchorshift,0.03125,0.0
random,45,2,driftgate,-0.03125,0.0
random,45,2,fluxpatch,0.0,0.0
random,45,2,motifbridge,0.031249970197677612,0.0
random,45,2,phasenest,0.0,0.0
random,45,2,phasesar,0.0,0.0
random,45,2,quorumweave,-0.03125,0.0
random,45,2,shardbloom,2.9802322387695312e-08,0.0
random,45,3,anchorshift,-0.03125,-0.007812493480741978
random,45,3,driftgate,-0.03125,-0.007812493480741978
random,45,3,fluxpatch,-0.0625,-0.007812493480741978
random,45,3,motifbridge,0.03124995529651642,-0.007812493480741978
random,45,3,phasenest,1.4901161193847656e-08,-0.007812493480741978
random,45,3,phasesar,0.09375002235174179,-0.007812493480741978
random,45,3,quorumweave,-0.03125,-0.007812493480741978
random,45,3,shardbloom,-0.031249940395355225,-0.007812493480741978
random,45,4,anchorshift,0.031249970197677612,-0.003906254656612873
random,45,4,driftgate,-0.0937500149011612,-0.003906254656612873
random,45,4,fluxpatch,0.031250014901161194,-0.003906254656612873
random,45,4,motifbridge,-2.9802322387695312e-08,-0.003906254656612873
random,45,4,phasenest,0.06249997764825821,-0.003906254656612873
random,45,4,phasesar,0.031250014901161194,-0.003906254656612873
random,45,4,quorumweave,-0.0625,-0.003906254656612873
random,45,4,shardbloom,-0.031249970197677612,-0.003906254656612873
random,45,5,anchorshift,0.0625,0.0234375
random,45,5,driftgate,-0.062499985098838806,0.0234375
random,45,5,fluxpatch,0.03125,0.0234375
random,45,5,motifbridge,0.0937499850988388,0.0234375
random,45,5,phasenest,-1.4901161193847656e-08,0.0234375
random,45,5,phasesar,0.062499985098838806,0.0234375
random,45,5,quorumweave,-0.0625,0.0234375
random,45,5,shardbloom,0.06250002980232239,0.0234375
random,45,6,anchorshift,0.06249997019767761,0.015624997206032276
random,45,6,driftgate,-0.03125002235174179,0.015624997206032276
random,45,6,fluxpatch,0.09375,0.015624997206032276
random,45,6,motifbridge,-2.9802322387695312e-08,0.015624997206032276
random,45,6,phasenest,0.03125,0.015624997206032276
random,45,6,phasesar,0.03125,0.015624997206032276
random,45,6,quorumweave,-0.0625,0.015624997206032276
random,45,6,shardbloom,5.960464477539063e-08,0.015624997206032276
random,45,7,anchorshift,-0.03125,-2.7939677238464355e-09
random,45,7,driftgate,-0.0625,-2.7939677238464355e-09
random,45,7,fluxpatch,0.0625,-2.7939677238464355e-09
random,45,7,motifbridge,-0.031250014901161194,-2.7939677238464355e-09
random,45,7,phasenest,-2.2351741790771484e-08,-2.7939677238464355e-09
random,45,7,phasesar,0.0937499850988388,-2.7939677238464355e-09
random,45,7,quorumweave,-0.03125,-2.7939677238464355e-09
random,45,7,shardbloom,2.9802322387695312e-08,-2.7939677238464355e-09
random,45,8,anchorshift,0.031249970197677612,-0.01953125838190317
random,45,8,driftgate,-0.0937500149011612,-0.01953125838190317
random,45,8,fluxpatch,-0.03125,-0.01953125838190317
random,45,8,motifbridge,-0.03125002980232239,-0.01953125838190317
random,45,8,phasenest,0.03125,-0.01953125838190317
random,45,8,phasesar,0.0312500074505806,-0.01953125838190317
random,45,8,quorumweave,-0.03125,-0.01953125838190317
random,45,8,shardbloom,-0.0625,-0.01953125838190317
random,46,1,anchorshift,-0.03125,-0.01953125186264515
random,46,1,driftgate,-1.4901161193847656e-08,-0.01953125186264515
random,46,1,fluxpatch,-0.03125,-0.01953125186264515
random,46,1,motifbridge,-0.03125002980232239,-0.01953125186264515
random,46,1,phasenest,0.03125,-0.01953125186264515
random,46,1,phasesar,-0.03125,-0.01953125186264515
random,46,1,quorumweave,-0.03125,-0.01953125186264515
random,46,1,shardbloom,-0.031249970197677612,-0.01953125186264515
random,46,2,anchorshift,-5.960464477539063e-08,0.00390625
random,46,2,driftgate,-0.09375,0.00390625
random,46,2,fluxpatch,0.03125,0.00390625
random,46,2,motifbridge,0.062499985098838806,0.00390625
random,46,2,phasenest,2.9802322387695312e-08,0.00390625
random,46,2,phasesar,1.4901161193847656e-08,0.00390625
random,46,2,quorumweave,0.0,0.00390625
random,46,2,shardbloom,0.03125002980232239,0.00390625
random,46,3,anchorshift,0.031249970197677612,-0.003906250931322575
random,46,3,driftgate,-0.1249999850988388,-0.003906250931322575
random,46,3,fluxpatch,-1.4901161193847656e-08,-0.003906250931322575
random,46,3,motifbridge,-0.06250002980232239,-0.003906250931322575
random,46,3,phasenest,0.03125,-0.003906250931322575
random,46,3,phasesar,0.06250002235174179,-0.003906250931322575
random,46,3,quorumweave,0.03125,-0.003906250931322575
random,46,3,shardbloom,2.9802322387695312e-08,-0.003906250931322575
random,46,4,anchorshift,-0.03125002980232239,-0.007812503725290298
random,46,4,driftgate,-0.03125,-0.007812503725290298
random,46,4,fluxpatch,-1.4901161193847656e-08,-0.007812503725290298
random,46,4,motifbridge,0.03125,-0.007812503725290298
random,46,4,phasenest,-0.0625,-0.007812503725290298
random,46,4,phasesar,-0.031250014901161194,-0.007812503725290298
random,46,4,quorumweave,0.0,-0.007812503725290298
random,46,4,shardbloom,0.06250002980232239,-0.007812503725290298
random,46,5,anchorshift,-0.03125,-0.019531252793967724
random,46,5,driftgate,-0.0625000074505806,-0.019531252793967724
random,46,5,fluxpatch,-0.03125,-0.019531252793967724
random,46,5,motifbridge,-0.03125,-0.019531252793967724
random,46,5,phasenest,0.031249970197677612,-0.019531252793967724
random,46,5,phasesar,-1.4901161193847656e-08,-0.019531252793967724
random,46,5,quorumweave,-0.03125,-0.019531252793967724
random,46,5,shardbloom,2.9802322387695312e-08,-0.019531252793967724
random,46,6,anchorshift,-0.03125,-0.0195312537252903
random,46,6,driftgate,-0.0625,-0.0195312537252903
random,46,6,fluxpatch,0.0,-0.0195312537252903
random,46,6,motifbridge,-0.03125004470348358,-0.0195312537252903
random,46,6,phasenest,-0.03125,-0.0195312537252903
random,46,6,phasesar,0.0625000149011612,-0.0195312537252903
random,46,6,quorumweave,-0.03125,-0.0195312537252903
random,46,6,shardbloom,-0.03125,-0.0195312537252903
random,46,7,anchorshift,-0.03125002980232239,-0.03515624813735485
random,46,7,driftgate,-0.09375,-0.03515624813735485
random,46,7,fluxpatch,5.960464477539063e-08,-0.03515624813735485
random,46,7,motifbridge,-0.03125004470348358,-0.03515624813735485
random,46,7,phasenest,-0.03125,-0.03515624813735485
random,46,7,phasesar,0.03125,-0.03515624813735485
random,46,7,quorumweave,-0.0625,-0.03515624813735485
random,46,7,shardbloom,-0.06249997019767761,-0.03515624813735485
random,46,8,anchorshift,0.031249940395355225,-1.862645149230957e-09
random,46,8,driftgate,-0.0625,-1.862645149230957e-09
random,46,8,fluxpatch,0.03125,-1.862645149230957e-09
random,46,8,motifbridge,0.031249985098838806,-1.862645149230957e-09
random,46,8,phasenest,-0.03125002980232239,-1.862645149230957e-09
random,46,8,phasesar,-0.031249940395355225,-1.862645149230957e-09
random,46,8,quorumweave,0.0,-1.862645149230957e-09
random,46,8,shardbloom,0.03125002980232239,-1.862645149230957e-09
random,47,1,anchorshift,-0.031250059604644775,-0.01562500186264515
random,47,1,driftgate,-0.0625000149011612,-0.01562500186264515
random,47,1,fluxpatch,0.031250014901161194,-0.01562500186264515
random,47,1,motifbridge,0.031249985098838806,-0.01562500186264515
random,47,1,phasenest,-0.125,-0.01562500186264515
random,47,1,phasesar,0.0,-0.01562500186264515
random,47,1,quorumweave,0.0,-0.01562500186264515
random,47,1,shardbloom,0.031250059604644775,-0.01562500186264515
random,47,2,anchorshift,-2.9802322387695312e-08,-0.027343752793967724
random,47,2,driftgate,-0.03125002235174179,-0.027343752793967724
random,47,2,fluxpatch,-0.03125,-0.027343752793967724
random,47,2,motifbridge,-2.9802322387695312e-08,-0.027343752793967724
random,47,2,phasenest,0.03125002980232239,-0.027343752793967724
random,47,2,phasesar,-0.09375,-0.027343752793967724
random,47,2,quorumweave,-0.0625,-0.027343752793967724
random,47,2,shardbloom,-0.031249970197677612,-0.027343752793967724
random,47,3,anchorshift,0.0,-0.003906250931322575
random,47,3,driftgate,-0.031250014901161194,-0.003906250931322575
random,47,3,fluxpatch,-0.031249985098838806,-0.003906250931322575
random,47,3,motifbridge,-2.9802322387695312e-08,-0.003906250931322575
random,47,3,phasenest,7.450580596923828e-09,-0.003906250931322575
random,47,3,phasesar,0.031250014901161194,-0.003906250931322575
random,47,3,quorumweave,-0.03125,-0.003906250931322575
random,47,3,shardbloom,0.03125,-0.003906250931322575
random,47,4,anchorshift,-0.031250059604644775,-0.015625004656612873
random,47,4,driftgate,-0.125,-0.015625004656612873
random,47,4,fluxpatch,0.031249985098838806,-0.015625004656612873
random,47,4,motifbridge,0.031249970197677612,-0.015625004656612873
random,47,4,phasenest,-0.03125,-0.015625004656612873
random,47,4,phasesar,0.0312500074505806,-0.015625004656612873
random,47,4,quorumweave,-0.03125,-0.015625004656612873
random,47,4,shardbloom,5.960464477539063e-08,-0.015625004656612873
random,47,5,anchorshift,0.0,-0.0312499962747097
random,47,5,driftgate,-0.0937499850988388,-0.0312499962747097
random,47,5,fluxpatch,0.0,-0.0312499962747097
random,47,5,motifbridge,-1.4901161193847656e-08,-0.0312499962747097
random,47,5,phasenest,-0.03125,-0.0312499962747097
random,47,5,phasesar,-0.03125,-0.0312499962747097
random,47,5,quorumweave,-0.03125,-0.0312499962747097
random,47,5,shardbloom,-0.06249997019767761,-0.0312499962747097
random,47,6,anchorshift,-0.03125,-0.01562500186264515
random,47,6,driftgate,-0.03125,-0.01562500186264515
random,47,6,fluxpatch,0.03125,-0.01562500186264515
random,47,6,motifbridge,0.062499962747097015,-0.01562500186264515
random,47,6,phasenest,-0.03125,-0.01562500186264515
random,47,6,phasesar,-0.031250014901161194,-0.01562500186264515
random,47,6,quorumweave,-0.0625,-0.01562500186264515
random,47,6,shardbloom,-0.031249962747097015,-0.01562500186264515
random,47,7,anchorshift,0.062499940395355225,-0.0039062537252902985
random,47,7,driftgate,-0.0625,-0.0039062537252902985
random,47,7,fluxpatch,5.960464477539063e-08,-0.0039062537252902985
random,47,7,motifbridge,-5.960464477539063e-08,-0.0039062537252902985
random,47,7,phasenest,-0.03125,-0.0039062537252902985
random,47,7,phasesar,0.0,-0.0039062537252902985
random,47,7,quorumweave,-0.03125,-0.0039062537252902985
random,47,7,shardbloom,0.03125002980232239,-0.0039062537252902985
random,47,8,anchorshift,0.031249970197677612,-0.03906250186264515
random,47,8,driftgate,-0.062499985098838806,-0.03906250186264515
random,47,8,fluxpatch,-0.0625,-0.03906250186264515
random,47,8,motifbridge,-2.9802322387695312e-08,-0.03906250186264515
random,47,8,phasenest,-0.03125,-0.03906250186264515
random,47,8,phasesar,0.0,-0.03906250186264515
random,47,8,quorumweave,-0.0625,-0.03906250186264515
random,47,8,shardbloom,-0.12499997019767761,-0.03906250186264515
random,48,1,anchorshift,-0.09375002980232239,-0.01953125186264515
random,48,1,driftgate,-0.125,-0.01953125186264515
random,48,1,fluxpatch,0.0,-0.01953125186264515
random,48,1,motifbridge,-1.4901161193847656e-08,-0.01953125186264515
random,48,1,phasenest,0.03125,-0.01953125186264515
random,48,1,phasesar,0.03125,-0.01953125186264515
random,48,1,quorumweave,0.0,-0.01953125186264515
random,48,1,shardbloom,2.9802322387695312e-08,-0.01953125186264515
random,48,2,anchorshift,0.062499940395355225,-5.587935447692871e-09
random,48,2,driftgate,-0.06250002980232239,-5.587935447692871e-09
random,48,2,fluxpatch,2.9802322387695312e-08,-5.587935447692871e-09
random,48,2,motifbridge,0.031249970197677612,-5.587935447692871e-09
random,48,2,phasenest,-0.0625000149011612,-5.587935447692871e-09
random,48,2,phasesar,0.03125,-5.587935447692871e-09
random,48,2,quorumweave,0.0,-5.587935447692871e-09
random,48,2,shardbloom,5.960464477539063e-08,-5.587935447692871e-09
random,48,3,anchorshift,-2.9802322387695312e-08,-0.023437507450580597
random,48,3,driftgate,-0.1249999850988388,-0.023437507450580597
random,48,3,fluxpatch,-0.06250002980232239,-0.023437507450580597
random,48,3,motifbridge,-2.9802322387695312e-08,-0.023437507450580597
random,48,3,phasenest,0.0,-0.023437507450580597
random,48,3,phasesar,-1.4901161193847656e-08,-0.023437507450580597
random,48,3,quorumweave,-0.03125,-0.023437507450580597
random,48,3,shardbloom,0.03125002980232239,-0.023437507450580597
random,48,4,anchorshift,0.031249970197677612,-0.0195312462747097
random,48,4,driftgate,-0.0625,-0.0195312462747097
random,48,4,fluxpatch,-0.03125,-0.0195312462747097
random,48,4,motifbridge,0.031249970197677612,-0.0195312462747097
random,48,4,phasenest,2.9802322387695312e-08,-0.0195312462747097
random,48,4,phasesar,0.0,-0.0195312462747097
random,48,4,quorumweave,-0.0625,-0.0195312462747097
random,48,4,shardbloom,-0.062499940395355225,-0.0195312462747097
random,48,5,anchorshift,-0.03125002980232239,-0.003906255587935448
random,48,5,driftgate,0.0,-0.003906255587935448
random,48,5,fluxpatch,-0.03125,-0.003906255587935448
random,48,5,motifbridge,-0.03125004470348358,-0.003906255587935448
random,48,5,phasenest,-0.0625,-0.003906255587935448
random,48,5,phasesar,0.06249997019767761,-0.003906255587935448
random,48,5,quorumweave,0.03125,-0.003906255587935448
random,48,5,shardbloom,0.031250059604644775,-0.003906255587935448
random,48,6,anchorshift,-0.03125,-0.02734375186264515
random,48,6,driftgate,-0.1250000074505806,-0.02734375186264515
random,48,6,fluxpatch,0.03125,-0.02734375186264515
random,48,6,motifbridge,-1.4901161193847656e-08,-0.02734375186264515
random,48,6,phasenest,-0.031249992549419403,-0.02734375186264515
random,48,6,phasesar,0.03125,-0.02734375186264515
random,48,6,quorumweave,-0.0625,-0.02734375186264515
random,48,6,shardbloom,-0.03125,-0.02734375186264515
random,48,7,anchorshift,-2.9802322387695312e-08,-0.01953125
random,48,7,driftgate,-0.09375,-0.01953125
random,48,7,fluxpatch,-0.03125,-0.01953125
random,48,7,motifbridge,-0.031250014901161194,-0.01953125
random,48,7,phasenest,0.0,-0.01953125
random,48,7,phasesar,0.0625000149011612,-0.01953125
random,48,7,quorumweave,-0.0625,-0.01953125
random,48,7,shardbloom,2.9802322387695312e-08,-0.01953125
random,48,8,anchorshift,-2.9802322387695312e-08,0.0039062537252902985
random,48,8,driftgate,-0.03125,0.0039062537252902985
random,48,8,fluxpatch,0.0625,0.0039062537252902985
random,48,8,motifbridge,-1.4901161193847656e-08,0.0039062537252902985
random,48,8,phasenest,1.4901161193847656e-08,0.0039062537252902985
random,48,8,phasesar,-0.0625,0.0039062537252902985
random,48,8,quorumweave,0.03125,0.0039062537252902985
random,48,8,shardbloom,0.031250059604644775,0.0039062537252902985
random,49,1,anchorshift,-5.960464477539063e-08,-0.019531261175870895
random,49,1,driftgate,-0.0625,-0.019531261175870895
random,49,1,fluxpatch,-0.03125,-0.019531261175870895
random,49,1,motifbridge,0.031249970197677612,-0.019531261175870895
random,49,1,phasenest,-2.9802322387695312e-08,-0.019531261175870895
random,49,1,phasesar,-0.03125,-0.019531261175870895
random,49,1,quorumweave,-0.03125,-0.019531261175870895
random,49,1,shardbloom,-0.031249970197677612,-0.019531261175870895
random,49,2,anchorshift,-0.06250008940696716,-0.019531257450580597
random,49,2,driftgate,-0.09375,-0.019531257450580597
random,49,2,fluxpatch,0.03125,-0.019531257450580597
random,49,2,motifbridge,0.031249970197677612,-0.019531257450580597
random,49,2,phasenest,-0.03125,-0.019531257450580597
random,49,2,phasesar,0.0,-0.019531257450580597
random,49,2,quorumweave,0.0,-0.019531257450580597
random,49,2,shardbloom,-0.031249940395355225,-0.019531257450580597
random,49,3,anchorshift,-2.9802322387695312e-08,-0.01562499813735485
random,49,3,driftgate,1.4901161193847656e-08,-0.01562499813735485
random,49,3,fluxpatch,2.9802322387695312e-08,-0.01562499813735485
random,49,3,motifbridge,0.031249970197677612,-0.01562499813735485
random,49,3,phasenest,-0.03125,-0.01562499813735485
random,49,3,phasesar,-0.0625,-0.01562499813735485
random,49,3,quorumweave,-0.0625,-0.01562499813735485
random,49,3,shardbloom,2.9802322387695312e-08,-0.01562499813735485
random,49,4,anchorshift,-0.06250002980232239,-0.01562501024454832
random,49,4,driftgate,-0.031250014901161194,-0.01562501024454832
random,49,4,fluxpatch,0.0,-0.01562501024454832
random,49,4,motifbridge,-2.9802322387695312e-08,-0.01562501024454832
random,49,4,phasenest,-2.2351741790771484e-08,-0.01562501024454832
random,49,4,phasesar,0.031249985098838806,-0.01562501024454832
random,49,4,quorumweave,-0.0625,-0.01562501024454832
random,49,4,shardbloom,2.9802322387695312e-08,-0.01562501024454832
random,49,5,anchorshift,0.031249970197677612,-1.1175870895385742e-08
random,49,5,driftgate,-0.0625000149011612,-1.1175870895385742e-08
random,49,5,fluxpatch,-0.03125,-1.1175870895385742e-08
random,49,5,motifbridge,-0.03125004470348358,-1.1175870895385742e-08
random,49,5,phasenest,1.4901161193847656e-08,-1.1175870895385742e-08
random,49,5,phasesar,0.031249985098838806,-1.1175870895385742e-08
random,49,5,quorumweave,0.0625,-1.1175870895385742e-08
random,49,5,shardbloom,0.0,-1.1175870895385742e-08
random,49,6,anchorshift,-0.031250059604644775,0.01171875
random,49,6,driftgate,0.0,0.01171875
random,49,6,fluxpatch,-0.031249940395355225,0.01171875
random,49,6,motifbridge,-4.470348358154297e-08,0.01171875
random,49,6,phasenest,0.03125,0.01171875
random,49,6,phasesar,0.0937500149011612,0.01171875
random,49,6,quorumweave,0.0625,0.01171875
random,49,6,shardbloom,-0.031249970197677612,0.01171875
random,49,7,anchorshift,-2.9802322387695312e-08,-0.01953125186264515
random,49,7,driftgate,-0.03125,-0.01953125186264515
random,49,7,fluxpatch,-0.03125,-0.01953125186264515
random,49,7,motifbridge,-0.03125002980232239,-0.01953125186264515
random,49,7,phasenest,0.0,-0.01953125186264515
random,49,7,phasesar,-0.031249985098838806,-0.01953125186264515
random,49,7,quorumweave,-0.0625,-0.01953125186264515
random,49,7,shardbloom,0.03125002980232239,-0.01953125186264515
random,49,8,anchorshift,0.031249970197677612,-5.587935447692871e-09
random,49,8,driftgate,-0.0625,-5.587935447692871e-09
random,49,8,fluxpatch,-0.031249985098838806,-5.587935447692871e-09
random,49,8,motifbridge,0.031249970197677612,-5.587935447692871e-09
random,49,8,phasenest,0.06249997019767761,-5.587935447692871e-09
random,49,8,phasesar,0.0,-5.587935447692871e-09
random,49,8,quorumweave,-0.03125,-5.587935447692871e-09
random,49,8,shardbloom,2.9802322387695312e-08,-5.587935447692871e-09
random,50,1,anchorshift,0.031249970197677612,-0.011718757450580597
random,50,1,driftgate,-0.0625,-0.011718757450580597
random,50,1,fluxpatch,-0.03125002980232239,-0.011718757450580597
random,50,1,motifbridge,-0.06250002980232239,-0.011718757450580597
random,50,1,phasenest,0.031249985098838806,-0.011718757450580597
random,50,1,phasesar,-1.4901161193847656e-08,-0.011718757450580597
random,50,1,quorumweave,0.0,-0.011718757450580597
random,50,1,shardbloom,5.960464477539063e-08,-0.011718757450580597
random,50,2,anchorshift,0.06249997019767761,-0.01171875186264515
random,50,2,driftgate,-0.031249985098838806,-0.01171875186264515
random,50,2,fluxpatch,0.0,-0.01171875186264515
random,50,2,motifbridge,-0.03125002980232239,-0.01171875186264515
random,50,2,phasenest,-0.03125,-0.01171875186264515
random,50,2,phasesar,0.0625,-0.01171875186264515
random,50,2,quorumweave,-0.03125,-0.01171875186264515
random,50,2,shardbloom,-0.09374997019767761,-0.01171875186264515
random,50,3,anchorshift,-0.06250002980232239,-0.019531255587935448
random,50,3,driftgate,-0.03125,-0.019531255587935448
random,50,3,fluxpatch,-1.4901161193847656e-08,-0.019531255587935448
random,50,3,motifbridge,-4.470348358154297e-08,-0.019531255587935448
random,50,3,phasenest,-0.03125,-0.019531255587935448
random,50,3,phasesar,0.031249985098838806,-0.019531255587935448
random,50,3,quorumweave,0.0,-0.019531255587935448
random,50,3,shardbloom,-0.062499940395355225,-0.019531255587935448
random,50,4,anchorshift,-2.9802322387695312e-08,-0.011718750931322575
random,50,4,driftgate,-0.031249970197677612,-0.011718750931322575
random,50,4,fluxpatch,0.03125,-0.011718750931322575
random,50,4,motifbridge,-1.4901161193847656e-08,-0.011718750931322575
random,50,4,phasenest,0.0312500074505806,-0.011718750931322575
random,50,4,phasesar,0.03125,-0.011718750931322575
random,50,4,quorumweave,-0.09375,-0.011718750931322575
random,50,4,shardbloom,-0.0625,-0.011718750931322575
random,50,5,anchorshift,-2.9802322387695312e-08,0.011718746274709702
random,50,5,driftgate,-0.03125,0.011718746274709702
random,50,5,fluxpatch,0.03125,0.011718746274709702
random,50,5,motifbridge,0.06249997019767761,0.011718746274709702
random,50,5,phasenest,-0.031249985098838806,0.011718746274709702
random,50,5,phasesar,0.031250014901161194,0.011718746274709702
random,50,5,quorumweave,0.03125,0.011718746274709702
random,50,5,shardbloom,0.0,0.011718746274709702
random,50,6,anchorshift,0.031249970197677612,-0.023437513038516045
random,50,6,driftgate,-0.0625000149011612,-0.023437513038516045
random,50,6,fluxpatch,-0.06250004470348358,-0.023437513038516045
random,50,6,motifbridge,0.031249970197677612,-0.023437513038516045
random,50,6,phasenest,-1.4901161193847656e-08,-0.023437513038516045
random,50,6,phasesar,-0.03125,-0.023437513038516045
random,50,6,quorumweave,-0.03125,-0.023437513038516045
random,50,6,shardbloom,-0.06249997019767761,-0.023437513038516045
random,50,7,anchorshift,-0.03125002980232239,-0.007812505587935448
random,50,7,driftgate,-0.09375,-0.007812505587935448
random,50,7,fluxpatch,0.0,-0.007812505587935448
random,50,7,motifbridge,0.031249970197677612,-0.007812505587935448
random,50,7,phasenest,-1.4901161193847656e-08,-0.007812505587935448
random,50,7,phasesar,0.03125,-0.007812505587935448
random,50,7,quorumweave,0.0,-0.007812505587935448
random,50,7,shardbloom,2.9802322387695312e-08,-0.007812505587935448
random,50,8,anchorshift,0.03125,0.003906251862645149
random,50,8,driftgate,-0.0625,0.003906251862645149
random,50,8,fluxpatch,0.0,0.003906251862645149
random,50,8,motifbridge,0.09374997019767761,0.003906251862645149
random,50,8,phasenest,0.031250014901161194,0.003906251862645149
random,50,8,phasesar,-0.03125,0.003906251862645149
random,50,8,quorumweave,0.0,0.003906251862645149
random,50,8,shardbloom,-0.031249970197677612,0.003906251862645149
random,51,1,anchorshift,0.0,-0.007812500931322575
random,51,1,driftgate,-7.450580596923828e-09,-0.007812500931322575
random,51,1,fluxpatch,-0.0625,-0.007812500931322575
random,51,1,motifbridge,-2.9802322387695312e-08,-0.007812500931322575
random,51,1,phasenest,-1.4901161193847656e-08,-0.007812500931322575
random,51,1,phasesar,0.0625000149011612,-0.007812500931322575
random,51,1,quorumweave,-0.03125,-0.007812500931322575
random,51,1,shardbloom,-0.031249970197677612,-0.007812500931322575
random,51,2,anchorshift,-0.03125002980232239,1.862645149230957e-09
random,51,2,driftgate,-0.09375,1.862645149230957e-09
random,51,2,fluxpatch,-0.031249985098838806,1.862645149230957e-09
random,51,2,motifbridge,0.06249997019767761,1.862645149230957e-09
random,51,2,phasenest,0.03125,1.862645149230957e-09
random,51,2,phasesar,0.03125,1.862645149230957e-09
random,51,2,quorumweave,0.0,1.862645149230957e-09
random,51,2,shardbloom,0.031250059604644775,1.862645149230957e-09
random,51,3,anchorshift,0.031249970197677612,0.019531247206032276
random,51,3,driftgate,-0.062499985098838806,0.019531247206032276
random,51,3,fluxpatch,0.03125,0.019531247206032276
random,51,3,motifbridge,0.031249970197677612,0.019531247206032276
random,51,3,phasenest,0.0625000074505806,0.019531247206032276
random,51,3,phasesar,-0.031250014901161194,0.019531247206032276
random,51,3,quorumweave,0.0,0.019531247206032276
random,51,3,shardbloom,0.09375002980232239,0.019531247206032276
random,51,4,anchorshift,-2.9802322387695312e-08,-0.007812503725290298
random,51,4,driftgate,-0.0625,-0.007812503725290298
random,51,4,fluxpatch,0.0625,-0.007812503725290298
random,51,4,motifbridge,-0.031250014901161194,-0.007812503725290298
random,51,4,phasenest,-0.0625,-0.007812503725290298
random,51,4,phasesar,-1.4901161193847656e-08,-0.007812503725290298
random,51,4,quorumweave,0.03125,-0.007812503725290298
random,51,4,shardbloom,2.9802322387695312e-08,-0.007812503725290298
random,51,5,anchorshift,-2.9802322387695312e-08,-0.00781250186264515
random,51,5,driftgate,-0.0625,-0.00781250186264515
random,51,5,fluxpatch,-0.031249970197677612,-0.00781250186264515
random,51,5,motifbridge,0.03124995529651642,-0.00781250186264515
random,51,5,phasenest,-0.03125,-0.00781250186264515
random,51,5,phasesar,0.03125,-0.00781250186264515
random,51,5,quorumweave,-0.03125,-0.00781250186264515
random,51,5,shardbloom,0.03125002980232239,-0.00781250186264515
random,51,6,anchorshift,0.031249970197677612,-0.007812509313225746
random,51,6,driftgate,-0.125,-0.007812509313225746
random,51,6,fluxpatch,0.03125,-0.007812509313225746
random,51,6,motifbridge,-4.470348358154297e-08,-0.007812509313225746
random,51,6,phasenest,-0.03125,-0.007812509313225746
random,51,6,phasesar,0.0,-0.007812509313225746
random,51,6,quorumweave,0.0625,-0.007812509313225746
random,51,6,shardbloom,-0.03125,-0.007812509313225746
random,51,7,anchorshift,0.03125,-0.01562499813735485
random,51,7,driftgate,-0.125,-0.01562499813735485
random,51,7,fluxpatch,0.03125,-0.01562499813735485
random,51,7,motifbridge,0.03124995529651642,-0.01562499813735485
random,51,7,phasenest,0.03125,-0.01562499813735485
random,51,7,phasesar,-0.031249970197677612,-0.01562499813735485
random,51,7,quorumweave,-0.03125,-0.01562499813735485
random,51,7,shardbloom,-0.06249997019767761,-0.01562499813735485
random,51,8,anchorshift,-5.960464477539063e-08,-0.01171875186264515
random,51,8,driftgate,-0.09375,-0.01171875186264515
random,51,8,fluxpatch,-0.062499985098838806,-0.01171875186264515
random,51,8,motifbridge,0.06249997019767761,-0.01171875186264515
random,51,8,phasenest,-0.03125,-0.01171875186264515
random,51,8,phasesar,0.03125,-0.01171875186264515
random,51,8,quorumweave,0.0,-0.01171875186264515
random,51,8,shardbloom,5.960464477539063e-08,-0.01171875186264515
random,52,1,anchorshift,0.031249970197677612,-0.01953124813735485
random,52,1,driftgate,-0.03125,-0.01953124813735485
random,52,1,fluxpatch,-0.0625,-0.01953124813735485
random,52,1,motifbridge,-0.031250014901161194,-0.01953124813735485
random,52,1,phasenest,-0.0625,-0.01953124813735485
random,52,1,phasesar,0.0,-0.01953124813735485
random,52,1,quorumweave,0.03125,-0.01953124813735485
random,52,1,shardbloom,-0.031249940395355225,-0.01953124813735485
random,52,2,anchorshift,-0.03125002980232239,0.003906251862645149
random,52,2,driftgate,0.03125,0.003906251862645149
random,52,2,fluxpatch,-0.0625,0.003906251862645149
random,52,2,motifbridge,0.062499985098838806,0.003906251862645149
random,52,2,phasenest,0.0,0.003906251862645149
random,52,2,phasesar,-0.0625,0.003906251862645149
random,52,2,quorumweave,0.03125,0.003906251862645149
random,52,2,shardbloom,0.06250005960464478,0.003906251862645149
random,52,3,anchorshift,0.06249997019767761,-0.007812503725290298
random,52,3,driftgate,-0.062499985098838806,-0.007812503725290298
random,52,3,fluxpatch,-0.03125,-0.007812503725290298
random,52,3,motifbridge,-4.470348358154297e-08,-0.007812503725290298
random,52,3,phasenest,0.0,-0.007812503725290298
random,52,3,phasesar,-0.03125,-0.007812503725290298
random,52,3,quorumweave,-0.03125,-0.007812503725290298
random,52,3,shardbloom,0.03125002980232239,-0.007812503725290298
random,52,4,anchorshift,-0.06250005960464478,0.0039062444120645523
random,52,4,driftgate,-0.031249985098838806,0.0039062444120645523
random,52,4,fluxpatch,0.0,0.0039062444120645523
random,52,4,motifbridge,0.031249970197677612,0.0039062444120645523
random,52,4,phasenest,-0.03125,0.0039062444120645523
random,52,4,phasesar,0.03125,0.0039062444120645523
random,52,4,quorumweave,0.0625,0.0039062444120645523
random,52,4,shardbloom,0.03125002980232239,0.0039062444120645523
random,52,5,anchorshift,-0.03125002980232239,-0.011718745343387127
random,52,5,driftgate,-0.062499985098838806,-0.011718745343387127
random,52,5,fluxpatch,-0.031249970197677612,-0.011718745343387127
random,52,5,motifbridge,0.0937499850988388,-0.011718745343387127
random,52,5,phasenest,-0.031249992549419403,-0.011718745343387127
random,52,5,phasesar,-0.03125,-0.011718745343387127
random,52,5,quorumweave,-0.03125,-0.011718745343387127
random,52,5,shardbloom,0.03125002980232239,-0.011718745343387127
random,52,6,anchorshift,-2.9802322387695312e-08,-0.03125000186264515
random,52,6,driftgate,-0.031249985098838806,-0.03125000186264515
random,52,6,fluxpatch,-0.09375,-0.03125000186264515
random,52,6,motifbridge,0.031249970197677612,-0.03125000186264515
random,52,6,phasenest,-0.0625,-0.03125000186264515
random,52,6,phasesar,-0.0625,-0.03125000186264515
random,52,6,quorumweave,-0.03125,-0.03125000186264515
random,52,6,shardbloom,2.9802322387695312e-08,-0.03125000186264515
random,52,7,anchorshift,0.06249997019767761,-0.03906250838190317
random,52,7,driftgate,-0.1562500074505806,-0.03906250838190317
random,52,7,fluxpatch,-0.031250014901161194,-0.03906250838190317
random,52,7,motifbridge,-2.9802322387695312e-08,-0.03906250838190317
random,52,7,phasenest,-0.06250004470348358,-0.03906250838190317
random,52,7,phasesar,0.09375,-0.03906250838190317
random,52,7,quorumweave,-0.09375,-0.03906250838190317
random,52,7,shardbloom,-0.12499994039535522,-0.03906250838190317
random,52,8,anchorshift,0.031249970197677612,-0.0234375037252903
random,52,8,driftgate,-0.0937499850988388,-0.0234375037252903
random,52,8,fluxpatch,-0.03125,-0.0234375037252903
random,52,8,motifbridge,-2.9802322387695312e-08,-0.0234375037252903
random,52,8,phasenest,-0.0625,-0.0234375037252903
random,52,8,phasesar,-1.4901161193847656e-08,-0.0234375037252903
random,52,8,quorumweave,0.03125,-0.0234375037252903
random,52,8,shardbloom,-0.06249997019767761,-0.0234375037252903
random,53,1,anchorshift,-0.06250002980232239,-0.0273437537252903
random,53,1,driftgate,-0.03125,-0.0273437537252903
random,53,1,fluxpatch,-0.03125,-0.0273437537252903
random,53,1,motifbridge,-0.031250014901161194,-0.0273437537252903
random,53,1,phasenest,-0.0625000149011612,-0.0273437537252903
random,53,1,phasesar,0.03125,-0.0273437537252903
random,53,1,quorumweave,0.0,-0.0273437537252903
random,53,1,shardbloom,-0.031249970197677612,-0.0273437537252903
random,53,2,anchorshift,2.9802322387695312e-08,0.011718759313225746
random,53,2,driftgate,-0.03125,0.011718759313225746
random,53,2,fluxpatch,0.031250014901161194,0.011718759313225746
random,53,2,motifbridge,0.0,0.011718759313225746
random,53,2,phasenest,0.0,0.011718759313225746
random,53,2,phasesar,0.0625,0.011718759313225746
random,53,2,quorumweave,0.03125,0.011718759313225746
random,53,2,shardbloom,2.9802322387695312e-08,0.011718759313225746
random,53,3,anchorshift,-0.03125002980232239,-1.862645149230957e-09
random,53,3,driftgate,-0.0625,-1.862645149230957e-09
random,53,3,fluxpatch,0.0625,-1.862645149230957e-09
random,53,3,motifbridge,0.031249985098838806,-1.862645149230957e-09
random,53,3,phasenest,0.0,-1.862645149230957e-09
random,53,3,phasesar,-0.03125,-1.862645149230957e-09
random,53,3,quorumweave,0.0,-1.862645149230957e-09
random,53,3,shardbloom,0.03125002980232239,-1.862645149230957e-09
random,53,4,anchorshift,0.0,0.007812498137354851
random,53,4,driftgate,-0.0625,0.007812498137354851
random,53,4,fluxpatch,0.03125,0.007812498137354851
random,53,4,motifbridge,0.031249985098838806,0.007812498137354851
random,53,4,phasenest,-0.0625,0.007812498137354851
random,53,4,phasesar,0.03125,0.007812498137354851
random,53,4,quorumweave,0.03125,0.007812498137354851
random,53,4,shardbloom,0.0625,0.007812498137354851
random,53,5,anchorshift,-2.9802322387695312e-08,0.011718743480741978
random,53,5,driftgate,-0.0625,0.011718743480741978
random,53,5,fluxpatch,-1.4901161193847656e-08,0.011718743480741978
random,53,5,motifbridge,0.06249997019767761,0.011718743480741978
random,53,5,phasenest,-0.0624999925494194,0.011718743480741978
random,53,5,phasesar,0.031249985098838806,0.011718743480741978
random,53,5,quorumweave,0.0625,0.011718743480741978
random,53,5,shardbloom,0.06250002980232239,0.011718743480741978
random,53,6,anchorshift,-0.0625,-0.003906251862645149
random,53,6,driftgate,-0.0937500149011612,-0.003906251862645149
random,53,6,fluxpatch,0.03125,-0.003906251862645149
random,53,6,motifbridge,-0.03125002980232239,-0.003906251862645149
random,53,6,phasenest,0.031249970197677612,-0.003906251862645149
random,53,6,phasesar,0.0625,-0.003906251862645149
random,53,6,quorumweave,0.03125,-0.003906251862645149
random,53,6,shardbloom,5.960464477539063e-08,-0.003906251862645149
random,53,7,anchorshift,-5.960464477539063e-08,0.0
random,53,7,driftgate,-0.09375,0.0
random,53,7,fluxpatch,0.03125,0.0
random,53,7,motifbridge,-2.9802322387695312e-08,0.0
random,53,7,phasenest,-0.031249970197677612,0.0
random,53,7,phasesar,0.0,0.0
random,53,7,quorumweave,0.0625,0.0
random,53,7,shardbloom,0.031250059604644775,0.0
random,53,8,anchorshift,-0.06250002980232239,0.003906240686774254
random,53,8,driftgate,-0.0312500074505806,0.003906240686774254
random,53,8,fluxpatch,0.1249999850988388,0.003906240686774254
random,53,8,motifbridge,-0.031250059604644775,0.003906240686774254
random,53,8,phasenest,0.0312500074505806,0.003906240686774254
random,53,8,phasesar,0.0,0.003906240686774254
random,53,8,quorumweave,0.03125,0.003906240686774254
random,53,8,shardbloom,-0.031249970197677612,0.003906240686774254
random,54,1,anchorshift,0.03125,-0.01171875
random,54,1,driftgate,-0.0937499850988388,-0.01171875
random,54,1,fluxpatch,0.0,-0.01171875
random,54,1,motifbridge,-2.9802322387695312e-08,-0.01171875
random,54,1,phasenest,0.0,-0.01171875
random,54,1,phasesar,0.031250014901161194,-0.01171875
random,54,1,quorumweave,-0.0625,-0.01171875
random,54,1,shardbloom,0.0,-0.01171875
random,54,2,anchorshift,-0.03125002980232239,-3.725290298461914e-09
random,54,2,driftgate,-0.031250014901161194,-3.725290298461914e-09
random,54,2,fluxpatch,0.0625,-3.725290298461914e-09
random,54,2,motifbridge,-0.03125,-3.725290298461914e-09
random,54,2,phasenest,0.03125002980232239,-3.725290298461914e-09
random,54,2,phasesar,-1.4901161193847656e-08,-3.725290298461914e-09
random,54,2,quorumweave,0.0,-3.725290298461914e-09
random,54,2,shardbloom,0.0,-3.725290298461914e-09
random,54,3,anchorshift,0.03125,-0.003906247206032276
random,54,3,driftgate,-0.0625,-0.003906247206032276
random,54,3,fluxpatch,0.0,-0.003906247206032276
random,54,3,motifbridge,-2.9802322387695312e-08,-0.003906247206032276
random,54,3,phasenest,7.450580596923828e-09,-0.003906247206032276
random,54,3,phasesar,-0.062499985098838806,-0.003906247206032276
random,54,3,quorumweave,0.03125,-0.003906247206032276
random,54,3,shardbloom,0.03125002980232239,-0.003906247206032276
random,54,4,anchorshift,-2.9802322387695312e-08,-1.862645149230957e-09
random,54,4,driftgate,-0.0625,-1.862645149230957e-09
random,54,4,fluxpatch,0.03125,-1.862645149230957e-09
random,54,4,motifbridge,0.062499985098838806,-1.862645149230957e-09
random,54,4,phasenest,0.0,-1.862645149230957e-09
random,54,4,phasesar,0.0,-1.862645149230957e-09
random,54,4,quorumweave,-0.03125,-1.862645149230957e-09
random,54,4,shardbloom,2.9802322387695312e-08,-1.862645149230957e-09
random,54,5,anchorshift,-5.960464477539063e-08,-5.587935447692871e-09
random,54,5,driftgate,2.9802322387695312e-08,-5.587935447692871e-09
random,54,5,fluxpatch,-1.4901161193847656e-08,-5.587935447692871e-09
random,54,5,motifbridge,-2.9802322387695312e-08,-5.587935447692871e-09
random,54,5,phasenest,0.0,-5.587935447692871e-09
random,54,5,phasesar,-0.03125,-5.587935447692871e-09
random,54,5,quorumweave,0.03125,-5.587935447692871e-09
random,54,5,shardbloom,2.9802322387695312e-08,-5.587935447692871e-09
random,54,6,anchorshift,-0.031249970197677612,-0.0039062444120645523
random,54,6,driftgate,0.031250014901161194,-0.0039062444120645523
random,54,6,fluxpatch,-0.0625000149011612,-0.0039062444120645523
random,54,6,motifbridge,0.06249997019767761,-0.0039062444120645523
random,54,6,phasenest,0.0,-0.0039062444120645523
random,54,6,phasesar,-0.031249985098838806,-0.0039062444120645523
random,54,6,quorumweave,-0.03125,-0.0039062444120645523
random,54,6,shardbloom,0.03125002980232239,-0.0039062444120645523
random,54,7,anchorshift,-2.9802322387695312e-08,0.0039062462747097015
random,54,7,driftgate,0.06249997764825821,0.0039062462747097015
random,54,7,fluxpatch,-0.03125,0.0039062462747097015
random,54,7,motifbridge,-0.03125002980232239,0.0039062462747097015
random,54,7,phasenest,0.03125,0.0039062462747097015
random,54,7,phasesar,2.2351741790771484e-08,0.0039062462747097015
random,54,7,quorumweave,0.03125,0.0039062462747097015
random,54,7,shardbloom,-0.031249970197677612,0.0039062462747097015
random,54,8,anchorshift,-0.03125,-0.01562500186264515
random,54,8,driftgate,-0.03125,-0.01562500186264515
random,54,8,fluxpatch,-0.0625,-0.01562500186264515
random,54,8,motifbridge,-4.470348358154297e-08,-0.01562500186264515
random,54,8,phasenest,-0.03125,-0.01562500186264515
random,54,8,phasesar,-0.03125,-0.01562500186264515
random,54,8,quorumweave,0.03125,-0.01562500186264515
random,54,8,shardbloom,0.03125002980232239,-0.01562500186264515
random,55,1,anchorshift,-0.09375005960464478,-0.015625007450580597
random,55,1,driftgate,-0.125,-0.015625007450580597
random,55,1,fluxpatch,-0.03125,-0.015625007450580597
random,55,1,motifbridge,0.031249970197677612,-0.015625007450580597
random,55,1,phasenest,0.0,-0.015625007450580597
random,55,1,phasesar,0.03125,-0.015625007450580597
random,55,1,quorumweave,0.09375,-0.015625007450580597
random,55,1,shardbloom,-0.031249970197677612,-0.015625007450580597
random,55,2,anchorshift,-0.031250059604644775,-0.007812511175870895
random,55,2,driftgate,-0.09375,-0.007812511175870895
random,55,2,fluxpatch,-0.03125,-0.007812511175870895
random,55,2,motifbridge,0.06249997019767761,-0.007812511175870895
random,55,2,phasenest,-0.0625,-0.007812511175870895
random,55,2,phasesar,0.0,-0.007812511175870895
random,55,2,quorumweave,0.03125,-0.007812511175870895
random,55,2,shardbloom,0.0625,-0.007812511175870895
random,55,3,anchorshift,-0.03125002980232239,-0.03515625186264515
random,55,3,driftgate,-0.0937500149011612,-0.03515625186264515
random,55,3,fluxpatch,-0.03125,-0.03515625186264515
random,55,3,motifbridge,-0.031250014901161194,-0.03515625186264515
random,55,3,phasenest,-0.0625,-0.03515625186264515
random,55,3,phasesar,1.4901161193847656e-08,-0.03515625186264515
random,55,3,quorumweave,-0.0625,-0.03515625186264515
random,55,3,shardbloom,0.03125002980232239,-0.03515625186264515
random,55,4,anchorshift,-0.031250059604644775,-0.0156250037252903
random,55,4,driftgate,-0.062499985098838806,-0.0156250037252903
random,55,4,fluxpatch,-1.4901161193847656e-08,-0.0156250037252903
random,55,4,motifbridge,-1.4901161193847656e-08,-0.0156250037252903
random,55,4,phasenest,-0.03125,-0.0156250037252903
random,55,4,phasesar,1.4901161193847656e-08,-0.0156250037252903
random,55,4,quorumweave,-0.03125,-0.0156250037252903
random,55,4,shardbloom,0.03125002980232239,-0.0156250037252903
random,55,5,anchorshift,0.0,-0.01953125
random,55,5,driftgate,-0.125,-0.01953125
random,55,5,fluxpatch,-0.0625000149011612,-0.01953125
random,55,5,motifbridge,0.0,-0.01953125
random,55,5,phasenest,0.031249970197677612,-0.01953125
random,55,5,phasesar,0.031250014901161194,-0.01953125
random,55,5,quorumweave,0.0,-0.01953125
random,55,5,shardbloom,-0.031249970197677612,-0.01953125
random,55,6,anchorshift,-5.960464477539063e-08,-0.02343750186264515
random,55,6,driftgate,-0.062499985098838806,-0.02343750186264515
random,55,6,fluxpatch,-0.06249997019767761,-0.02343750186264515
random,55,6,motifbridge,-2.9802322387695312e-08,-0.02343750186264515
random,55,6,phasenest,-0.0625000149011612,-0.02343750186264515
random,55,6,phasesar,0.031250014901161194,-0.02343750186264515
random,55,6,quorumweave,-0.03125,-0.02343750186264515
random,55,6,shardbloom,2.9802322387695312e-08,-0.02343750186264515
random,55,7,anchorshift,-0.03125002980232239,-0.02734375
random,55,7,driftgate,-0.0625,-0.02734375
random,55,7,fluxpatch,-0.06249997019767761,-0.02734375
random,55,7,motifbridge,-0.03125002980232239,-0.02734375
random,55,7,phasenest,0.0,-0.02734375
random,55,7,phasesar,0.03125,-0.02734375
random,55,7,quorumweave,0.0,-0.02734375
random,55,7,shardbloom,-0.06249997019767761,-0.02734375
random,55,8,anchorshift,-0.031250059604644775,-0.04296876396983862
random,55,8,driftgate,-0.0625,-0.04296876396983862
random,55,8,fluxpatch,-0.125,-0.04296876396983862
random,55,8,motifbridge,0.031249970197677612,-0.04296876396983862
random,55,8,phasenest,7.450580596923828e-09,-0.04296876396983862
random,55,8,phasesar,-0.03125002980232239,-0.04296876396983862
random,55,8,quorumweave,-0.0625,-0.04296876396983862
random,55,8,shardbloom,-0.0625,-0.04296876396983862
random,56,1,anchorshift,0.031249970197677612,-0.011718757450580597
random,56,1,driftgate,-0.03125,-0.011718757450580597
random,56,1,fluxpatch,0.03125,-0.011718757450580597
random,56,1,motifbridge,-0.03125002980232239,-0.011718757450580597
random,56,1,phasenest,-0.03125002980232239,-0.011718757450580597
random,56,1,phasesar,0.03125,-0.011718757450580597
random,56,1,quorumweave,-0.0625,-0.011718757450580597
random,56,1,shardbloom,-0.031249970197677612,-0.011718757450580597
random,56,2,anchorshift,-0.06250002980232239,-0.01562500186264515
random,56,2,driftgate,-0.0625000149011612,-0.01562500186264515
random,56,2,fluxpatch,0.0625000149011612,-0.01562500186264515
random,56,2,motifbridge,0.03124995529651642,-0.01562500186264515
random,56,2,phasenest,0.031249985098838806,-0.01562500186264515
random,56,2,phasesar,1.4901161193847656e-08,-0.01562500186264515
random,56,2,quorumweave,-0.0625,-0.01562500186264515
random,56,2,shardbloom,-0.062499940395355225,-0.01562500186264515
random,56,3,anchorshift,0.062499940395355225,0.011718741618096828
random,56,3,driftgate,-0.0625,0.011718741618096828
random,56,3,fluxpatch,-1.4901161193847656e-08,0.011718741618096828
random,56,3,motifbridge,-2.9802322387695312e-08,0.011718741618096828
random,56,3,phasenest,0.0312500074505806,0.011718741618096828
random,56,3,phasesar,0.0625,0.011718741618096828
random,56,3,quorumweave,0.0,0.011718741618096828
random,56,3,shardbloom,2.9802322387695312e-08,0.011718741618096828
random,56,4,anchorshift,0.0,0.019531255587935448
random,56,4,driftgate,-0.031250014901161194,0.019531255587935448
random,56,4,fluxpatch,0.03125,0.019531255587935448
random,56,4,motifbridge,-1.4901161193847656e-08,0.019531255587935448
random,56,4,phasenest,0.0625,0.019531255587935448
random,56,4,phasesar,0.0937500149011612,0.019531255587935448
random,56,4,quorumweave,0.03125,0.019531255587935448
random,56,4,shardbloom,-0.031249940395355225,0.019531255587935448
random,56,5,anchorshift,-0.06250002980232239,0.00390625
random,56,5,driftgate,-0.031250014901161194,0.00390625
random,56,5,fluxpatch,0.03125002980232239,0.00390625
random,56,5,motifbridge,-3.725290298461914e-08,0.00390625
random,56,5,phasenest,-0.03125,0.00390625
random,56,5,phasesar,0.06250002235174179,0.00390625
random,56,5,quorumweave,0.09375,0.00390625
random,56,5,shardbloom,-0.031249970197677612,0.00390625
random,56,6,anchorshift,-0.031250059604644775,0.011718740686774254
random,56,6,driftgate,-1.4901161193847656e-08,0.011718740686774254
random,56,6,fluxpatch,0.0625,0.011718740686774254
random,56,6,motifbridge,-2.9802322387695312e-08,0.011718740686774254
random,56,6,phasenest,-0.03125,0.011718740686774254
random,56,6,phasesar,0.0,0.011718740686774254
random,56,6,quorumweave,0.0,0.011718740686774254
random,56,6,shardbloom,0.09375002980232239,0.011718740686774254
random,56,7,anchorshift,-0.03125002980232239,-3.725290298461914e-09
random,56,7,driftgate,-0.03125,-3.725290298461914e-09
random,56,7,fluxpatch,0.0,-3.725290298461914e-09
random,56,7,motifbridge,0.031249970197677612,-3.725290298461914e-09
random,56,7,phasenest,0.0,-3.725290298461914e-09
random,56,7,phasesar,0.0625,-3.725290298461914e-09
random,56,7,quorumweave,0.03125,-3.725290298461914e-09
random,56,7,shardbloom,-0.06249997019767761,-3.725290298461914e-09
random,56,8,anchorshift,-0.06250008940696716,-0.003906261175870895
random,56,8,driftgate,-0.09375,-0.003906261175870895
random,56,8,fluxpatch,0.0,-0.003906261175870895
random,56,8,motifbridge,0.031249970197677612,-0.003906261175870895
random,56,8,phasenest,0.0,-0.003906261175870895
random,56,8,phasesar,0.03125,-0.003906261175870895
random,56,8,quorumweave,-0.03125,-0.003906261175870895
random,56,8,shardbloom,0.09375002980232239,-0.003906261175870895
random,57,1,anchorshift,0.031249970197677612,-0.0234375
random,57,1,driftgate,-0.0937499850988388,-0.0234375
random,57,1,fluxpatch,0.0,-0.0234375
random,57,1,motifbridge,-2.9802322387695312e-08,-0.0234375
random,57,1,phasenest,-0.0625,-0.0234375
random,57,1,phasesar,0.031250014901161194,-0.0234375
random,57,1,quorumweave,-0.0625,-0.0234375
random,57,1,shardbloom,-0.031249970197677612,-0.0234375
random,57,2,anchorshift,-0.06250005960464478,-0.023437505587935448
random,57,2,driftgate,2.9802322387695312e-08,-0.023437505587935448
random,57,2,fluxpatch,-2.9802322387695312e-08,-0.023437505587935448
random,57,2,motifbridge,0.031249985098838806,-0.023437505587935448
random,57,2,phasenest,0.0,-0.023437505587935448
random,57,2,phasesar,-0.03125,-0.023437505587935448
random,57,2,quorumweave,-0.0625,-0.023437505587935448
random,57,2,shardbloom,-0.06249997019767761,-0.023437505587935448
random,57,3,anchorshift,-2.9802322387695312e-08,-0.011718759313225746
random,57,3,driftgate,-0.03125,-0.011718759313225746
random,57,3,fluxpatch,-0.031250014901161194,-0.011718759313225746
random,57,3,motifbridge,-2.9802322387695312e-08,-0.011718759313225746
random,57,3,phasenest,0.0,-0.011718759313225746
random,57,3,phasesar,0.0625,-0.011718759313225746
random,57,3,quorumweave,-0.0625,-0.011718759313225746
random,57,3,shardbloom,-0.03125,-0.011718759313225746
random,57,4,anchorshift,-0.0625,-0.00781250186264515
random,57,4,driftgate,-0.09375,-0.00781250186264515
random,57,4,fluxpatch,0.03125,-0.00781250186264515
random,57,4,motifbridge,-4.470348358154297e-08,-0.00781250186264515
random,57,4,phasenest,0.03125,-0.00781250186264515
random,57,4,phasesar,0.0,-0.00781250186264515
random,57,4,quorumweave,-0.03125,-0.00781250186264515
random,57,4,shardbloom,0.06250002980232239,-0.00781250186264515
random,57,5,anchorshift,-0.03125,-0.003906245343387127
random,57,5,driftgate,0.03125,-0.003906245343387127
random,57,5,fluxpatch,-0.03125,-0.003906245343387127
random,57,5,motifbridge,0.06249997019767761,-0.003906245343387127
random,57,5,phasenest,-0.031249992549419403,-0.003906245343387127
random,57,5,phasesar,0.0,-0.003906245343387127
random,57,5,quorumweave,0.03125,-0.003906245343387127
random,57,5,shardbloom,-0.062499940395355225,-0.003906245343387127
random,57,6,anchorshift,-2.9802322387695312e-08,-0.007812503725290298
random,57,6,driftgate,-0.0625,-0.007812503725290298
random,57,6,fluxpatch,-0.03125,-0.007812503725290298
random,57,6,motifbridge,-0.03125002980232239,-0.007812503725290298
random,57,6,phasenest,1.4901161193847656e-08,-0.007812503725290298
random,57,6,phasesar,-0.031249985098838806,-0.007812503725290298
random,57,6,quorumweave,0.09375,-0.007812503725290298
random,57,6,shardbloom,0.0,-0.007812503725290298
random,57,7,anchorshift,0.09374994039535522,0.0039062388241291046
random,57,7,driftgate,-0.03125,0.0039062388241291046
random,57,7,fluxpatch,-0.03125,0.0039062388241291046
random,57,7,motifbridge,-0.03125002980232239,0.0039062388241291046
random,57,7,phasenest,0.0,0.0039062388241291046
random,57,7,phasesar,-0.0625,0.0039062388241291046
random,57,7,quorumweave,0.0625,0.0039062388241291046
random,57,7,shardbloom,0.03125,0.0039062388241291046
random,57,8,anchorshift,-0.031250059604644775,-0.015625007450580597
random,57,8,driftgate,-0.09375,-0.015625007450580597
random,57,8,fluxpatch,0.0625,-0.015625007450580597
random,57,8,motifbridge,-0.06250002980232239,-0.015625007450580597
random,57,8,phasenest,0.03125,-0.015625007450580597
random,57,8,phasesar,-0.03125,-0.015625007450580597
random,57,8,quorumweave,0.03125,-0.015625007450580597
random,57,8,shardbloom,-0.031249970197677612,-0.015625007450580597
random,58,1,anchorshift,-2.9802322387695312e-08,-0.02734375
random,58,1,driftgate,-0.09374997019767761,-0.02734375
random,58,1,fluxpatch,0.0,-0.02734375
random,58,1,motifbridge,-0.03125002980232239,-0.02734375
random,58,1,phasenest,-0.0625,-0.02734375
random,58,1,phasesar,0.03125,-0.02734375
random,58,1,quorumweave,-0.0625,-0.02734375
random,58,1,shardbloom,2.9802322387695312e-08,-0.02734375
random,58,2,anchorshift,-5.960464477539063e-08,-0.011718755587935448
random,58,2,driftgate,-0.03125,-0.011718755587935448
random,58,2,fluxpatch,1.4901161193847656e-08,-0.011718755587935448
random,58,2,motifbridge,-0.03125002980232239,-0.011718755587935448
random,58,2,phasenest,-0.0625,-0.011718755587935448
random,58,2,phasesar,0.0625,-0.011718755587935448
random,58,2,quorumweave,-0.03125,-0.011718755587935448
random,58,2,shardbloom,2.9802322387695312e-08,-0.011718755587935448
random,58,3,anchorshift,-0.03125,0.011718756519258022
random,58,3,driftgate,-0.03125,0.011718756519258022
random,58,3,fluxpatch,0.03125,0.011718756519258022
random,58,3,motifbridge,-1.4901161193847656e-08,0.011718756519258022
random,58,3,phasenest,0.0312500074505806,0.011718756519258022
random,58,3,phasesar,0.03125,0.011718756519258022
random,58,3,quorumweave,0.0,0.011718756519258022
random,58,3,shardbloom,0.06250005960464478,0.011718756519258022
random,58,4,anchorshift,-0.03125008940696716,0.015624991618096828
random,58,4,driftgate,-0.03125,0.015624991618096828
random,58,4,fluxpatch,0.031250014901161194,0.015624991618096828
random,58,4,motifbridge,0.09374997019767761,0.015624991618096828
random,58,4,phasenest,-0.031249992549419403,0.015624991618096828
random,58,4,phasesar,0.03125,0.015624991618096828
random,58,4,quorumweave,0.0,0.015624991618096828
random,58,4,shardbloom,0.06250002980232239,0.015624991618096828
random,58,5,anchorshift,0.031249940395355225,0.019531238824129105
random,58,5,driftgate,-0.0625,0.019531238824129105
random,58,5,fluxpatch,0.03125,0.019531238824129105
random,58,5,motifbridge,0.062499940395355225,0.019531238824129105
random,58,5,phasenest,0.03125,0.019531238824129105
random,58,5,phasesar,0.0,0.019531238824129105
random,58,5,quorumweave,0.03125,0.019531238824129105
random,58,5,shardbloom,0.03125002980232239,0.019531238824129105
random,58,6,anchorshift,-0.03125002980232239,-0.02343750186264515
random,58,6,driftgate,-0.0937499850988388,-0.02343750186264515
random,58,6,fluxpatch,-0.09375,-0.02343750186264515
random,58,6,motifbridge,-2.9802322387695312e-08,-0.02343750186264515
random,58,6,phasenest,-0.03125,-0.02343750186264515
random,58,6,phasesar,0.0,-0.02343750186264515
random,58,6,quorumweave,0.0,-0.02343750186264515
random,58,6,shardbloom,0.06250002980232239,-0.02343750186264515
random,58,7,anchorshift,-2.9802322387695312e-08,-0.003906260244548321
random,58,7,driftgate,-0.09375002235174179,-0.003906260244548321
random,58,7,fluxpatch,-0.03125002980232239,-0.003906260244548321
random,58,7,motifbridge,-2.9802322387695312e-08,-0.003906260244548321
random,58,7,phasenest,0.03125,-0.003906260244548321
random,58,7,phasesar,0.0625,-0.003906260244548321
random,58,7,quorumweave,-0.03125,-0.003906260244548321
random,58,7,shardbloom,0.03125002980232239,-0.003906260244548321
random,58,8,anchorshift,-0.03125002980232239,0.0039062481373548508
random,58,8,driftgate,-0.062499985098838806,0.0039062481373548508
random,58,8,fluxpatch,0.0,0.0039062481373548508
random,58,8,motifbridge,0.06249995529651642,0.0039062481373548508
random,58,8,phasenest,-0.0625000149011612,0.0039062481373548508
random,58,8,phasesar,0.06250002980232239,0.0039062481373548508
random,58,8,quorumweave,0.0625,0.0039062481373548508
random,58,8,shardbloom,2.9802322387695312e-08,0.0039062481373548508
random,59,1,anchorshift,-5.960464477539063e-08,-0.007812511175870895
random,59,1,driftgate,-0.0937500149011612,-0.007812511175870895
random,59,1,fluxpatch,0.0625,-0.007812511175870895
random,59,1,motifbridge,-1.4901161193847656e-08,-0.007812511175870895
random,59,1,phasenest,0.031249970197677612,-0.007812511175870895
random,59,1,phasesar,0.03125,-0.007812511175870895
random,59,1,quorumweave,-0.0625,-0.007812511175870895
random,59,1,shardbloom,-0.031249970197677612,-0.007812511175870895
random,59,2,anchorshift,-0.03125002980232239,-0.011718759313225746
random,59,2,driftgate,-0.0625000149011612,-0.011718759313225746
random,59,2,fluxpatch,0.0,-0.011718759313225746
random,59,2,motifbridge,-2.9802322387695312e-08,-0.011718759313225746
random,59,2,phasenest,-0.03125,-0.011718759313225746
random,59,2,phasesar,0.03125,-0.011718759313225746
random,59,2,quorumweave,0.03125,-0.011718759313225746
random,59,2,shardbloom,-0.03125,-0.011718759313225746
random,59,3,anchorshift,0.031249970197677612,-0.015624999068677425
random,59,3,driftgate,-0.06249997019767761,-0.015624999068677425
random,59,3,fluxpatch,-0.03125,-0.015624999068677425
random,59,3,motifbridge,-0.03125002980232239,-0.015624999068677425
random,59,3,phasenest,-0.0624999925494194,-0.015624999068677425
random,59,3,phasesar,0.0,-0.015624999068677425
random,59,3,quorumweave,-0.03125,-0.015624999068677425
random,59,3,shardbloom,0.06250002980232239,-0.015624999068677425
random,59,4,anchorshift,-0.06250002980232239,-0.019531255587935448
random,59,4,driftgate,-0.0937500149011612,-0.019531255587935448
random,59,4,fluxpatch,-0.03125,-0.019531255587935448
random,59,4,motifbridge,0.031249985098838806,-0.019531255587935448
random,59,4,phasenest,-0.031250014901161194,-0.019531255587935448
random,59,4,phasesar,0.0625,-0.019531255587935448
random,59,4,quorumweave,-0.03125,-0.019531255587935448
random,59,4,shardbloom,2.9802322387695312e-08,-0.019531255587935448
random,59,5,anchorshift,-0.03125008940696716,-0.01953126024454832
random,59,5,driftgate,-0.03125,-0.01953126024454832
random,59,5,fluxpatch,0.03125,-0.01953126024454832
random,59,5,motifbridge,-2.9802322387695312e-08,-0.01953126024454832
random,59,5,phasenest,-0.0624999925494194,-0.01953126024454832
random,59,5,phasesar,-0.03125,-0.01953126024454832
random,59,5,quorumweave,0.0,-0.01953126024454832
random,59,5,shardbloom,-0.031249970197677612,-0.01953126024454832
random,59,6,anchorshift,0.0625,0.019531252793967724
random,59,6,driftgate,-0.031249985098838806,0.019531252793967724
random,59,6,fluxpatch,-1.4901161193847656e-08,0.019531252793967724
random,59,6,motifbridge,-1.4901161193847656e-08,0.019531252793967724
random,59,6,phasenest,7.450580596923828e-09,0.019531252793967724
random,59,6,phasesar,0.0625,0.019531252793967724
random,59,6,quorumweave,0.0,0.019531252793967724
random,59,6,shardbloom,0.06250002980232239,0.019531252793967724
random,59,7,anchorshift,-0.03125,-0.019531244412064552
random,59,7,driftgate,-0.0625,-0.019531244412064552
random,59,7,fluxpatch,0.0,-0.019531244412064552
random,59,7,motifbridge,-0.06250002980232239,-0.019531244412064552
random,59,7,phasenest,-0.0625,-0.019531244412064552
random,59,7,phasesar,0.0625000149011612,-0.019531244412064552
random,59,7,quorumweave,-0.03125,-0.019531244412064552
random,59,7,shardbloom,0.031250059604644775,-0.019531244412064552
random,59,8,anchorshift,-0.03125,-0.01953125
random,59,8,driftgate,-0.0625,-0.01953125
random,59,8,fluxpatch,-0.03125,-0.01953125
random,59,8,motifbridge,0.031249970197677612,-0.01953125
random,59,8,phasenest,-0.03125,-0.01953125
random,59,8,phasesar,-0.03125,-0.01953125
random,59,8,quorumweave,0.03125,-0.01953125
random,59,8,shardbloom,-0.031249970197677612,-0.01953125
random,60,1,anchorshift,-0.031250059604644775,-0.031250011175870895
random,60,1,driftgate,-0.062499985098838806,-0.031250011175870895
random,60,1,fluxpatch,-0.03125002980232239,-0.031250011175870895
random,60,1,motifbridge,-1.4901161193847656e-08,-0.031250011175870895
random,60,1,phasenest,0.0,-0.031250011175870895
random,60,1,phasesar,0.0,-0.031250011175870895
random,60,1,quorumweave,-0.0625,-0.031250011175870895
random,60,1,shardbloom,-0.0625,-0.031250011175870895
random,60,2,anchorshift,-0.03125002980232239,0.0
random,60,2,driftgate,-0.0625,0.0
random,60,2,fluxpatch,0.03125,0.0
random,60,2,motifbridge,0.06249997019767761,0.0
random,60,2,phasenest,0.0,0.0
random,60,2,phasesar,0.03125,0.0
random,60,2,quorumweave,-0.03125,0.0
random,60,2,shardbloom,5.960464477539063e-08,0.0
random,60,3,anchorshift,0.031249970197677612,-0.0039062537252902985
random,60,3,driftgate,1.4901161193847656e-08,-0.0039062537252902985
random,60,3,fluxpatch,0.0,-0.0039062537252902985
random,60,3,motifbridge,-4.470348358154297e-08,-0.0039062537252902985
random,60,3,phasenest,2.9802322387695312e-08,-0.0039062537252902985
random,60,3,phasesar,-0.0625,-0.0039062537252902985
random,60,3,quorumweave,0.0,-0.0039062537252902985
random,60,3,shardbloom,0.0,-0.0039062537252902985
random,60,4,anchorshift,0.06249997019767761,0.015624993480741978
random,60,4,driftgate,0.0,0.015624993480741978
random,60,4,fluxpatch,-0.06250002980232239,0.015624993480741978
random,60,4,motifbridge,-2.9802322387695312e-08,0.015624993480741978
random,60,4,phasenest,7.450580596923828e-09,0.015624993480741978
random,60,4,phasesar,0.0625,0.015624993480741978
random,60,4,quorumweave,0.03125,0.015624993480741978
random,60,4,shardbloom,0.03125002980232239,0.015624993480741978
random,60,5,anchorshift,-0.03125002980232239,-0.02343750838190317
random,60,5,driftgate,-0.0937499850988388,-0.02343750838190317
random,60,5,fluxpatch,-0.06250002980232239,-0.02343750838190317
random,60,5,motifbridge,-5.21540641784668e-08,-0.02343750838190317
random,60,5,phasenest,0.0,-0.02343750838190317
random,60,5,phasesar,-0.03125,-0.02343750838190317
random,60,5,quorumweave,0.0,-0.02343750838190317
random,60,5,shardbloom,0.03125002980232239,-0.02343750838190317
random,60,6,anchorshift,-0.06250002980232239,-3.725290298461914e-09
random,60,6,driftgate,-0.062499985098838806,-3.725290298461914e-09
random,60,6,fluxpatch,0.0,-3.725290298461914e-09
random,60,6,motifbridge,-0.03125002980232239,-3.725290298461914e-09
random,60,6,phasenest,-2.9802322387695312e-08,-3.725290298461914e-09
random,60,6,phasesar,0.0625000149011612,-3.725290298461914e-09
random,60,6,quorumweave,0.0625,-3.725290298461914e-09
random,60,6,shardbloom,0.03125002980232239,-3.725290298461914e-09
random,60,7,anchorshift,0.06249997019767761,-0.0078124962747097015
random,60,7,driftgate,-0.031250014901161194,-0.0078124962747097015
random,60,7,fluxpatch,-0.06249997019767761,-0.0078124962747097015
random,60,7,motifbridge,-0.03125,-0.0078124962747097015
random,60,7,phasenest,-0.0625,-0.0078124962747097015
random,60,7,phasesar,0.031249985098838806,-0.0078124962747097015
random,60,7,quorumweave,-0.03125,-0.0078124962747097015
random,60,7,shardbloom,0.06250005960464478,-0.0078124962747097015
random,60,8,anchorshift,0.031249940395355225,0.0039062481373548508
random,60,8,driftgate,1.4901161193847656e-08,0.0039062481373548508
random,60,8,fluxpatch,0.0,0.0039062481373548508
random,60,8,motifbridge,-1.4901161193847656e-08,0.0039062481373548508
random,60,8,phasenest,-0.03125,0.0039062481373548508
random,60,8,phasesar,0.031250014901161194,0.0039062481373548508
random,60,8,quorumweave,-0.03125,0.0039062481373548508
random,60,8,shardbloom,0.03125002980232239,0.0039062481373548508
random,61,1,anchorshift,-2.9802322387695312e-08,-0.011718755587935448
random,61,1,driftgate,-1.4901161193847656e-08,-0.011718755587935448
random,61,1,fluxpatch,-0.031250014901161194,-0.011718755587935448
random,61,1,motifbridge,0.031249985098838806,-0.011718755587935448
random,61,1,phasenest,-0.03125,-0.011718755587935448
random,61,1,phasesar,0.0,-0.011718755587935448
random,61,1,quorumweave,0.0,-0.011718755587935448
random,61,1,shardbloom,-0.06249997019767761,-0.011718755587935448
random,61,2,anchorshift,-0.03125002980232239,-0.019531259313225746
random,61,2,driftgate,-1.4901161193847656e-08,-0.019531259313225746
random,61,2,fluxpatch,-0.03125,-0.019531259313225746
random,61,2,motifbridge,0.031249970197677612,-0.019531259313225746
random,61,2,phasenest,-0.03125002980232239,-0.019531259313225746
random,61,2,phasesar,0.03125,-0.019531259313225746
random,61,2,quorumweave,-0.09375,-0.019531259313225746
random,61,2,shardbloom,-0.031249970197677612,-0.019531259313225746
random,61,3,anchorshift,0.031249940395355225,-0.015625014901161194
random,61,3,driftgate,0.0,-0.015625014901161194
random,61,3,fluxpatch,-0.031249985098838806,-0.015625014901161194
random,61,3,motifbridge,-0.03125004470348358,-0.015625014901161194
random,61,3,phasenest,-0.03125002980232239,-0.015625014901161194
random,61,3,phasesar,0.03125,-0.015625014901161194
random,61,3,quorumweave,-0.0625,-0.015625014901161194
random,61,3,shardbloom,-0.03125,-0.015625014901161194
random,61,4,anchorshift,-5.960464477539063e-08,-0.015625007450580597
random,61,4,driftgate,-0.03125,-0.015625007450580597
random,61,4,fluxpatch,-0.03125,-0.015625007450580597
random,61,4,motifbridge,-2.9802322387695312e-08,-0.015625007450580597
random,61,4,phasenest,-0.03125,-0.015625007450580597
random,61,4,phasesar,0.0,-0.015625007450580597
random,61,4,quorumweave,-0.03125,-0.015625007450580597
random,61,4,shardbloom,2.9802322387695312e-08,-0.015625007450580597
random,61,5,anchorshift,0.031249970197677612,0.007812497206032276
random,61,5,driftgate,-0.0625,0.007812497206032276
random,61,5,fluxpatch,0.0,0.007812497206032276
random,61,5,motifbridge,0.031249970197677612,0.007812497206032276
random,61,5,phasenest,7.450580596923828e-09,0.007812497206032276
random,61,5,phasesar,0.03125,0.007812497206032276
random,61,5,quorumweave,0.03125,0.007812497206032276
random,61,5,shardbloom,2.9802322387695312e-08,0.007812497206032276
random,61,6,anchorshift,0.031249940395355225,0.0195312462747097
random,61,6,driftgate,-0.03125,0.0195312462747097
random,61,6,fluxpatch,-0.03125,0.0195312462747097
random,61,6,motifbridge,0.09374997019767761,0.0195312462747097
random,61,6,phasenest,0.0,0.0195312462747097
random,61,6,phasesar,0.0625,0.0195312462747097
random,61,6,quorumweave,0.0,0.0195312462747097
random,61,6,shardbloom,0.031250059604644775,0.0195312462747097
random,61,7,anchorshift,-2.9802322387695312e-08,0.0078124962747097015
random,61,7,driftgate,-0.0625,0.0078124962747097015
random,61,7,fluxpatch,0.0,0.0078124962747097015
random,61,7,motifbridge,0.06249997019767761,0.0078124962747097015
random,61,7,phasenest,0.03125,0.0078124962747097015
random,61,7,phasesar,0.03125,0.0078124962747097015
random,61,7,quorumweave,0.03125,0.0078124962747097015
random,61,7,shardbloom,-0.031249970197677612,0.0078124962747097015
random,61,8,anchorshift,-0.03125002980232239,-0.0273437462747097
random,61,8,driftgate,-0.09375,-0.0273437462747097
random,61,8,fluxpatch,-0.09374994039535522,-0.0273437462747097
random,61,8,motifbridge,0.06249997019767761,-0.0273437462747097
random,61,8,phasenest,-0.03125,-0.0273437462747097
random,61,8,phasesar,-0.0625,-0.0273437462747097
random,61,8,quorumweave,0.03125,-0.0273437462747097
random,61,8,shardbloom,2.9802322387695312e-08,-0.0273437462747097
random,62,1,anchorshift,-0.03125008940696716,-0.007812503725290298
random,62,1,driftgate,-0.062499985098838806,-0.007812503725290298
random,62,1,fluxpatch,-0.06249997019767761,-0.007812503725290298
random,62,1,motifbridge,0.031249985098838806,-0.007812503725290298
random,62,1,phasenest,0.03125,-0.007812503725290298
random,62,1,phasesar,-0.03125,-0.007812503725290298
random,62,1,quorumweave,0.0,-0.007812503725290298
random,62,1,shardbloom,0.06250002980232239,-0.007812503725290298
random,62,2,anchorshift,-5.960464477539063e-08,-0.007812498137354851
random,62,2,driftgate,-0.03124995529651642,-0.007812498137354851
random,62,2,fluxpatch,-0.03125,-0.007812498137354851
random,62,2,motifbridge,-1.4901161193847656e-08,-0.007812498137354851
random,62,2,phasenest,0.03125,-0.007812498137354851
random,62,2,phasesar,-1.4901161193847656e-08,-0.007812498137354851
random,62,2,quorumweave,-0.03125,-0.007812498137354851
random,62,2,shardbloom,5.960464477539063e-08,-0.007812498137354851
random,62,3,anchorshift,0.0,-0.019531252793967724
random,62,3,driftgate,-0.03125002980232239,-0.019531252793967724
random,62,3,fluxpatch,-1.4901161193847656e-08,-0.019531252793967724
random,62,3,motifbridge,-0.031250014901161194,-0.019531252793967724
random,62,3,phasenest,7.450580596923828e-09,-0.019531252793967724
random,62,3,phasesar,-0.03125,-0.019531252793967724
random,62,3,quorumweave,-0.03125,-0.019531252793967724
random,62,3,shardbloom,-0.031249970197677612,-0.019531252793967724
random,62,4,anchorshift,0.031249970197677612,-0.011718749068677425
random,62,4,driftgate,1.4901161193847656e-08,-0.011718749068677425
random,62,4,fluxpatch,-0.03125,-0.011718749068677425
random,62,4,motifbridge,-1.4901161193847656e-08,-0.011718749068677425
random,62,4,phasenest,-0.0937499925494194,-0.011718749068677425
random,62,4,phasesar,0.03125,-0.011718749068677425
random,62,4,quorumweave,0.0,-0.011718749068677425
random,62,4,shardbloom,-0.031249970197677612,-0.011718749068677425
random,62,5,anchorshift,-0.06250002980232239,-0.05078125465661287
random,62,5,driftgate,-0.03125,-0.05078125465661287
random,62,5,fluxpatch,-0.06250002980232239,-0.05078125465661287
random,62,5,motifbridge,-0.0937500149011612,-0.05078125465661287
random,62,5,phasenest,-0.09375,-0.05078125465661287
random,62,5,phasesar,0.03125,-0.05078125465661287
random,62,5,quorumweave,-0.0624999925494194,-0.05078125465661287
random,62,5,shardbloom,-0.031249970197677612,-0.05078125465661287
random,62,6,anchorshift,-5.960464477539063e-08,-0.015625002793967724
random,62,6,driftgate,7.450580596923828e-09,-0.015625002793967724
random,62,6,fluxpatch,0.0,-0.015625002793967724
random,62,6,motifbridge,-0.06250002980232239,-0.015625002793967724
random,62,6,phasenest,-0.031249985098838806,-0.015625002793967724
random,62,6,phasesar,-0.031249985098838806,-0.015625002793967724
random,62,6,quorumweave,-0.03125,-0.015625002793967724
random,62,6,shardbloom,0.03125002980232239,-0.015625002793967724
random,62,7,anchorshift,-5.960464477539063e-08,-0.015625007450580597
random,62,7,driftgate,-0.0625,-0.015625007450580597
random,62,7,fluxpatch,-0.031250014901161194,-0.015625007450580597
random,62,7,motifbridge,-4.470348358154297e-08,-0.015625007450580597
random,62,7,phasenest,-0.09375,-0.015625007450580597
random,62,7,phasesar,0.125,-0.015625007450580597
random,62,7,quorumweave,-0.0625,-0.015625007450580597
random,62,7,shardbloom,5.960464477539063e-08,-0.015625007450580597
random,62,8,anchorshift,0.031249970197677612,-0.00390625
random,62,8,driftgate,-0.09375,-0.00390625
random,62,8,fluxpatch,-0.0625,-0.00390625
random,62,8,motifbridge,0.03125,-0.00390625
random,62,8,phasenest,0.03125,-0.00390625
random,62,8,phasesar,0.0625,-0.00390625
random,62,8,quorumweave,-0.03125,-0.00390625
random,62,8,shardbloom,2.9802322387695312e-08,-0.00390625
random,63,1,anchorshift,-0.03125002980232239,-0.027343755587935448
random,63,1,driftgate,-0.03125,-0.027343755587935448
random,63,1,fluxpatch,-0.0625,-0.027343755587935448
random,63,1,motifbridge,-0.03125002980232239,-0.027343755587935448
random,63,1,phasenest,0.0,-0.027343755587935448
random,63,1,phasesar,0.062499985098838806,-0.027343755587935448
random,63,1,quorumweave,-0.09375,-0.027343755587935448
random,63,1,shardbloom,-0.031249970197677612,-0.027343755587935448
random,63,2,anchorshift,-0.06250002980232239,-0.007812513038516045
random,63,2,driftgate,-0.03125002980232239,-0.007812513038516045
random,63,2,fluxpatch,0.03125,-0.007812513038516045
random,63,2,motifbridge,0.06249997019767761,-0.007812513038516045
random,63,2,phasenest,-0.0625000149011612,-0.007812513038516045
random,63,2,phasesar,0.0,-0.007812513038516045
random,63,2,quorumweave,-0.09375,-0.007812513038516045
random,63,2,shardbloom,0.09375,-0.007812513038516045
random,63,3,anchorshift,-0.06250005960464478,-0.023437509313225746
random,63,3,driftgate,-0.0625,-0.023437509313225746
random,63,3,fluxpatch,0.0,-0.023437509313225746
random,63,3,motifbridge,-0.03125002980232239,-0.023437509313225746
random,63,3,phasenest,-0.0625,-0.023437509313225746
random,63,3,phasesar,-1.4901161193847656e-08,-0.023437509313225746
random,63,3,quorumweave,0.03125,-0.023437509313225746
random,63,3,shardbloom,2.9802322387695312e-08,-0.023437509313225746
random,63,4,anchorshift,-0.03125002980232239,-0.01953125
random,63,4,driftgate,-0.031249970197677612,-0.01953125
random,63,4,fluxpatch,0.0,-0.01953125
random,63,4,motifbridge,0.03124995529651642,-0.01953125
random,63,4,phasenest,0.0,-0.01953125
random,63,4,phasesar,1.4901161193847656e-08,-0.01953125
random,63,4,quorumweave,-0.09375,-0.01953125
random,63,4,shardbloom,-0.031249970197677612,-0.01953125
random,63,5,anchorshift,-2.9802322387695312e-08,-3.725290298461914e-09
random,63,5,driftgate,0.0,-3.725290298461914e-09
random,63,5,fluxpatch,0.031249985098838806,-3.725290298461914e-09
random,63,5,motifbridge,-0.031250014901161194,-3.725290298461914e-09
random,63,5,phasenest,0.0,-3.725290298461914e-09
random,63,5,phasesar,0.0,-3.725290298461914e-09
random,63,5,quorumweave,0.0,-3.725290298461914e-09
random,63,5,shardbloom,2.9802322387695312e-08,-3.725290298461914e-09
random,63,6,anchorshift,-0.031249970197677612,0.003906255587935448
random,63,6,driftgate,-0.031249985098838806,0.003906255587935448
random,63,6,fluxpatch,0.0625,0.003906255587935448
random,63,6,motifbridge,-2.9802322387695312e-08,0.003906255587935448
random,63,6,phasenest,0.0,0.003906255587935448
random,63,6,phasesar,-0.03125,0.003906255587935448
random,63,6,quorumweave,0.03125,0.003906255587935448
random,63,6,shardbloom,0.03125002980232239,0.003906255587935448
random,63,7,anchorshift,-2.9802322387695312e-08,-0.019531257450580597
random,63,7,driftgate,-0.09375,-0.019531257450580597
random,63,7,fluxpatch,-0.031250014901161194,-0.019531257450580597
random,63,7,motifbridge,-4.470348358154297e-08,-0.019531257450580597
random,63,7,phasenest,0.0,-0.019531257450580597
random,63,7,phasesar,0.03125,-0.019531257450580597
random,63,7,quorumweave,0.0,-0.019531257450580597
random,63,7,shardbloom,-0.06249997019767761,-0.019531257450580597
random,63,8,anchorshift,0.0,0.003906251862645149
random,63,8,driftgate,0.03125,0.003906251862645149
random,63,8,fluxpatch,-0.0625,0.003906251862645149
random,63,8,motifbridge,0.031249985098838806,0.003906251862645149
random,63,8,phasenest,0.0,0.003906251862645149
random,63,8,phasesar,0.03125,0.003906251862645149
random,63,8,quorumweave,0.0,0.003906251862645149
random,63,8,shardbloom,2.9802322387695312e-08,0.003906251862645149
random,64,1,anchorshift,-0.03125002980232239,-0.01171874813735485
random,64,1,driftgate,-0.031250014901161194,-0.01171874813735485
random,64,1,fluxpatch,-0.0625000149011612,-0.01171874813735485
random,64,1,motifbridge,-0.0625000149011612,-0.01171874813735485
random,64,1,phasenest,2.9802322387695312e-08,-0.01171874813735485
random,64,1,phasesar,0.0,-0.01171874813735485
random,64,1,quorumweave,0.0625,-0.01171874813735485
random,64,1,shardbloom,0.031250059604644775,-0.01171874813735485
random,64,2,anchorshift,0.03125,-0.003906255587935448
random,64,2,driftgate,-0.062499985098838806,-0.003906255587935448
random,64,2,fluxpatch,0.0,-0.003906255587935448
random,64,2,motifbridge,-2.9802322387695312e-08,-0.003906255587935448
random,64,2,phasenest,-1.4901161193847656e-08,-0.003906255587935448
random,64,2,phasesar,0.031249985098838806,-0.003906255587935448
random,64,2,quorumweave,-0.03125,-0.003906255587935448
random,64,2,shardbloom,0.0,-0.003906255587935448
random,64,3,anchorshift,-0.03125002980232239,0.003906245343387127
random,64,3,driftgate,-0.031250014901161194,0.003906245343387127
random,64,3,fluxpatch,0.0,0.003906245343387127
random,64,3,motifbridge,0.062499985098838806,0.003906245343387127
random,64,3,phasenest,-2.2351741790771484e-08,0.003906245343387127
random,64,3,phasesar,0.031250014901161194,0.003906245343387127
random,64,3,quorumweave,-0.03125,0.003906245343387127
random,64,3,shardbloom,0.03125002980232239,0.003906245343387127
random,64,4,anchorshift,0.031249970197677612,-0.007812507450580597
random,64,4,driftgate,-0.0625000149011612,-0.007812507450580597
random,64,4,fluxpatch,0.0625,-0.007812507450580597
random,64,4,motifbridge,-0.06250007450580597,-0.007812507450580597
random,64,4,phasenest,0.03125002980232239,-0.007812507450580597
random,64,4,phasesar,0.0,-0.007812507450580597
random,64,4,quorumweave,-0.0625,-0.007812507450580597
random,64,4,shardbloom,2.9802322387695312e-08,-0.007812507450580597
random,64,5,anchorshift,0.031249970197677612,-0.0078125
random,64,5,driftgate,-0.0625,-0.0078125
random,64,5,fluxpatch,1.4901161193847656e-08,-0.0078125
random,64,5,motifbridge,-0.03125004470348358,-0.0078125
random,64,5,phasenest,0.0,-0.0078125
random,64,5,phasesar,0.03125002980232239,-0.0078125
random,64,5,quorumweave,-0.03125,-0.0078125
random,64,5,shardbloom,2.9802322387695312e-08,-0.0078125
random,64,6,anchorshift,-2.9802322387695312e-08,-0.03124999161809683
random,64,6,driftgate,-0.1249999850988388,-0.03124999161809683
random,64,6,fluxpatch,0.0,-0.03124999161809683
random,64,6,motifbridge,0.031249970197677612,-0.03124999161809683
random,64,6,phasenest,-0.0624999925494194,-0.03124999161809683
random,64,6,phasesar,7.450580596923828e-08,-0.03124999161809683
random,64,6,quorumweave,-0.0625,-0.03124999161809683
random,64,6,shardbloom,-0.031249970197677612,-0.03124999161809683
random,64,7,anchorshift,-0.06250002980232239,-0.031250000931322575
random,64,7,driftgate,-0.1250000223517418,-0.031250000931322575
random,64,7,fluxpatch,0.0,-0.031250000931322575
random,64,7,motifbridge,-2.9802322387695312e-08,-0.031250000931322575
random,64,7,phasenest,2.9802322387695312e-08,-0.031250000931322575
random,64,7,phasesar,0.031249985098838806,-0.031250000931322575
random,64,7,quorumweave,0.0,-0.031250000931322575
random,64,7,shardbloom,-0.09374994039535522,-0.031250000931322575
random,64,8,anchorshift,-5.960464477539063e-08,-0.0273437537252903
random,64,8,driftgate,-0.0937499850988388,-0.0273437537252903
random,64,8,fluxpatch,0.0,-0.0273437537252903
random,64,8,motifbridge,-2.9802322387695312e-08,-0.0273437537252903
random,64,8,phasenest,-0.031249985098838806,-0.0273437537252903
random,64,8,phasesar,-0.03125,-0.0273437537252903
random,64,8,quorumweave,-0.0625,-0.0273437537252903
random,64,8,shardbloom,2.9802322387695312e-08,-0.0273437537252903
random,65,1,anchorshift,-2.9802322387695312e-08,-0.00781250186264515
random,65,1,driftgate,2.9802322387695312e-08,-0.00781250186264515
random,65,1,fluxpatch,-0.031250014901161194,-0.00781250186264515
random,65,1,motifbridge,-0.031250059604644775,-0.00781250186264515
random,65,1,phasenest,-0.03125,-0.00781250186264515
random,65,1,phasesar,0.0,-0.00781250186264515
random,65,1,quorumweave,0.03125,-0.00781250186264515
random,65,1,shardbloom,5.960464477539063e-08,-0.00781250186264515
random,65,2,anchorshift,0.03125,-0.007812498137354851
random,65,2,driftgate,-0.062499985098838806,-0.007812498137354851
random,65,2,fluxpatch,0.03125,-0.007812498137354851
random,65,2,motifbridge,0.031249970197677612,-0.007812498137354851
random,65,2,phasenest,0.0,-0.007812498137354851
random,65,2,phasesar,0.0,-0.007812498137354851
random,65,2,quorumweave,-0.03125,-0.007812498137354851
random,65,2,shardbloom,-0.06249997019767761,-0.007812498137354851
random,65,3,anchorshift,0.031249940395355225,-0.019531257450580597
random,65,3,driftgate,-0.0625,-0.019531257450580597
random,65,3,fluxpatch,0.0,-0.019531257450580597
random,65,3,motifbridge,-0.03125002980232239,-0.019531257450580597
random,65,3,phasenest,0.03125,-0.019531257450580597
random,65,3,phasesar,-0.0625,-0.019531257450580597
random,65,3,quorumweave,-0.03125,-0.019531257450580597
random,65,3,shardbloom,-0.031249970197677612,-0.019531257450580597
random,65,4,anchorshift,-0.06250002980232239,-0.031250011175870895
random,65,4,driftgate,-0.0625,-0.031250011175870895
random,65,4,fluxpatch,-0.031250014901161194,-0.031250011175870895
random,65,4,motifbridge,-0.03125002980232239,-0.031250011175870895
random,65,4,phasenest,-2.9802322387695312e-08,-0.031250011175870895
random,65,4,phasesar,-0.031250014901161194,-0.031250011175870895
random,65,4,quorumweave,0.0,-0.031250011175870895
random,65,4,shardbloom,-0.031249970197677612,-0.031250011175870895
random,65,5,anchorshift,-2.9802322387695312e-08,0.0039062537252902985
random,65,5,driftgate,0.0,0.0039062537252902985
random,65,5,fluxpatch,5.960464477539063e-08,0.0039062537252902985
random,65,5,motifbridge,0.031249985098838806,0.0039062537252902985
random,65,5,phasenest,-0.031249985098838806,0.0039062537252902985
random,65,5,phasesar,0.0,0.0039062537252902985
random,65,5,quorumweave,0.03125,0.0039062537252902985
random,65,5,shardbloom,0.0,0.0039062537252902985
random,65,6,anchorshift,-5.960464477539063e-08,-0.035156250931322575
random,65,6,driftgate,-0.09375,-0.035156250931322575
random,65,6,fluxpatch,-0.0937499850988388,-0.035156250931322575
random,65,6,motifbridge,-1.4901161193847656e-08,-0.035156250931322575
random,65,6,phasenest,7.450580596923828e-09,-0.035156250931322575
random,65,6,phasesar,-0.031249985098838806,-0.035156250931322575
random,65,6,quorumweave,0.0,-0.035156250931322575
random,65,6,shardbloom,-0.06249997019767761,-0.035156250931322575
random,65,7,anchorshift,0.031249940395355225,-0.0156250037252903
random,65,7,driftgate,-0.0937499850988388,-0.0156250037252903
random,65,7,fluxpatch,0.0,-0.0156250037252903
random,65,7,motifbridge,-0.031250014901161194,-0.0156250037252903
random,65,7,phasenest,-0.03125,-0.0156250037252903
random,65,7,phasesar,0.0,-0.0156250037252903
random,65,7,quorumweave,-0.0625,-0.0156250037252903
random,65,7,shardbloom,0.06250002980232239,-0.0156250037252903
random,65,8,anchorshift,-2.9802322387695312e-08,-0.003906251862645149
random,65,8,driftgate,-0.0625,-0.003906251862645149
random,65,8,fluxpatch,0.0,-0.003906251862645149
random,65,8,motifbridge,0.031249970197677612,-0.003906251862645149
random,65,8,phasenest,-1.4901161193847656e-08,-0.003906251862645149
random,65,8,phasesar,0.0,-0.003906251862645149
random,65,8,quorumweave,0.0,-0.003906251862645149
random,65,8,shardbloom,5.960464477539063e-08,-0.003906251862645149
random,66,1,anchorshift,-0.06250005960464478,-7.450580596923828e-09
random,66,1,driftgate,-0.03125,-7.450580596923828e-09
random,66,1,fluxpatch,0.03125,-7.450580596923828e-09
random,66,1,motifbridge,0.031249970197677612,-7.450580596923828e-09
random,66,1,phasenest,0.0,-7.450580596923828e-09
random,66,1,phasesar,0.03125,-7.450580596923828e-09
random,66,1,quorumweave,0.0,-7.450580596923828e-09
random,66,1,shardbloom,2.9802322387695312e-08,-7.450580596923828e-09
random,66,2,anchorshift,-2.9802322387695312e-08,-0.03125000465661287
random,66,2,driftgate,-0.0937500149011612,-0.03125000465661287
random,66,2,fluxpatch,0.031249985098838806,-0.03125000465661287
random,66,2,motifbridge,-2.9802322387695312e-08,-0.03125000465661287
random,66,2,phasenest,-0.062499962747097015,-0.03125000465661287
random,66,2,phasesar,-1.4901161193847656e-08,-0.03125000465661287
random,66,2,quorumweave,-0.0625,-0.03125000465661287
random,66,2,shardbloom,-0.06249997019767761,-0.03125000465661287
random,66,3,anchorshift,-2.9802322387695312e-08,-0.007812507450580597
random,66,3,driftgate,-0.03125,-0.007812507450580597
random,66,3,fluxpatch,1.4901161193847656e-08,-0.007812507450580597
random,66,3,motifbridge,0.031249970197677612,-0.007812507450580597
random,66,3,phasenest,-0.031250014901161194,-0.007812507450580597
random,66,3,phasesar,-2.9802322387695312e-08,-0.007812507450580597
random,66,3,quorumweave,0.0,-0.007812507450580597
random,66,3,shardbloom,-0.031249970197677612,-0.007812507450580597
random,66,4,anchorshift,0.031249940395355225,0.0039062462747097015
random,66,4,driftgate,-0.03125,0.0039062462747097015
random,66,4,fluxpatch,0.03125,0.0039062462747097015
random,66,4,motifbridge,-0.03125002980232239,0.0039062462747097015
random,66,4,phasenest,0.0625,0.0039062462747097015
random,66,4,phasesar,0.0,0.0039062462747097015
random,66,4,quorumweave,0.0,0.0039062462747097015
random,66,4,shardbloom,-0.031249940395355225,0.0039062462747097015
random,66,5,anchorshift,-5.960464477539063e-08,0.015624997206032276
random,66,5,driftgate,0.0,0.015624997206032276
random,66,5,fluxpatch,0.03125,0.015624997206032276
random,66,5,motifbridge,-2.2351741790771484e-08,0.015624997206032276
random,66,5,phasenest,-0.031249970197677612,0.015624997206032276
random,66,5,phasesar,0.0,0.015624997206032276
random,66,5,quorumweave,0.0,0.015624997206032276
random,66,5,shardbloom,0.1250000298023224,0.015624997206032276
random,66,6,anchorshift,0.0,5.587935447692871e-09
random,66,6,driftgate,0.0,5.587935447692871e-09
random,66,6,fluxpatch,0.0625000149011612,5.587935447692871e-09
random,66,6,motifbridge,-0.0625000149011612,5.587935447692871e-09
random,66,6,phasenest,0.03125,5.587935447692871e-09
random,66,6,phasesar,0.0937500149011612,5.587935447692871e-09
random,66,6,quorumweave,-0.09375,5.587935447692871e-09
random,66,6,shardbloom,-0.031249970197677612,5.587935447692871e-09
random,66,7,anchorshift,0.031249970197677612,0.0039062481373548508
random,66,7,driftgate,-0.0625,0.0039062481373548508
random,66,7,fluxpatch,0.03125,0.0039062481373548508
random,66,7,motifbridge,-2.9802322387695312e-08,0.0039062481373548508
random,66,7,phasenest,0.0625,0.0039062481373548508
random,66,7,phasesar,1.4901161193847656e-08,0.0039062481373548508
random,66,7,quorumweave,-0.03125,0.0039062481373548508
random,66,7,shardbloom,2.9802322387695312e-08,0.0039062481373548508
random,66,8,anchorshift,0.0,0.01562499813735485
random,66,8,driftgate,-0.0625000074505806,0.01562499813735485
random,66,8,fluxpatch,0.03125,0.01562499813735485
random,66,8,motifbridge,0.031249962747097015,0.01562499813735485
random,66,8,phasenest,0.09375,0.01562499813735485
random,66,8,phasesar,0.03125,0.01562499813735485
random,66,8,quorumweave,-0.03125,0.01562499813735485
random,66,8,shardbloom,0.03125002980232239,0.01562499813735485
random,67,1,anchorshift,-0.03125,7.450580596923828e-09
random,67,1,driftgate,-0.0625,7.450580596923828e-09
random,67,1,fluxpatch,0.03125,7.450580596923828e-09
random,67,1,motifbridge,-0.031250014901161194,7.450580596923828e-09
random,67,1,phasenest,0.03125,7.450580596923828e-09
random,67,1,phasesar,1.4901161193847656e-08,7.450580596923828e-09
random,67,1,quorumweave,0.0625,7.450580596923828e-09
random,67,1,shardbloom,5.960464477539063e-08,7.450580596923828e-09
random,67,2,anchorshift,-0.06250005960464478,-0.023437507450580597
random,67,2,driftgate,-0.062499985098838806,-0.023437507450580597
random,67,2,fluxpatch,0.0,-0.023437507450580597
random,67,2,motifbridge,0.031249985098838806,-0.023437507450580597
random,67,2,phasenest,-0.031250014901161194,-0.023437507450580597
random,67,2,phasesar,-0.031250014901161194,-0.023437507450580597
random,67,2,quorumweave,-0.03125,-0.023437507450580597
random,67,2,shardbloom,2.9802322387695312e-08,-0.023437507450580597
random,67,3,anchorshift,2.9802322387695312e-08,1.6763806343078613e-08
random,67,3,driftgate,-0.1249999850988388,1.6763806343078613e-08
random,67,3,fluxpatch,5.960464477539063e-08,1.6763806343078613e-08
random,67,3,motifbridge,0.031249970197677612,1.6763806343078613e-08
random,67,3,phasenest,0.031249985098838806,1.6763806343078613e-08
random,67,3,phasesar,4.470348358154297e-08,1.6763806343078613e-08
random,67,3,quorumweave,0.0,1.6763806343078613e-08
random,67,3,shardbloom,0.06250002980232239,1.6763806343078613e-08
random,67,4,anchorshift,-0.06250002980232239,-0.019531247206032276
random,67,4,driftgate,0.0,-0.019531247206032276
random,67,4,fluxpatch,-0.09374994039535522,-0.019531247206032276
random,67,4,motifbridge,0.031249985098838806,-0.019531247206032276
random,67,4,phasenest,-2.9802322387695312e-08,-0.019531247206032276
random,67,4,phasesar,-0.031249992549419403,-0.019531247206032276
random,67,4,quorumweave,-0.03125,-0.019531247206032276
random,67,4,shardbloom,0.03125002980232239,-0.019531247206032276
random,67,5,anchorshift,0.031249970197677612,-0.003906251862645149
random,67,5,driftgate,-0.03125,-0.003906251862645149
random,67,5,fluxpatch,0.0,-0.003906251862645149
random,67,5,motifbridge,-2.2351741790771484e-08,-0.003906251862645149
random,67,5,phasenest,-0.031249992549419403,-0.003906251862645149
random,67,5,phasesar,0.0,-0.003906251862645149
random,67,5,quorumweave,-0.03125,-0.003906251862645149
random,67,5,shardbloom,0.03125002980232239,-0.003906251862645149
random,67,6,anchorshift,-5.960464477539063e-08,-0.031250009313225746
random,67,6,driftgate,-0.06249997019767761,-0.031250009313225746
random,67,6,fluxpatch,-0.03125,-0.031250009313225746
random,67,6,motifbridge,-7.450580596923828e-08,-0.031250009313225746
random,67,6,phasenest,-0.062499985098838806,-0.031250009313225746
random,67,6,phasesar,-0.0937500149011612,-0.031250009313225746
random,67,6,quorumweave,0.0,-0.031250009313225746
random,67,6,shardbloom,2.9802322387695312e-08,-0.031250009313225746
random,67,7,anchorshift,-2.9802322387695312e-08,-0.01171875186264515
random,67,7,driftgate,-0.031250014901161194,-0.01171875186264515
random,67,7,fluxpatch,-1.4901161193847656e-08,-0.01171875186264515
random,67,7,motifbridge,0.031250014901161194,-0.01171875186264515
random,67,7,phasenest,-0.09375,-0.01171875186264515
random,67,7,phasesar,-0.03125,-0.01171875186264515
random,67,7,quorumweave,-0.03125,-0.01171875186264515
random,67,7,shardbloom,0.06250002980232239,-0.01171875186264515
random,67,8,anchorshift,0.031249970197677612,-0.003906263038516045
random,67,8,driftgate,-0.09375,-0.003906263038516045
random,67,8,fluxpatch,0.0,-0.003906263038516045
random,67,8,motifbridge,-0.031250059604644775,-0.003906263038516045
random,67,8,phasenest,-0.03125002980232239,-0.003906263038516045
random,67,8,phasesar,1.4901161193847656e-08,-0.003906263038516045
random,67,8,quorumweave,0.03125,-0.003906263038516045
random,67,8,shardbloom,0.0625,-0.003906263038516045
random,68,1,anchorshift,-0.09375,-0.00390625
random,68,1,driftgate,-0.03125,-0.00390625
random,68,1,fluxpatch,0.03125,-0.00390625
random,68,1,motifbridge,0.031249970197677612,-0.00390625
random,68,1,phasenest,0.0625,-0.00390625
random,68,1,phasesar,0.03125,-0.00390625
random,68,1,quorumweave,-0.03125,-0.00390625
random,68,1,shardbloom,-0.031249970197677612,-0.00390625
random,68,2,anchorshift,-0.03125002980232239,-0.007812498137354851
random,68,2,driftgate,0.03125,-0.007812498137354851
random,68,2,fluxpatch,-0.031249970197677612,-0.007812498137354851
random,68,2,motifbridge,-0.03125,-0.007812498137354851
random,68,2,phasenest,-0.0625,-0.007812498137354851
random,68,2,phasesar,0.031249985098838806,-0.007812498137354851
random,68,2,quorumweave,0.0,-0.007812498137354851
random,68,2,shardbloom,0.03125002980232239,-0.007812498137354851
random,68,3,anchorshift,-0.03125002980232239,-0.0195312537252903
random,68,3,driftgate,-0.09375,-0.0195312537252903
random,68,3,fluxpatch,-0.03125,-0.0195312537252903
random,68,3,motifbridge,-2.9802322387695312e-08,-0.0195312537252903
random,68,3,phasenest,-0.03125,-0.0195312537252903
random,68,3,phasesar,0.0,-0.0195312537252903
random,68,3,quorumweave,0.0,-0.0195312537252903
random,68,3,shardbloom,0.03125002980232239,-0.0195312537252903
random,68,4,anchorshift,0.031249970197677612,-0.01562500186264515
random,68,4,driftgate,-0.03125,-0.01562500186264515
random,68,4,fluxpatch,-0.031249985098838806,-0.01562500186264515
random,68,4,motifbridge,-0.06250002980232239,-0.01562500186264515
random,68,4,phasenest,-1.4901161193847656e-08,-0.01562500186264515
random,68,4,phasesar,0.031250014901161194,-0.01562500186264515
random,68,4,quorumweave,-0.03125,-0.01562500186264515
random,68,4,shardbloom,-0.031249970197677612,-0.01562500186264515
random,68,5,anchorshift,-0.03125,-0.04296874348074198
random,68,5,driftgate,-0.0625,-0.04296874348074198
random,68,5,fluxpatch,-0.031249940395355225,-0.04296874348074198
random,68,5,motifbridge,-0.03125004470348358,-0.04296874348074198
random,68,5,phasenest,-0.0624999925494194,-0.04296874348074198
random,68,5,phasesar,0.03125,-0.04296874348074198
random,68,5,quorumweave,-0.09375,-0.04296874348074198
random,68,5,shardbloom,-0.06249997019767761,-0.04296874348074198
random,68,6,anchorshift,0.06249991059303284,0.0039062369614839554
random,68,6,driftgate,-0.03125,0.0039062369614839554
random,68,6,fluxpatch,0.0,0.0039062369614839554
random,68,6,motifbridge,0.03124995529651642,0.0039062369614839554
random,68,6,phasenest,0.03125,0.0039062369614839554
random,68,6,phasesar,0.0,0.0039062369614839554
random,68,6,quorumweave,-0.0625,0.0039062369614839554
random,68,6,shardbloom,2.9802322387695312e-08,0.0039062369614839554
random,68,7,anchorshift,-2.9802322387695312e-08,-0.0195312537252903
random,68,7,driftgate,-0.0625,-0.0195312537252903
random,68,7,fluxpatch,0.0,-0.0195312537252903
random,68,7,motifbridge,-0.03125002980232239,-0.0195312537252903
random,68,7,phasenest,0.0,-0.0195312537252903
random,68,7,phasesar,-0.09375,-0.0195312537252903
random,68,7,quorumweave,0.0,-0.0195312537252903
random,68,7,shardbloom,0.03125002980232239,-0.0195312537252903
random,68,8,anchorshift,-0.09375,-0.023437494412064552
random,68,8,driftgate,-0.031249970197677612,-0.023437494412064552
random,68,8,fluxpatch,-0.03125,-0.023437494412064552
random,68,8,motifbridge,0.031249970197677612,-0.023437494412064552
random,68,8,phasenest,-0.03125,-0.023437494412064552
random,68,8,phasesar,1.4901161193847656e-08,-0.023437494412064552
random,68,8,quorumweave,0.0,-0.023437494412064552
random,68,8,shardbloom,-0.031249970197677612,-0.023437494412064552
random,69,1,anchorshift,-5.960464477539063e-08,-0.00390625
random,69,1,driftgate,-0.06249997019767761,-0.00390625
random,69,1,fluxpatch,0.03125,-0.00390625
random,69,1,motifbridge,-0.031250014901161194,-0.00390625
random,69,1,phasenest,0.0625,-0.00390625
random,69,1,phasesar,1.4901161193847656e-08,-0.00390625
random,69,1,quorumweave,0.0,-0.00390625
random,69,1,shardbloom,-0.031249970197677612,-0.00390625
random,69,2,anchorshift,0.031249940395355225,-0.003906255587935448
random,69,2,driftgate,-0.0625,-0.003906255587935448
random,69,2,fluxpatch,0.03125,-0.003906255587935448
random,69,2,motifbridge,0.031249970197677612,-0.003906255587935448
random,69,2,phasenest,-0.0625,-0.003906255587935448
random,69,2,phasesar,0.031249985098838806,-0.003906255587935448
random,69,2,quorumweave,0.0,-0.003906255587935448
random,69,2,shardbloom,-0.031249940395355225,-0.003906255587935448
random,69,3,anchorshift,-0.09375002980232239,-0.0039062537252902985
random,69,3,driftgate,0.0,-0.0039062537252902985
random,69,3,fluxpatch,0.0,-0.0039062537252902985
random,69,3,motifbridge,-1.4901161193847656e-08,-0.0039062537252902985
random,69,3,phasenest,0.0625,-0.0039062537252902985
random,69,3,phasesar,0.031250014901161194,-0.0039062537252902985
random,69,3,quorumweave,-0.03125,-0.0039062537252902985
random,69,3,shardbloom,0.0,-0.0039062537252902985
random,69,4,anchorshift,0.031249970197677612,-0.003906257450580597
random,69,4,driftgate,0.0,-0.003906257450580597
random,69,4,fluxpatch,0.03125,-0.003906257450580597
random,69,4,motifbridge,0.031249970197677612,-0.003906257450580597
random,69,4,phasenest,0.0,-0.003906257450580597
random,69,4,phasesar,-0.03125,-0.003906257450580597
random,69,4,quorumweave,-0.03125,-0.003906257450580597
random,69,4,shardbloom,-0.0625,-0.003906257450580597
random,69,5,anchorshift,0.031249970197677612,0.007812490686774254
random,69,5,driftgate,-0.031249985098838806,0.007812490686774254
random,69,5,fluxpatch,0.0625,0.007812490686774254
random,69,5,motifbridge,-1.4901161193847656e-08,0.007812490686774254
random,69,5,phasenest,0.031249970197677612,0.007812490686774254
random,69,5,phasesar,-1.4901161193847656e-08,0.007812490686774254
random,69,5,quorumweave,0.0,0.007812490686774254
random,69,5,shardbloom,-0.03125,0.007812490686774254
random,69,6,anchorshift,0.0,-0.003906242549419403
random,69,6,driftgate,-0.031249970197677612,-0.003906242549419403
random,69,6,fluxpatch,-0.03125,-0.003906242549419403
random,69,6,motifbridge,0.03125,-0.003906242549419403
random,69,6,phasenest,-0.031250014901161194,-0.003906242549419403
random,69,6,phasesar,0.031249985098838806,-0.003906242549419403
random,69,6,quorumweave,0.03125,-0.003906242549419403
random,69,6,shardbloom,-0.031249940395355225,-0.003906242549419403
random,69,7,anchorshift,0.09374997019767761,0.0351562425494194
random,69,7,driftgate,-0.03125,0.0351562425494194
random,69,7,fluxpatch,0.0,0.0351562425494194
random,69,7,motifbridge,0.03124995529651642,0.0351562425494194
random,69,7,phasenest,0.09375,0.0351562425494194
random,69,7,phasesar,0.031249985098838806,0.0351562425494194
random,69,7,quorumweave,0.03125,0.0351562425494194
random,69,7,shardbloom,0.03125002980232239,0.0351562425494194
random,69,8,anchorshift,-2.9802322387695312e-08,0.015625
random,69,8,driftgate,-1.4901161193847656e-08,0.015625
random,69,8,fluxpatch,-0.062499985098838806,0.015625
random,69,8,motifbridge,0.031249970197677612,0.015625
random,69,8,phasenest,0.09375,0.015625
random,69,8,phasesar,0.03125,0.015625
random,69,8,quorumweave,0.03125,0.015625
random,69,8,shardbloom,5.960464477539063e-08,0.015625
random,70,1,anchorshift,0.06249991059303284,-0.007812509313225746
random,70,1,driftgate,-0.03125,-0.007812509313225746
random,70,1,fluxpatch,0.03125,-0.007812509313225746
random,70,1,motifbridge,-0.03125002980232239,-0.007812509313225746
random,70,1,phasenest,-0.062499985098838806,-0.007812509313225746
random,70,1,phasesar,0.0,-0.007812509313225746
random,70,1,quorumweave,-0.03125,-0.007812509313225746
random,70,1,shardbloom,2.9802322387695312e-08,-0.007812509313225746
random,70,2,anchorshift,-2.9802322387695312e-08,0.0
random,70,2,driftgate,-0.06249997019767761,0.0
random,70,2,fluxpatch,-0.03125,0.0
random,70,2,motifbridge,-2.9802322387695312e-08,0.0
random,70,2,phasenest,0.031249970197677612,0.0
random,70,2,phasesar,0.03125,0.0
random,70,2,quorumweave,0.0,0.0
random,70,2,shardbloom,0.031250059604644775,0.0
random,70,3,anchorshift,-2.9802322387695312e-08,-5.587935447692871e-09
random,70,3,driftgate,-0.09375,-5.587935447692871e-09
random,70,3,fluxpatch,0.0,-5.587935447692871e-09
random,70,3,motifbridge,0.031249985098838806,-5.587935447692871e-09
random,70,3,phasenest,-2.9802322387695312e-08,-5.587935447692871e-09
random,70,3,phasesar,0.09375,-5.587935447692871e-09
random,70,3,quorumweave,0.0,-5.587935447692871e-09
random,70,3,shardbloom,-0.031249970197677612,-5.587935447692871e-09
random,70,4,anchorshift,-5.960464477539063e-08,-0.015625011175870895
random,70,4,driftgate,-0.03125,-0.015625011175870895
random,70,4,fluxpatch,-0.0625000149011612,-0.015625011175870895
random,70,4,motifbridge,-2.9802322387695312e-08,-0.015625011175870895
random,70,4,phasenest,0.0,-0.015625011175870895
random,70,4,phasesar,0.062499985098838806,-0.015625011175870895
random,70,4,quorumweave,-0.03125,-0.015625011175870895
random,70,4,shardbloom,-0.06249997019767761,-0.015625011175870895
random,70,5,anchorshift,-0.031249970197677612,-0.015624992549419403
random,70,5,driftgate,-0.0625,-0.015624992549419403
random,70,5,fluxpatch,-0.0937499850988388,-0.015624992549419403
random,70,5,motifbridge,0.031249970197677612,-0.015624992549419403
random,70,5,phasenest,-0.03125,-0.015624992549419403
random,70,5,phasesar,1.4901161193847656e-08,-0.015624992549419403
random,70,5,quorumweave,0.0625,-0.015624992549419403
random,70,5,shardbloom,2.9802322387695312e-08,-0.015624992549419403
random,70,6,anchorshift,-2.9802322387695312e-08,-7.450580596923828e-09
random,70,6,driftgate,-0.03125,-7.450580596923828e-09
random,70,6,fluxpatch,0.031249970197677612,-7.450580596923828e-09
random,70,6,motifbridge,0.09374997019767761,-7.450580596923828e-09
random,70,6,phasenest,-0.03125,-7.450580596923828e-09
random,70,6,phasesar,0.03125,-7.450580596923828e-09
random,70,6,quorumweave,-0.03125,-7.450580596923828e-09
random,70,6,shardbloom,-0.06249997019767761,-7.450580596923828e-09
random,70,7,anchorshift,0.031249970197677612,0.003906240686774254
random,70,7,driftgate,-0.0625,0.003906240686774254
random,70,7,fluxpatch,0.03125,0.003906240686774254
random,70,7,motifbridge,0.03124995529651642,0.003906240686774254
random,70,7,phasenest,0.0,0.003906240686774254
random,70,7,phasesar,0.0,0.003906240686774254
random,70,7,quorumweave,0.0,0.003906240686774254
random,70,7,shardbloom,0.0,0.003906240686774254
random,70,8,anchorshift,-0.03125002980232239,-0.027343759313225746
random,70,8,driftgate,-0.0937500149011612,-0.027343759313225746
random,70,8,fluxpatch,0.03125,-0.027343759313225746
random,70,8,motifbridge,-2.9802322387695312e-08,-0.027343759313225746
random,70,8,phasenest,-0.06250002980232239,-0.027343759313225746
random,70,8,phasesar,0.03125,-0.027343759313225746
random,70,8,quorumweave,-0.0625,-0.027343759313225746
random,70,8,shardbloom,-0.031249970197677612,-0.027343759313225746
random,71,1,anchorshift,-2.9802322387695312e-08,-0.01171875
random,71,1,driftgate,-0.031249985098838806,-0.01171875
random,71,1,fluxpatch,0.0,-0.01171875
random,71,1,motifbridge,0.031249985098838806,-0.01171875
random,71,1,phasenest,-0.09375,-0.01171875
random,71,1,phasesar,0.0625,-0.01171875
random,71,1,quorumweave,-0.03125,-0.01171875
random,71,1,shardbloom,-0.031249970197677612,-0.01171875
random,71,2,anchorshift,-0.03125,-0.0039062444120645523
random,71,2,driftgate,-0.0937499850988388,-0.0039062444120645523
random,71,2,fluxpatch,0.0,-0.0039062444120645523
random,71,2,motifbridge,0.06249997019767761,-0.0039062444120645523
random,71,2,phasenest,0.03125002980232239,-0.0039062444120645523
random,71,2,phasesar,0.0,-0.0039062444120645523
random,71,2,quorumweave,0.0,-0.0039062444120645523
random,71,2,shardbloom,2.9802322387695312e-08,-0.0039062444120645523
random,71,3,anchorshift,0.031249910593032837,-0.003906263038516045
random,71,3,driftgate,-0.0625,-0.003906263038516045
random,71,3,fluxpatch,-1.4901161193847656e-08,-0.003906263038516045
random,71,3,motifbridge,-2.9802322387695312e-08,-0.003906263038516045
random,71,3,phasenest,-0.0625,-0.003906263038516045
random,71,3,phasesar,0.03125,-0.003906263038516045
random,71,3,quorumweave,0.0,-0.003906263038516045
random,71,3,shardbloom,0.03125002980232239,-0.003906263038516045
random,71,4,anchorshift,0.031249970197677612,0.0039062481373548508
random,71,4,driftgate,-0.0625000074505806,0.0039062481373548508
random,71,4,fluxpatch,0.03125,0.0039062481373548508
random,71,4,motifbridge,0.031249985098838806,0.0039062481373548508
random,71,4,phasenest,0.0,0.0039062481373548508
random,71,4,phasesar,0.03125,0.0039062481373548508
random,71,4,quorumweave,-0.0624999925494194,0.0039062481373548508
random,71,4,shardbloom,0.03125002980232239,0.0039062481373548508
random,71,5,anchorshift,-0.09375,-0.0039062537252902985
random,71,5,driftgate,-0.03125,-0.0039062537252902985
random,71,5,fluxpatch,0.0,-0.0039062537252902985
random,71,5,motifbridge,-1.4901161193847656e-08,-0.0039062537252902985
random,71,5,phasenest,0.03125,-0.0039062537252902985
random,71,5,phasesar,0.062499985098838806,-0.0039062537252902985
random,71,5,quorumweave,0.0,-0.0039062537252902985
random,71,5,shardbloom,0.0,-0.0039062537252902985
random,71,6,anchorshift,-0.06250002980232239,-0.0351562537252903
random,71,6,driftgate,-0.09375,-0.0351562537252903
random,71,6,fluxpatch,-0.03125,-0.0351562537252903
random,71,6,motifbridge,0.031249970197677612,-0.0351562537252903
random,71,6,phasenest,-0.03125,-0.0351562537252903
random,71,6,phasesar,-0.0625,-0.0351562537252903
random,71,6,quorumweave,-0.03125,-0.0351562537252903
random,71,6,shardbloom,2.9802322387695312e-08,-0.0351562537252903
random,71,7,anchorshift,0.062499940395355225,0.0039062444120645523
random,71,7,driftgate,-0.03125,0.0039062444120645523
random,71,7,fluxpatch,0.062499985098838806,0.0039062444120645523
random,71,7,motifbridge,-0.06250002980232239,0.0039062444120645523
random,71,7,phasenest,-0.062499985098838806,0.0039062444120645523
random,71,7,phasesar,0.031250014901161194,0.0039062444120645523
random,71,7,quorumweave,0.0,0.0039062444120645523
random,71,7,shardbloom,0.03125002980232239,0.0039062444120645523
random,71,8,anchorshift,-2.9802322387695312e-08,-3.725290298461914e-09
random,71,8,driftgate,-0.0625,-3.725290298461914e-09
random,71,8,fluxpatch,0.03125,-3.725290298461914e-09
random,71,8,motifbridge,-1.4901161193847656e-08,-3.725290298461914e-09
random,71,8,phasenest,-0.03125,-3.725290298461914e-09
random,71,8,phasesar,0.0937499850988388,-3.725290298461914e-09
random,71,8,quorumweave,0.03125,-3.725290298461914e-09
random,71,8,shardbloom,-0.06249997019767761,-3.725290298461914e-09
random,72,1,anchorshift,-2.9802322387695312e-08,-0.007812503725290298
random,72,1,driftgate,-0.03125,-0.007812503725290298
random,72,1,fluxpatch,-0.031249985098838806,-0.007812503725290298
random,72,1,motifbridge,0.031249970197677612,-0.007812503725290298
random,72,1,phasenest,0.031249970197677612,-0.007812503725290298
random,72,1,phasesar,-0.031249985098838806,-0.007812503725290298
random,72,1,quorumweave,-0.03125,-0.007812503725290298
random,72,1,shardbloom,2.9802322387695312e-08,-0.007812503725290298
random,72,2,anchorshift,0.031249970197677612,-0.007812509313225746
random,72,2,driftgate,-2.9802322387695312e-08,-0.007812509313225746
random,72,2,fluxpatch,-0.03125,-0.007812509313225746
random,72,2,motifbridge,-1.4901161193847656e-08,-0.007812509313225746
random,72,2,phasenest,0.03125,-0.007812509313225746
random,72,2,phasesar,-0.03125,-0.007812509313225746
random,72,2,quorumweave,-0.09375,-0.007812509313225746
random,72,2,shardbloom,0.03125,-0.007812509313225746
random,72,3,anchorshift,-0.031250059604644775,-0.011718755587935448
random,72,3,driftgate,-0.09375,-0.011718755587935448
random,72,3,fluxpatch,-0.03125,-0.011718755587935448
random,72,3,motifbridge,-2.9802322387695312e-08,-0.011718755587935448
random,72,3,phasenest,0.03125002980232239,-0.011718755587935448
random,72,3,phasesar,0.031249985098838806,-0.011718755587935448
random,72,3,quorumweave,0.0,-0.011718755587935448
random,72,3,shardbloom,2.9802322387695312e-08,-0.011718755587935448
random,72,4,anchorshift,-0.09375002980232239,-0.03125000186264515
random,72,4,driftgate,-0.0625000149011612,-0.03125000186264515
random,72,4,fluxpatch,0.0937499850988388,-0.03125000186264515
random,72,4,motifbridge,-0.03125002980232239,-0.03125000186264515
random,72,4,phasenest,-0.031249970197677612,-0.03125000186264515
random,72,4,phasesar,-0.031249985098838806,-0.03125000186264515
random,72,4,quorumweave,-0.0625,-0.03125000186264515
random,72,4,shardbloom,-0.031249970197677612,-0.03125000186264515
random,72,5,anchorshift,-0.09375,-0.027343744412064552
random,72,5,driftgate,-0.0625,-0.027343744412064552
random,72,5,fluxpatch,0.031249985098838806,-0.027343744412064552
random,72,5,motifbridge,-2.9802322387695312e-08,-0.027343744412064552
random,72,5,phasenest,-0.06249997019767761,-0.027343744412064552
random,72,5,phasesar,-0.03125,-0.027343744412064552
random,72,5,quorumweave,0.03125,-0.027343744412064552
random,72,5,shardbloom,-0.031249940395355225,-0.027343744412064552
random,72,6,anchorshift,-0.06250002980232239,-0.023437490686774254
random,72,6,driftgate,-0.031249985098838806,-0.023437490686774254
random,72,6,fluxpatch,-0.03125,-0.023437490686774254
random,72,6,motifbridge,0.03125,-0.023437490686774254
random,72,6,phasenest,-0.0625,-0.023437490686774254
random,72,6,phasesar,-0.031249940395355225,-0.023437490686774254
random,72,6,quorumweave,0.0,-0.023437490686774254
random,72,6,shardbloom,2.9802322387695312e-08,-0.023437490686774254
random,72,7,anchorshift,0.06249997019767761,-0.007812498137354851
random,72,7,driftgate,-0.062499985098838806,-0.007812498137354851
random,72,7,fluxpatch,-0.03125,-0.007812498137354851
random,72,7,motifbridge,-1.4901161193847656e-08,-0.007812498137354851
random,72,7,phasenest,0.0,-0.007812498137354851
random,72,7,phasesar,1.4901161193847656e-08,-0.007812498137354851
random,72,7,quorumweave,-0.03125,-0.007812498137354851
random,72,7,shardbloom,2.9802322387695312e-08,-0.007812498137354851
random,72,8,anchorshift,0.0,-0.05859373975545168
random,72,8,driftgate,-0.1249999850988388,-0.05859373975545168
random,72,8,fluxpatch,-0.0625000149011612,-0.05859373975545168
random,72,8,motifbridge,-0.031250037252902985,-0.05859373975545168
random,72,8,phasenest,-0.09375,-0.05859373975545168
random,72,8,phasesar,-0.09374994039535522,-0.05859373975545168
random,72,8,quorumweave,-0.03125,-0.05859373975545168
random,72,8,shardbloom,-0.031249940395355225,-0.05859373975545168
random,73,1,anchorshift,0.031249970197677612,-0.015625007450580597
random,73,1,driftgate,0.0,-0.015625007450580597
random,73,1,fluxpatch,-0.0625,-0.015625007450580597
random,73,1,motifbridge,-0.03125002980232239,-0.015625007450580597
random,73,1,phasenest,0.0,-0.015625007450580597
random,73,1,phasesar,0.0,-0.015625007450580597
random,73,1,quorumweave,0.0,-0.015625007450580597
random,73,1,shardbloom,-0.0625,-0.015625007450580597
random,73,2,anchorshift,-2.9802322387695312e-08,-3.725290298461914e-09
random,73,2,driftgate,-1.4901161193847656e-08,-3.725290298461914e-09
random,73,2,fluxpatch,0.0,-3.725290298461914e-09
random,73,2,motifbridge,-2.9802322387695312e-08,-3.725290298461914e-09
random,73,2,phasenest,-0.03125,-3.725290298461914e-09
random,73,2,phasesar,0.031249985098838806,-3.725290298461914e-09
random,73,2,quorumweave,0.0,-3.725290298461914e-09
random,73,2,shardbloom,5.960464477539063e-08,-3.725290298461914e-09
random,73,3,anchorshift,-0.09375005960464478,-0.0195312537252903
random,73,3,driftgate,-0.062499985098838806,-0.0195312537252903
random,73,3,fluxpatch,0.0,-0.0195312537252903
random,73,3,motifbridge,-0.03125004470348358,-0.0195312537252903
random,73,3,phasenest,2.9802322387695312e-08,-0.0195312537252903
random,73,3,phasesar,0.03125,-0.0195312537252903
random,73,3,quorumweave,0.0,-0.0195312537252903
random,73,3,shardbloom,2.9802322387695312e-08,-0.0195312537252903
random,73,4,anchorshift,0.031249970197677612,-0.007812505587935448
random,73,4,driftgate,-0.062499985098838806,-0.007812505587935448
random,73,4,fluxpatch,0.0,-0.007812505587935448
random,73,4,motifbridge,-0.03125002980232239,-0.007812505587935448
random,73,4,phasenest,-0.09375,-0.007812505587935448
random,73,4,phasesar,0.0,-0.007812505587935448
random,73,4,quorumweave,0.0,-0.007812505587935448
random,73,4,shardbloom,0.09375,-0.007812505587935448
random,73,5,anchorshift,0.031249940395355225,-0.01562500838190317
random,73,5,driftgate,-0.031249985098838806,-0.01562500838190317
random,73,5,fluxpatch,-1.4901161193847656e-08,-0.01562500838190317
random,73,5,motifbridge,0.031249970197677612,-0.01562500838190317
random,73,5,phasenest,-0.0937499925494194,-0.01562500838190317
random,73,5,phasesar,0.031249985098838806,-0.01562500838190317
random,73,5,quorumweave,-0.09375,-0.01562500838190317
random,73,5,shardbloom,2.9802322387695312e-08,-0.01562500838190317
random,73,6,anchorshift,-0.03125002980232239,-0.02734375186264515
random,73,6,driftgate,-0.0937499850988388,-0.02734375186264515
random,73,6,fluxpatch,-0.0625000149011612,-0.02734375186264515
random,73,6,motifbridge,0.06249995529651642,-0.02734375186264515
random,73,6,phasenest,-0.0625,-0.02734375186264515
random,73,6,phasesar,-0.031249940395355225,-0.02734375186264515
random,73,6,quorumweave,0.0,-0.02734375186264515
random,73,6,shardbloom,0.0,-0.02734375186264515
random,73,7,anchorshift,-2.9802322387695312e-08,-0.023437506519258022
random,73,7,driftgate,-0.0937499850988388,-0.023437506519258022
random,73,7,fluxpatch,-0.0625000149011612,-0.023437506519258022
random,73,7,motifbridge,-0.03125004470348358,-0.023437506519258022
random,73,7,phasenest,0.031249992549419403,-0.023437506519258022
random,73,7,phasesar,0.0,-0.023437506519258022
random,73,7,quorumweave,-0.03125,-0.023437506519258022
random,73,7,shardbloom,2.9802322387695312e-08,-0.023437506519258022
random,73,8,anchorshift,-0.09375002980232239,-0.035156249068677425
random,73,8,driftgate,-0.06249995529651642,-0.035156249068677425
random,73,8,fluxpatch,0.03125,-0.035156249068677425
random,73,8,motifbridge,-2.9802322387695312e-08,-0.035156249068677425
random,73,8,phasenest,-0.03125002980232239,-0.035156249068677425
random,73,8,phasesar,-0.031249985098838806,-0.035156249068677425
random,73,8,quorumweave,7.450580596923828e-09,-0.035156249068677425
random,73,8,shardbloom,-0.09374997019767761,-0.035156249068677425
random,74,1,anchorshift,-0.06250008940696716,-0.007812505587935448
random,74,1,driftgate,-0.0937499925494194,-0.007812505587935448
random,74,1,fluxpatch,0.0,-0.007812505587935448
random,74,1,motifbridge,0.031249970197677612,-0.007812505587935448
random,74,1,phasenest,7.450580596923828e-09,-0.007812505587935448
random,74,1,phasesar,0.0625,-0.007812505587935448
random,74,1,quorumweave,0.0,-0.007812505587935448
random,74,1,shardbloom,5.960464477539063e-08,-0.007812505587935448
random,74,2,anchorshift,-0.03125,3.725290298461914e-09
random,74,2,driftgate,-0.0625,3.725290298461914e-09
random,74,2,fluxpatch,0.0,3.725290298461914e-09
random,74,2,motifbridge,-0.03125002980232239,3.725290298461914e-09
random,74,2,phasenest,0.03125,3.725290298461914e-09
random,74,2,phasesar,0.0625,3.725290298461914e-09
random,74,2,quorumweave,0.03125,3.725290298461914e-09
random,74,2,shardbloom,5.960464477539063e-08,3.725290298461914e-09
random,74,3,anchorshift,0.031249970197677612,-0.0312499962747097
random,74,3,driftgate,-0.031249985098838806,-0.0312499962747097
random,74,3,fluxpatch,-0.0625,-0.0312499962747097
random,74,3,motifbridge,-2.9802322387695312e-08,-0.0312499962747097
random,74,3,phasenest,-0.09374997019767761,-0.0312499962747097
random,74,3,phasesar,-0.031249985098838806,-0.0312499962747097
random,74,3,quorumweave,-0.0625,-0.0312499962747097
random,74,3,shardbloom,2.9802322387695312e-08,-0.0312499962747097
random,74,4,anchorshift,-2.9802322387695312e-08,0.011718750931322575
random,74,4,driftgate,-0.0625,0.011718750931322575
random,74,4,fluxpatch,0.0,0.011718750931322575
random,74,4,motifbridge,0.09374997019767761,0.011718750931322575
random,74,4,phasenest,2.2351741790771484e-08,0.011718750931322575
random,74,4,phasesar,0.062499985098838806,0.011718750931322575
random,74,4,quorumweave,0.0,0.011718750931322575
random,74,4,shardbloom,5.960464477539063e-08,0.011718750931322575
random,74,5,anchorshift,-2.9802322387695312e-08,-5.587935447692871e-09
random,74,5,driftgate,0.03125,-5.587935447692871e-09
random,74,5,fluxpatch,0.0,-5.587935447692871e-09
random,74,5,motifbridge,-0.031250014901161194,-5.587935447692871e-09
random,74,5,phasenest,-0.0625000149011612,-5.587935447692871e-09
random,74,5,phasesar,0.031250014901161194,-5.587935447692871e-09
random,74,5,quorumweave,-0.03125,-5.587935447692871e-09
random,74,5,shardbloom,0.0625,-5.587935447692871e-09
random,74,6,anchorshift,-0.03125002980232239,-0.02343750186264515
random,74,6,driftgate,-0.09375,-0.02343750186264515
random,74,6,fluxpatch,-0.03125,-0.02343750186264515
random,74,6,motifbridge,-0.031250014901161194,-0.02343750186264515
random,74,6,phasenest,0.0,-0.02343750186264515
random,74,6,phasesar,0.0,-0.02343750186264515
random,74,6,quorumweave,0.0,-0.02343750186264515
random,74,6,shardbloom,2.9802322387695312e-08,-0.02343750186264515
random,74,7,anchorshift,-0.03125002980232239,0.011718746274709702
random,74,7,driftgate,-0.09375,0.011718746274709702
random,74,7,fluxpatch,0.03125,0.011718746274709702
random,74,7,motifbridge,0.031249970197677612,0.011718746274709702
random,74,7,phasenest,0.09375,0.011718746274709702
random,74,7,phasesar,-0.03125,0.011718746274709702
random,74,7,quorumweave,0.0,0.011718746274709702
random,74,7,shardbloom,0.09375002980232239,0.011718746274709702
random,74,8,anchorshift,-2.9802322387695312e-08,0.007812492549419403
random,74,8,driftgate,-0.09375,0.007812492549419403
random,74,8,fluxpatch,-0.03125002980232239,0.007812492549419403
random,74,8,motifbridge,0.06249997019767761,0.007812492549419403
random,74,8,phasenest,0.0625,0.007812492549419403
random,74,8,phasesar,0.0625,0.007812492549419403
random,74,8,quorumweave,-0.03125,0.007812492549419403
random,74,8,shardbloom,0.03125002980232239,0.007812492549419403
random,75,1,anchorshift,0.0625,0.01171874813735485
random,75,1,driftgate,-0.03125,0.01171874813735485
random,75,1,fluxpatch,0.0,0.01171874813735485
random,75,1,motifbridge,0.031249970197677612,0.01171874813735485
random,75,1,phasenest,0.03125,0.01171874813735485
random,75,1,phasesar,0.031249985098838806,0.01171874813735485
random,75,1,quorumweave,0.0,0.01171874813735485
random,75,1,shardbloom,-0.031249970197677612,0.01171874813735485
random,75,2,anchorshift,0.031249940395355225,-0.007812499068677425
random,75,2,driftgate,-0.0312500074505806,-0.007812499068677425
random,75,2,fluxpatch,0.031250014901161194,-0.007812499068677425
random,75,2,motifbridge,-2.9802322387695312e-08,-0.007812499068677425
random,75,2,phasenest,1.4901161193847656e-08,-0.007812499068677425
random,75,2,phasesar,-0.031249985098838806,-0.007812499068677425
random,75,2,quorumweave,-0.0625,-0.007812499068677425
random,75,2,shardbloom,5.960464477539063e-08,-0.007812499068677425
random,75,3,anchorshift,-2.9802322387695312e-08,-0.0156250037252903
random,75,3,driftgate,-0.0625,-0.0156250037252903
random,75,3,fluxpatch,-0.0625,-0.0156250037252903
random,75,3,motifbridge,-0.03125,-0.0156250037252903
random,75,3,phasenest,0.031249970197677612,-0.0156250037252903
random,75,3,phasesar,0.03125,-0.0156250037252903
random,75,3,quorumweave,0.0,-0.0156250037252903
random,75,3,shardbloom,-0.031249970197677612,-0.0156250037252903
random,75,4,anchorshift,-2.9802322387695312e-08,-1.862645149230957e-09
random,75,4,driftgate,-0.03125,-1.862645149230957e-09
random,75,4,fluxpatch,0.0625,-1.862645149230957e-09
random,75,4,motifbridge,-2.9802322387695312e-08,-1.862645149230957e-09
random,75,4,phasenest,0.06250002980232239,-1.862645149230957e-09
random,75,4,phasesar,-1.4901161193847656e-08,-1.862645149230957e-09
random,75,4,quorumweave,-0.03125,-1.862645149230957e-09
random,75,4,shardbloom,-0.06249997019767761,-1.862645149230957e-09
random,75,5,anchorshift,0.0,-0.003906251862645149
random,75,5,driftgate,-0.0937499850988388,-0.003906251862645149
random,75,5,fluxpatch,0.0,-0.003906251862645149
random,75,5,motifbridge,0.06249997019767761,-0.003906251862645149
random,75,5,phasenest,0.031249970197677612,-0.003906251862645149
random,75,5,phasesar,0.03125,-0.003906251862645149
random,75,5,quorumweave,-0.0625,-0.003906251862645149
random,75,5,shardbloom,2.9802322387695312e-08,-0.003906251862645149
random,75,6,anchorshift,-0.03125,-0.015624992549419403
random,75,6,driftgate,-0.1249999850988388,-0.015624992549419403
random,75,6,fluxpatch,5.960464477539063e-08,-0.015624992549419403
random,75,6,motifbridge,0.09375,-0.015624992549419403
random,75,6,phasenest,-0.03125002980232239,-0.015624992549419403
random,75,6,phasesar,-1.4901161193847656e-08,-0.015624992549419403
random,75,6,quorumweave,-0.0625,-0.015624992549419403
random,75,6,shardbloom,0.03125002980232239,-0.015624992549419403
random,75,7,anchorshift,-0.03125002980232239,-0.0156250037252903
random,75,7,driftgate,-0.1875,-0.0156250037252903
random,75,7,fluxpatch,0.062499985098838806,-0.0156250037252903
random,75,7,motifbridge,-2.9802322387695312e-08,-0.0156250037252903
random,75,7,phasenest,0.0,-0.0156250037252903
random,75,7,phasesar,0.031250014901161194,-0.0156250037252903
random,75,7,quorumweave,-0.03125,-0.0156250037252903
random,75,7,shardbloom,0.03125002980232239,-0.0156250037252903
random,75,8,anchorshift,-5.960464477539063e-08,-0.03515624813735485
random,75,8,driftgate,-0.1250000298023224,-0.03515624813735485
random,75,8,fluxpatch,5.960464477539063e-08,-0.03515624813735485
random,75,8,motifbridge,-4.470348358154297e-08,-0.03515624813735485
random,75,8,phasenest,-0.0625,-0.03515624813735485
random,75,8,phasesar,5.960464477539063e-08,-0.03515624813735485
random,75,8,quorumweave,-0.0625,-0.03515624813735485
random,75,8,shardbloom,-0.031249970197677612,-0.03515624813735485
random,76,1,anchorshift,-0.03125002980232239,-0.019531259313225746
random,76,1,driftgate,-0.03125,-0.019531259313225746
random,76,1,fluxpatch,0.0,-0.019531259313225746
random,76,1,motifbridge,-0.031250059604644775,-0.019531259313225746
random,76,1,phasenest,-0.0625,-0.019531259313225746
random,76,1,phasesar,-0.031250014901161194,-0.019531259313225746
random,76,1,quorumweave,0.03125,-0.019531259313225746
random,76,1,shardbloom,2.9802322387695312e-08,-0.019531259313225746
random,76,2,anchorshift,0.031249910593032837,-6.51925802230835e-09
random,76,2,driftgate,-7.450580596923828e-09,-6.51925802230835e-09
random,76,2,fluxpatch,0.0,-6.51925802230835e-09
random,76,2,motifbridge,-0.031250014901161194,-6.51925802230835e-09
random,76,2,phasenest,-0.062499985098838806,-6.51925802230835e-09
random,76,2,phasesar,0.031250014901161194,-6.51925802230835e-09
random,76,2,quorumweave,0.0,-6.51925802230835e-09
random,76,2,shardbloom,0.03125002980232239,-6.51925802230835e-09
random,76,3,anchorshift,-0.031250059604644775,-0.039062511175870895
random,76,3,driftgate,-0.1249999850988388,-0.039062511175870895
random,76,3,fluxpatch,0.0,-0.039062511175870895
random,76,3,motifbridge,-0.06250005960464478,-0.039062511175870895
random,76,3,phasenest,-0.03125,-0.039062511175870895
random,76,3,phasesar,-1.4901161193847656e-08,-0.039062511175870895
random,76,3,quorumweave,-0.03125,-0.039062511175870895
random,76,3,shardbloom,-0.031249970197677612,-0.039062511175870895
random,76,4,anchorshift,0.031249940395355225,-7.450580596923828e-09
random,76,4,driftgate,-0.031249985098838806,-7.450580596923828e-09
random,76,4,fluxpatch,0.03125,-7.450580596923828e-09
random,76,4,motifbridge,-0.03125004470348358,-7.450580596923828e-09
random,76,4,phasenest,0.03125004470348358,-7.450580596923828e-09
random,76,4,phasesar,-1.4901161193847656e-08,-7.450580596923828e-09
random,76,4,quorumweave,-0.0625,-7.450580596923828e-09
random,76,4,shardbloom,0.03125,-7.450580596923828e-09
random,76,5,anchorshift,0.06249997019767761,-0.0351562574505806
random,76,5,driftgate,-0.09375,-0.0351562574505806
random,76,5,fluxpatch,0.0,-0.0351562574505806
random,76,5,motifbridge,-0.06250002980232239,-0.0351562574505806
random,76,5,phasenest,-0.0625,-0.0351562574505806
random,76,5,phasesar,-0.0625,-0.0351562574505806
random,76,5,quorumweave,-0.0625,-0.0351562574505806
random,76,5,shardbloom,0.0,-0.0351562574505806
random,76,6,anchorshift,-2.9802322387695312e-08,-0.003906251862645149
random,76,6,driftgate,-0.09375,-0.003906251862645149
random,76,6,fluxpatch,0.0,-0.003906251862645149
random,76,6,motifbridge,-1.4901161193847656e-08,-0.003906251862645149
random,76,6,phasenest,0.0,-0.003906251862645149
random,76,6,phasesar,-0.03125,-0.003906251862645149
random,76,6,quorumweave,0.0625,-0.003906251862645149
random,76,6,shardbloom,0.03125002980232239,-0.003906251862645149
random,76,7,anchorshift,-0.03125002980232239,-0.0234375037252903
random,76,7,driftgate,-0.09375,-0.0234375037252903
random,76,7,fluxpatch,0.03125,-0.0234375037252903
random,76,7,motifbridge,0.06249995529651642,-0.0234375037252903
random,76,7,phasenest,-0.0625,-0.0234375037252903
random,76,7,phasesar,1.4901161193847656e-08,-0.0234375037252903
random,76,7,quorumweave,-0.0625,-0.0234375037252903
random,76,7,shardbloom,-0.031249970197677612,-0.0234375037252903
random,76,8,anchorshift,-0.03125002980232239,-0.01171875186264515
random,76,8,driftgate,-0.1249999850988388,-0.01171875186264515
random,76,8,fluxpatch,-0.03125,-0.01171875186264515
random,76,8,motifbridge,0.031249985098838806,-0.01171875186264515
random,76,8,phasenest,2.9802322387695312e-08,-0.01171875186264515
random,76,8,phasesar,0.031249985098838806,-0.01171875186264515
random,76,8,quorumweave,-0.03125,-0.01171875186264515
random,76,8,shardbloom,0.0625,-0.01171875186264515
random,77,1,anchorshift,0.0,-1.862645149230957e-09
random,77,1,driftgate,0.03125,-1.862645149230957e-09
random,77,1,fluxpatch,-0.031250014901161194,-1.862645149230957e-09
random,77,1,motifbridge,-0.0625000149011612,-1.862645149230957e-09
random,77,1,phasenest,0.03125,-1.862645149230957e-09
random,77,1,phasesar,0.031249985098838806,-1.862645149230957e-09
random,77,1,quorumweave,-0.0625,-1.862645149230957e-09
random,77,1,shardbloom,0.06250002980232239,-1.862645149230957e-09
random,77,2,anchorshift,0.062499940395355225,0.019531243480741978
random,77,2,driftgate,-0.0625,0.019531243480741978
random,77,2,fluxpatch,0.0,0.019531243480741978
random,77,2,motifbridge,0.06249997019767761,0.019531243480741978
random,77,2,phasenest,0.0312500074505806,0.019531243480741978
random,77,2,phasesar,0.0,0.019531243480741978
random,77,2,quorumweave,0.0,0.019531243480741978
random,77,2,shardbloom,0.06250002980232239,0.019531243480741978
random,77,3,anchorshift,-0.06250002980232239,0.0039062462747097015
random,77,3,driftgate,-0.0625,0.0039062462747097015
random,77,3,fluxpatch,0.03125,0.0039062462747097015
random,77,3,motifbridge,0.06249997019767761,0.0039062462747097015
random,77,3,phasenest,0.0,0.0039062462747097015
random,77,3,phasesar,0.03125,0.0039062462747097015
random,77,3,quorumweave,0.03125,0.0039062462747097015
random,77,3,shardbloom,2.9802322387695312e-08,0.0039062462747097015
random,77,4,anchorshift,-2.9802322387695312e-08,-0.02734375186264515
random,77,4,driftgate,-0.03125,-0.02734375186264515
random,77,4,fluxpatch,-0.0625,-0.02734375186264515
random,77,4,motifbridge,-0.03125002980232239,-0.02734375186264515
random,77,4,phasenest,-0.031249992549419403,-0.02734375186264515
random,77,4,phasesar,7.450580596923828e-09,-0.02734375186264515
random,77,4,quorumweave,-0.03125,-0.02734375186264515
random,77,4,shardbloom,-0.031249970197677612,-0.02734375186264515
random,77,5,anchorshift,-2.9802322387695312e-08,0.011718744412064552
random,77,5,driftgate,-1.4901161193847656e-08,0.011718744412064552
random,77,5,fluxpatch,0.0,0.011718744412064552
random,77,5,motifbridge,0.031249970197677612,0.011718744412064552
random,77,5,phasenest,0.0625,0.011718744412064552
random,77,5,phasesar,0.03125,0.011718744412064552
random,77,5,quorumweave,-0.0625,0.011718744412064552
random,77,5,shardbloom,0.03125002980232239,0.011718744412064552
random,77,6,anchorshift,-5.960464477539063e-08,0.02343748603016138
random,77,6,driftgate,-0.031250014901161194,0.02343748603016138
random,77,6,fluxpatch,0.0625,0.02343748603016138
random,77,6,motifbridge,0.062499985098838806,0.02343748603016138
random,77,6,phasenest,0.03124997764825821,0.02343748603016138
random,77,6,phasesar,0.0625,0.02343748603016138
random,77,6,quorumweave,0.03125,0.02343748603016138
random,77,6,shardbloom,-0.03125,0.02343748603016138
random,77,7,anchorshift,0.0,2.7939677238464355e-09
random,77,7,driftgate,-0.0625000074505806,2.7939677238464355e-09
random,77,7,fluxpatch,0.0,2.7939677238464355e-09
random,77,7,motifbridge,-0.031250014901161194,2.7939677238464355e-09
random,77,7,phasenest,0.0312500074505806,2.7939677238464355e-09
random,77,7,phasesar,0.0,2.7939677238464355e-09
random,77,7,quorumweave,0.0,2.7939677238464355e-09
random,77,7,shardbloom,0.06250003725290298,2.7939677238464355e-09
random,77,8,anchorshift,-0.06250002980232239,-0.0156250037252903
random,77,8,driftgate,-0.03125,-0.0156250037252903
random,77,8,fluxpatch,-0.0625,-0.0156250037252903
random,77,8,motifbridge,-0.03125002980232239,-0.0156250037252903
random,77,8,phasenest,0.03125,-0.0156250037252903
random,77,8,phasesar,-0.03125,-0.0156250037252903
random,77,8,quorumweave,0.03125,-0.0156250037252903
random,77,8,shardbloom,0.03125002980232239,-0.0156250037252903
random,78,1,anchorshift,-0.031250059604644775,0.0078124916180968285
random,78,1,driftgate,-0.0625000074505806,0.0078124916180968285
random,78,1,fluxpatch,0.0625,0.0078124916180968285
random,78,1,motifbridge,0.06249997019767761,0.0078124916180968285
random,78,1,phasenest,0.0,0.0078124916180968285
random,78,1,phasesar,0.03125,0.0078124916180968285
random,78,1,quorumweave,-0.03125,0.0078124916180968285
random,78,1,shardbloom,0.03125002980232239,0.0078124916180968285
random,78,2,anchorshift,-0.06250005960464478,-0.03125000186264515
random,78,2,driftgate,-0.0625,-0.03125000186264515
random,78,2,fluxpatch,2.9802322387695312e-08,-0.03125000186264515
random,78,2,motifbridge,-2.9802322387695312e-08,-0.03125000186264515
random,78,2,phasenest,-0.0625,-0.03125000186264515
random,78,2,phasesar,-1.4901161193847656e-08,-0.03125000186264515
random,78,2,quorumweave,-0.03125,-0.03125000186264515
random,78,2,shardbloom,-0.031249940395355225,-0.03125000186264515
random,78,3,anchorshift,-2.9802322387695312e-08,-0.015624996274709702
random,78,3,driftgate,1.4901161193847656e-08,-0.015624996274709702
random,78,3,fluxpatch,-0.09375,-0.015624996274709702
random,78,3,motifbridge,0.0625,-0.015624996274709702
random,78,3,phasenest,-0.03125,-0.015624996274709702
random,78,3,phasesar,-0.031249985098838806,-0.015624996274709702
random,78,3,quorumweave,0.0,-0.015624996274709702
random,78,3,shardbloom,-0.031249970197677612,-0.015624996274709702
random,78,4,anchorshift,-0.03125002980232239,0.015624996274709702
random,78,4,driftgate,-0.031250014901161194,0.015624996274709702
random,78,4,fluxpatch,0.0625,0.015624996274709702
random,78,4,motifbridge,0.031249970197677612,0.015624996274709702
random,78,4,phasenest,2.9802322387695312e-08,0.015624996274709702
random,78,4,phasesar,0.031249985098838806,0.015624996274709702
random,78,4,quorumweave,-0.03125,0.015624996274709702
random,78,4,shardbloom,0.09375002980232239,0.015624996274709702
random,78,5,anchorshift,0.0625,-0.01171875
random,78,5,driftgate,-0.03125,-0.01171875
random,78,5,fluxpatch,-0.0625,-0.01171875
random,78,5,motifbridge,-0.03125002980232239,-0.01171875
random,78,5,phasenest,-0.03125,-0.01171875
random,78,5,phasesar,0.0625,-0.01171875
random,78,5,quorumweave,-0.0625,-0.01171875
random,78,5,shardbloom,2.9802322387695312e-08,-0.01171875
random,78,6,anchorshift,-5.960464477539063e-08,-7.450580596923828e-09
random,78,6,driftgate,-0.0625,-7.450580596923828e-09
random,78,6,fluxpatch,0.03125,-7.450580596923828e-09
random,78,6,motifbridge,0.031249962747097015,-7.450580596923828e-09
random,78,6,phasenest,-2.2351741790771484e-08,-7.450580596923828e-09
random,78,6,phasesar,0.0,-7.450580596923828e-09
random,78,6,quorumweave,0.03125,-7.450580596923828e-09
random,78,6,shardbloom,-0.031249940395355225,-7.450580596923828e-09
random,78,7,anchorshift,0.062499940395355225,-0.023437504656612873
random,78,7,driftgate,-0.0625000074505806,-0.023437504656612873
random,78,7,fluxpatch,-0.0625,-0.023437504656612873
random,78,7,motifbridge,0.0,-0.023437504656612873
random,78,7,phasenest,-0.0625,-0.023437504656612873
random,78,7,phasesar,-0.03125,-0.023437504656612873
random,78,7,quorumweave,-0.03125,-0.023437504656612873
random,78,7,shardbloom,2.9802322387695312e-08,-0.023437504656612873
random,78,8,anchorshift,-0.06250005960464478,-0.019531259313225746
random,78,8,driftgate,-0.0625,-0.019531259313225746
random,78,8,fluxpatch,0.0,-0.019531259313225746
random,78,8,motifbridge,0.03124995529651642,-0.019531259313225746
random,78,8,phasenest,-0.03125,-0.019531259313225746
random,78,8,phasesar,0.03125002980232239,-0.019531259313225746
random,78,8,quorumweave,-0.03125,-0.019531259313225746
random,78,8,shardbloom,-0.03125,-0.019531259313225746
random,79,1,anchorshift,0.031249940395355225,0.003906240686774254
random,79,1,driftgate,-0.03125,0.003906240686774254
random,79,1,fluxpatch,0.0,0.003906240686774254
random,79,1,motifbridge,-1.4901161193847656e-08,0.003906240686774254
random,79,1,phasenest,-0.03125,0.003906240686774254
random,79,1,phasesar,0.03125,0.003906240686774254
random,79,1,quorumweave,0.0,0.003906240686774254
random,79,1,shardbloom,0.03125,0.003906240686774254
random,79,2,anchorshift,-5.960464477539063e-08,-0.019531257450580597
random,79,2,driftgate,-0.0937500149011612,-0.019531257450580597
random,79,2,fluxpatch,-0.031249985098838806,-0.019531257450580597
random,79,2,motifbridge,0.031249970197677612,-0.019531257450580597
random,79,2,phasenest,-0.03125,-0.019531257450580597
random,79,2,phasesar,0.03125,-0.019531257450580597
random,79,2,quorumweave,0.0,-0.019531257450580597
random,79,2,shardbloom,-0.06249997019767761,-0.019531257450580597
random,79,3,anchorshift,-2.9802322387695312e-08,-0.0039062537252902985
random,79,3,driftgate,-0.0625,-0.0039062537252902985
random,79,3,fluxpatch,-0.03125,-0.0039062537252902985
random,79,3,motifbridge,0.062499985098838806,-0.0039062537252902985
random,79,3,phasenest,0.031250014901161194,-0.0039062537252902985
random,79,3,phasesar,0.0,-0.0039062537252902985
random,79,3,quorumweave,0.0,-0.0039062537252902985
random,79,3,shardbloom,-0.03125,-0.0039062537252902985
random,79,4,anchorshift,-2.9802322387695312e-08,-0.03125000186264515
random,79,4,driftgate,-0.0937499850988388,-0.03125000186264515
random,79,4,fluxpatch,-0.03125,-0.03125000186264515
random,79,4,motifbridge,-1.4901161193847656e-08,-0.03125000186264515
random,79,4,phasenest,0.0,-0.03125000186264515
random,79,4,phasesar,-0.031249985098838806,-0.03125000186264515
random,79,4,quorumweave,-0.03125,-0.03125000186264515
random,79,4,shardbloom,-0.0625,-0.03125000186264515
random,79,5,anchorshift,-2.9802322387695312e-08,-0.050781252793967724
random,79,5,driftgate,-0.0625,-0.050781252793967724
random,79,5,fluxpatch,-0.09375,-0.050781252793967724
random,79,5,motifbridge,-2.9802322387695312e-08,-0.050781252793967724
random,79,5,phasenest,-0.0625,-0.050781252793967724
random,79,5,phasesar,0.0,-0.050781252793967724
random,79,5,quorumweave,-0.125,-0.050781252793967724
random,79,5,shardbloom,-0.062499962747097015,-0.050781252793967724
random,79,6,anchorshift,-0.06250002980232239,-0.03515623137354851
random,79,6,driftgate,-0.031249985098838806,-0.03515623137354851
random,79,6,fluxpatch,-0.062499940395355225,-0.03515623137354851
random,79,6,motifbridge,0.0,-0.03515623137354851
random,79,6,phasenest,-0.031249985098838806,-0.03515623137354851
random,79,6,phasesar,-0.09374994039535522,-0.03515623137354851
random,79,6,quorumweave,0.03125,-0.03515623137354851
random,79,6,shardbloom,-0.031249970197677612,-0.03515623137354851
random,79,7,anchorshift,-0.03125002980232239,-0.02343749813735485
random,79,7,driftgate,-0.0625,-0.02343749813735485
random,79,7,fluxpatch,0.0,-0.02343749813735485
random,79,7,motifbridge,-0.031250014901161194,-0.02343749813735485
random,79,7,phasenest,-0.062499985098838806,-0.02343749813735485
random,79,7,phasesar,-0.031249985098838806,-0.02343749813735485
random,79,7,quorumweave,0.0625,-0.02343749813735485
random,79,7,shardbloom,-0.031249970197677612,-0.02343749813735485
random,79,8,anchorshift,-0.06250002980232239,-0.0390625
random,79,8,driftgate,-0.062499985098838806,-0.0390625
random,79,8,fluxpatch,-0.03125,-0.0390625
random,79,8,motifbridge,-1.4901161193847656e-08,-0.0390625
random,79,8,phasenest,-0.03125,-0.0390625
random,79,8,phasesar,-0.0625,-0.0390625
random,79,8,quorumweave,-0.03125,-0.0390625
random,79,8,shardbloom,-0.031249970197677612,-0.0390625
random,80,1,anchorshift,-0.03125002980232239,-0.015625004656612873
random,80,1,driftgate,-0.0312500074505806,-0.015625004656612873
random,80,1,fluxpatch,-0.0625,-0.015625004656612873
random,80,1,motifbridge,-2.9802322387695312e-08,-0.015625004656612873
random,80,1,phasenest,-0.03125,-0.015625004656612873
random,80,1,phasesar,0.0,-0.015625004656612873
random,80,1,quorumweave,0.0,-0.015625004656612873
random,80,1,shardbloom,0.03125002980232239,-0.015625004656612873
random,80,2,anchorshift,-0.03125,0.02734374813735485
random,80,2,driftgate,0.031249985098838806,0.02734374813735485
random,80,2,fluxpatch,0.09375,0.02734374813735485
random,80,2,motifbridge,0.031249970197677612,0.02734374813735485
random,80,2,phasenest,-0.03125,0.02734374813735485
random,80,2,phasesar,0.0625,0.02734374813735485
random,80,2,quorumweave,0.03125,0.02734374813735485
random,80,2,shardbloom,0.03125002980232239,0.02734374813735485
random,80,3,anchorshift,-0.031250059604644775,-0.01562499813735485
random,80,3,driftgate,-0.06249997019767761,-0.01562499813735485
random,80,3,fluxpatch,-0.03125,-0.01562499813735485
random,80,3,motifbridge,0.031249985098838806,-0.01562499813735485
random,80,3,phasenest,-0.03125,-0.01562499813735485
random,80,3,phasesar,-0.031249970197677612,-0.01562499813735485
random,80,3,quorumweave,0.0,-0.01562499813735485
random,80,3,shardbloom,0.03125002980232239,-0.01562499813735485
random,80,4,anchorshift,0.06249997019767761,0.0390625037252903
random,80,4,driftgate,-0.03125,0.0390625037252903
random,80,4,fluxpatch,0.062499985098838806,0.0390625037252903
random,80,4,motifbridge,-2.9802322387695312e-08,0.0390625037252903
random,80,4,phasenest,0.0625000149011612,0.0390625037252903
random,80,4,phasesar,0.03125002980232239,0.0390625037252903
random,80,4,quorumweave,0.09375,0.0390625037252903
random,80,4,shardbloom,0.031250059604644775,0.0390625037252903
random,80,5,anchorshift,0.031249940395355225,0.0039062434807419777
random,80,5,driftgate,-0.0312500074505806,0.0039062434807419777
random,80,5,fluxpatch,0.03125,0.0039062434807419777
random,80,5,motifbridge,-0.03125,0.0039062434807419777
random,80,5,phasenest,-0.03125,0.0039062434807419777
random,80,5,phasesar,0.062499985098838806,0.0039062434807419777
random,80,5,quorumweave,0.0,0.0039062434807419777
random,80,5,shardbloom,2.9802322387695312e-08,0.0039062434807419777
random,80,6,anchorshift,-0.09375002980232239,-0.01171874813735485
random,80,6,driftgate,-0.06249997019767761,-0.01171874813735485
random,80,6,fluxpatch,-0.031249970197677612,-0.01171874813735485
random,80,6,motifbridge,-2.9802322387695312e-08,-0.01171874813735485
random,80,6,phasenest,0.0625,-0.01171874813735485
random,80,6,phasesar,0.031250014901161194,-0.01171874813735485
random,80,6,quorumweave,0.0,-0.01171874813735485
random,80,6,shardbloom,0.0,-0.01171874813735485
random,80,7,anchorshift,-2.9802322387695312e-08,-0.0039062537252902985
random,80,7,driftgate,-0.09375,-0.0039062537252902985
random,80,7,fluxpatch,0.0,-0.0039062537252902985
random,80,7,motifbridge,-0.03125,-0.0039062537252902985
random,80,7,phasenest,0.0625,-0.0039062537252902985
random,80,7,phasesar,0.03125,-0.0039062537252902985
random,80,7,quorumweave,0.03125,-0.0039062537252902985
random,80,7,shardbloom,-0.03125,-0.0039062537252902985
random,80,8,anchorshift,0.031249970197677612,0.01953124813735485
random,80,8,driftgate,-7.450580596923828e-09,0.01953124813735485
random,80,8,fluxpatch,0.03125,0.01953124813735485
random,80,8,motifbridge,-1.4901161193847656e-08,0.01953124813735485
random,80,8,phasenest,-0.031249992549419403,0.01953124813735485
random,80,8,phasesar,0.0625,0.01953124813735485
random,80,8,quorumweave,0.0,0.01953124813735485
random,80,8,shardbloom,0.06250002980232239,0.01953124813735485
random,81,1,anchorshift,-2.9802322387695312e-08,0.0039062481373548508
random,81,1,driftgate,-0.03125,0.0039062481373548508
random,81,1,fluxpatch,0.03125,0.0039062481373548508
random,81,1,motifbridge,0.031249970197677612,0.0039062481373548508
random,81,1,phasenest,-0.03125,0.0039062481373548508
random,81,1,phasesar,-1.4901161193847656e-08,0.0039062481373548508
random,81,1,quorumweave,0.03125,0.0039062481373548508
random,81,1,shardbloom,5.960464477539063e-08,0.0039062481373548508
random,81,2,anchorshift,0.031249940395355225,-0.01562500186264515
random,81,2,driftgate,-0.062499985098838806,-0.01562500186264515
random,81,2,fluxpatch,0.03125,-0.01562500186264515
random,81,2,motifbridge,-0.031250014901161194,-0.01562500186264515
random,81,2,phasenest,-0.062499985098838806,-0.01562500186264515
random,81,2,phasesar,0.0,-0.01562500186264515
random,81,2,quorumweave,0.0,-0.01562500186264515
random,81,2,shardbloom,-0.031249970197677612,-0.01562500186264515
random,81,3,anchorshift,-0.06250002980232239,-0.007812498137354851
random,81,3,driftgate,-0.031249985098838806,-0.007812498137354851
random,81,3,fluxpatch,0.03125,-0.007812498137354851
random,81,3,motifbridge,-0.03125004470348358,-0.007812498137354851
random,81,3,phasenest,0.0,-0.007812498137354851
random,81,3,phasesar,0.031250014901161194,-0.007812498137354851
random,81,3,quorumweave,0.03125,-0.007812498137354851
random,81,3,shardbloom,-0.031249940395355225,-0.007812498137354851
random,81,4,anchorshift,0.031249970197677612,0.0039062462747097015
random,81,4,driftgate,-0.03125,0.0039062462747097015
random,81,4,fluxpatch,-0.09375,0.0039062462747097015
random,81,4,motifbridge,0.09374997019767761,0.0039062462747097015
random,81,4,phasenest,0.03125,0.0039062462747097015
random,81,4,phasesar,0.0,0.0039062462747097015
random,81,4,quorumweave,0.0,0.0039062462747097015
random,81,4,shardbloom,2.9802322387695312e-08,0.0039062462747097015
random,81,5,anchorshift,-2.9802322387695312e-08,0.0039062462747097015
random,81,5,driftgate,-0.0625,0.0039062462747097015
random,81,5,fluxpatch,-0.03125,0.0039062462747097015
random,81,5,motifbridge,0.06249997019767761,0.0039062462747097015
random,81,5,phasenest,0.0,0.0039062462747097015
random,81,5,phasesar,0.03125,0.0039062462747097015
random,81,5,quorumweave,0.0,0.0039062462747097015
random,81,5,shardbloom,0.03125002980232239,0.0039062462747097015
random,81,6,anchorshift,0.0,-0.0039062481373548508
random,81,6,driftgate,-0.062499985098838806,-0.0039062481373548508
random,81,6,fluxpatch,-0.03125,-0.0039062481373548508
random,81,6,motifbridge,-2.9802322387695312e-08,-0.0039062481373548508
random,81,6,phasenest,0.0,-0.0039062481373548508
random,81,6,phasesar,-0.03125,-0.0039062481373548508
random,81,6,quorumweave,0.03125,-0.0039062481373548508
random,81,6,shardbloom,0.06250002980232239,-0.0039062481373548508
random,81,7,anchorshift,-0.03125002980232239,-0.01562500186264515
random,81,7,driftgate,-0.0625,-0.01562500186264515
random,81,7,fluxpatch,0.0,-0.01562500186264515
random,81,7,motifbridge,0.031249985098838806,-0.01562500186264515
random,81,7,phasenest,0.0,-0.01562500186264515
random,81,7,phasesar,-0.03125,-0.01562500186264515
random,81,7,quorumweave,-0.03125,-0.01562500186264515
random,81,7,shardbloom,2.9802322387695312e-08,-0.01562500186264515
random,81,8,anchorshift,0.031249970197677612,0.0039062444120645523
random,81,8,driftgate,-0.03125,0.0039062444120645523
random,81,8,fluxpatch,-0.03125,0.0039062444120645523
random,81,8,motifbridge,-4.470348358154297e-08,0.0039062444120645523
random,81,8,phasenest,0.0,0.0039062444120645523
random,81,8,phasesar,0.03125,0.0039062444120645523
random,81,8,quorumweave,0.0,0.0039062444120645523
random,81,8,shardbloom,0.03125002980232239,0.0039062444120645523
random,82,1,anchorshift,0.06249997019767761,0.007812490686774254
random,82,1,driftgate,0.0,0.007812490686774254
random,82,1,fluxpatch,-0.03125,0.007812490686774254
random,82,1,motifbridge,0.03124995529651642,0.007812490686774254
random,82,1,phasenest,-0.09375,0.007812490686774254
random,82,1,phasesar,0.03125,0.007812490686774254
random,82,1,quorumweave,0.03125,0.007812490686774254
random,82,1,shardbloom,0.03125,0.007812490686774254
random,82,2,anchorshift,0.031249940395355225,0.0234374962747097
random,82,2,driftgate,-0.031249985098838806,0.0234374962747097
random,82,2,fluxpatch,0.03125,0.0234374962747097
random,82,2,motifbridge,-2.9802322387695312e-08,0.0234374962747097
random,82,2,phasenest,0.0625000149011612,0.0234374962747097
random,82,2,phasesar,0.0625,0.0234374962747097
random,82,2,quorumweave,-0.03125,0.0234374962747097
random,82,2,shardbloom,0.06250002980232239,0.0234374962747097
random,82,3,anchorshift,-0.03125008940696716,0.035156238824129105
random,82,3,driftgate,-0.0625,0.035156238824129105
random,82,3,fluxpatch,0.0625,0.035156238824129105
random,82,3,motifbridge,0.06249997019767761,0.035156238824129105
random,82,3,phasenest,0.0625,0.035156238824129105
random,82,3,phasesar,0.0625,0.035156238824129105
random,82,3,quorumweave,0.0625,0.035156238824129105
random,82,3,shardbloom,0.06250002980232239,0.035156238824129105
random,82,4,anchorshift,-2.9802322387695312e-08,-0.01171875186264515
random,82,4,driftgate,-0.062499985098838806,-0.01171875186264515
random,82,4,fluxpatch,-0.03125,-0.01171875186264515
random,82,4,motifbridge,0.031249970197677612,-0.01171875186264515
random,82,4,phasenest,-0.03125,-0.01171875186264515
random,82,4,phasesar,0.03125,-0.01171875186264515
random,82,4,quorumweave,0.0,-0.01171875186264515
random,82,4,shardbloom,-0.031249970197677612,-0.01171875186264515
random,82,5,anchorshift,-0.03125002980232239,0.0039062444120645523
random,82,5,driftgate,-0.062499985098838806,0.0039062444120645523
random,82,5,fluxpatch,0.03125,0.0039062444120645523
random,82,5,motifbridge,-0.03125004470348358,0.0039062444120645523
random,82,5,phasenest,0.0625,0.0039062444120645523
random,82,5,phasesar,-1.4901161193847656e-08,0.0039062444120645523
random,82,5,quorumweave,0.0,0.0039062444120645523
random,82,5,shardbloom,0.06250002980232239,0.0039062444120645523
random,82,6,anchorshift,-5.960464477539063e-08,-0.003906256519258022
random,82,6,driftgate,-0.125,-0.003906256519258022
random,82,6,fluxpatch,-0.0625,-0.003906256519258022
random,82,6,motifbridge,0.03124995529651642,-0.003906256519258022
random,82,6,phasenest,7.450580596923828e-09,-0.003906256519258022
random,82,6,phasesar,1.4901161193847656e-08,-0.003906256519258022
random,82,6,quorumweave,0.0,-0.003906256519258022
random,82,6,shardbloom,0.1250000298023224,-0.003906256519258022
random,82,7,anchorshift,2.9802322387695312e-08,0.007812503725290298
random,82,7,driftgate,-0.03125,0.007812503725290298
random,82,7,fluxpatch,0.0,0.007812503725290298
random,82,7,motifbridge,0.031249970197677612,0.007812503725290298
random,82,7,phasenest,0.03125,0.007812503725290298
random,82,7,phasesar,0.09375,0.007812503725290298
random,82,7,quorumweave,-0.0625,0.007812503725290298
random,82,7,shardbloom,2.9802322387695312e-08,0.007812503725290298
random,82,8,anchorshift,-0.03125,0.019531255587935448
random,82,8,driftgate,-0.0625,0.019531255587935448
random,82,8,fluxpatch,0.0625,0.019531255587935448
random,82,8,motifbridge,-2.9802322387695312e-08,0.019531255587935448
random,82,8,phasenest,0.0,0.019531255587935448
random,82,8,phasesar,0.0937500149011612,0.019531255587935448
random,82,8,quorumweave,0.09375,0.019531255587935448
random,82,8,shardbloom,5.960464477539063e-08,0.019531255587935448
random,83,1,anchorshift,-0.09375005960464478,-0.015625004656612873
random,83,1,driftgate,-0.0937500149011612,-0.015625004656612873
random,83,1,fluxpatch,0.0625,-0.015625004656612873
random,83,1,motifbridge,-2.9802322387695312e-08,-0.015625004656612873
random,83,1,phasenest,7.450580596923828e-09,-0.015625004656612873
random,83,1,phasesar,0.0,-0.015625004656612873
random,83,1,quorumweave,-0.03125,-0.015625004656612873
random,83,1,shardbloom,0.031250059604644775,-0.015625004656612873
random,83,2,anchorshift,-0.031250059604644775,-0.015625007450580597
random,83,2,driftgate,-0.03125,-0.015625007450580597
random,83,2,fluxpatch,0.031249985098838806,-0.015625007450580597
random,83,2,motifbridge,1.4901161193847656e-08,-0.015625007450580597
random,83,2,phasenest,-0.03125,-0.015625007450580597
random,83,2,phasesar,-0.03125,-0.015625007450580597
random,83,2,quorumweave,-0.0625,-0.015625007450580597
random,83,2,shardbloom,0.03125,-0.015625007450580597
random,83,3,anchorshift,-0.03125002980232239,0.0
random,83,3,driftgate,-0.03125,0.0
random,83,3,fluxpatch,-0.03125,0.0
random,83,3,motifbridge,0.03125,0.0
random,83,3,phasenest,-0.03125,0.0
random,83,3,phasesar,0.0625,0.0
random,83,3,quorumweave,0.03125,0.0
random,83,3,shardbloom,2.9802322387695312e-08,0.0
random,83,4,anchorshift,-2.9802322387695312e-08,0.007812489755451679
random,83,4,driftgate,-0.0625000074505806,0.007812489755451679
random,83,4,fluxpatch,0.0,0.007812489755451679
random,83,4,motifbridge,0.06249995529651642,0.007812489755451679
random,83,4,phasenest,0.0,0.007812489755451679
random,83,4,phasesar,-0.03125,0.007812489755451679
random,83,4,quorumweave,0.03125,0.007812489755451679
random,83,4,shardbloom,0.0625,0.007812489755451679
random,83,5,anchorshift,-2.9802322387695312e-08,-0.019531257450580597
random,83,5,driftgate,-0.09375,-0.019531257450580597
random,83,5,fluxpatch,-0.03125,-0.019531257450580597
random,83,5,motifbridge,0.03124995529651642,-0.019531257450580597
random,83,5,phasenest,-0.0625,-0.019531257450580597
random,83,5,phasesar,-1.4901161193847656e-08,-0.019531257450580597
random,83,5,quorumweave,0.0,-0.019531257450580597
random,83,5,shardbloom,2.9802322387695312e-08,-0.019531257450580597
random,83,6,anchorshift,-5.960464477539063e-08,0.019531240686774254
random,83,6,driftgate,-0.0625,0.019531240686774254
random,83,6,fluxpatch,-0.03125002980232239,0.019531240686774254
random,83,6,motifbridge,0.06249997019767761,0.019531240686774254
random,83,6,phasenest,0.031250014901161194,0.019531240686774254
random,83,6,phasesar,0.09375,0.019531240686774254
random,83,6,quorumweave,0.0,0.019531240686774254
random,83,6,shardbloom,0.06250002980232239,0.019531240686774254
random,83,7,anchorshift,-8.940696716308594e-08,0.015624990686774254
random,83,7,driftgate,-0.03125,0.015624990686774254
random,83,7,fluxpatch,-0.03125002980232239,0.015624990686774254
random,83,7,motifbridge,-1.4901161193847656e-08,0.015624990686774254
random,83,7,phasenest,-0.03125,0.015624990686774254
random,83,7,phasesar,0.0625,0.015624990686774254
random,83,7,quorumweave,0.03125,0.015624990686774254
random,83,7,shardbloom,0.12500005960464478,0.015624990686774254
random,83,8,anchorshift,-0.031250059604644775,-0.003906259313225746
random,83,8,driftgate,-0.0625,-0.003906259313225746
random,83,8,fluxpatch,-0.03125,-0.003906259313225746
random,83,8,motifbridge,-1.4901161193847656e-08,-0.003906259313225746
random,83,8,phasenest,0.0,-0.003906259313225746
random,83,8,phasesar,0.0,-0.003906259313225746
random,83,8,quorumweave,0.09375,-0.003906259313225746
random,83,8,shardbloom,0.0,-0.003906259313225746
random,84,1,anchorshift,-0.03125002980232239,0.0039062462747097015
random,84,1,driftgate,0.0,0.0039062462747097015
random,84,1,fluxpatch,-0.09375,0.0039062462747097015
random,84,1,motifbridge,0.062499985098838806,0.0039062462747097015
random,84,1,phasenest,-0.031250014901161194,0.0039062462747097015
random,84,1,phasesar,0.03125,0.0039062462747097015
random,84,1,quorumweave,0.03125,0.0039062462747097015
random,84,1,shardbloom,0.06250002980232239,0.0039062462747097015
random,84,2,anchorshift,0.03125,-0.011718746274709702
random,84,2,driftgate,-0.0937499850988388,-0.011718746274709702
random,84,2,fluxpatch,-0.0625,-0.011718746274709702
random,84,2,motifbridge,0.031249985098838806,-0.011718746274709702
random,84,2,phasenest,0.03125,-0.011718746274709702
random,84,2,phasesar,0.0625,-0.011718746274709702
random,84,2,quorumweave,-0.09375,-0.011718746274709702
random,84,2,shardbloom,2.9802322387695312e-08,-0.011718746274709702
random,84,3,anchorshift,0.031249970197677612,-0.003906251862645149
random,84,3,driftgate,-0.06249997019767761,-0.003906251862645149
random,84,3,fluxpatch,-0.09375,-0.003906251862645149
random,84,3,motifbridge,0.06249997019767761,-0.003906251862645149
random,84,3,phasenest,0.0,-0.003906251862645149
random,84,3,phasesar,0.031249985098838806,-0.003906251862645149
random,84,3,quorumweave,0.0,-0.003906251862645149
random,84,3,shardbloom,2.9802322387695312e-08,-0.003906251862645149
random,84,4,anchorshift,0.031249970197677612,-0.003906251862645149
random,84,4,driftgate,0.0,-0.003906251862645149
random,84,4,fluxpatch,-0.03125,-0.003906251862645149
random,84,4,motifbridge,-0.0625000149011612,-0.003906251862645149
random,84,4,phasenest,-0.03125,-0.003906251862645149
random,84,4,phasesar,0.0625,-0.003906251862645149
random,84,4,quorumweave,0.03125,-0.003906251862645149
random,84,4,shardbloom,-0.031249970197677612,-0.003906251862645149
random,84,5,anchorshift,-2.9802322387695312e-08,0.011718745343387127
random,84,5,driftgate,-0.09375,0.011718745343387127
random,84,5,fluxpatch,0.0,0.011718745343387127
random,84,5,motifbridge,0.031249970197677612,0.011718745343387127
random,84,5,phasenest,0.0312500074505806,0.011718745343387127
random,84,5,phasesar,0.031249985098838806,0.011718745343387127
random,84,5,quorumweave,0.03125,0.011718745343387127
random,84,5,shardbloom,0.06250002980232239,0.011718745343387127
random,84,6,anchorshift,0.031249970197677612,0.03124999813735485
random,84,6,driftgate,1.4901161193847656e-08,0.03124999813735485
random,84,6,fluxpatch,0.03125,0.03124999813735485
random,84,6,motifbridge,0.06249995529651642,0.03124999813735485
random,84,6,phasenest,0.03125,0.03124999813735485
random,84,6,phasesar,0.0937500149011612,0.03124999813735485
random,84,6,quorumweave,0.0,0.03124999813735485
random,84,6,shardbloom,2.9802322387695312e-08,0.03124999813735485
random,84,7,anchorshift,-2.9802322387695312e-08,0.015624990686774254
random,84,7,driftgate,0.06249997019767761,0.015624990686774254
random,84,7,fluxpatch,-0.0625000149011612,0.015624990686774254
random,84,7,motifbridge,-0.03125002980232239,0.015624990686774254
random,84,7,phasenest,0.03125,0.015624990686774254
random,84,7,phasesar,0.0625,0.015624990686774254
random,84,7,quorumweave,0.0625,0.015624990686774254
random,84,7,shardbloom,2.9802322387695312e-08,0.015624990686774254
random,84,8,anchorshift,2.9802322387695312e-08,-0.0078125
random,84,8,driftgate,-0.031250014901161194,-0.0078125
random,84,8,fluxpatch,-0.031250014901161194,-0.0078125
random,84,8,motifbridge,-2.9802322387695312e-08,-0.0078125
random,84,8,phasenest,0.03125,-0.0078125
random,84,8,phasesar,0.03125,-0.0078125
random,84,8,quorumweave,-0.0625,-0.0078125
random,84,8,shardbloom,2.9802322387695312e-08,-0.0078125
random,85,1,anchorshift,-0.03125002980232239,-0.0078125
random,85,1,driftgate,-0.0625000149011612,-0.0078125
random,85,1,fluxpatch,-0.03125,-0.0078125
random,85,1,motifbridge,0.031249985098838806,-0.0078125
random,85,1,phasenest,-0.031249985098838806,-0.0078125
random,85,1,phasesar,1.4901161193847656e-08,-0.0078125
random,85,1,quorumweave,0.0,-0.0078125
random,85,1,shardbloom,0.06250002980232239,-0.0078125
random,85,2,anchorshift,0.09374997019767761,-9.313225746154785e-10
random,85,2,driftgate,-0.0625,-9.313225746154785e-10
random,85,2,fluxpatch,0.0,-9.313225746154785e-10
random,85,2,motifbridge,-2.9802322387695312e-08,-9.313225746154785e-10
random,85,2,phasenest,-0.031249992549419403,-9.313225746154785e-10
random,85,2,phasesar,1.4901161193847656e-08,-9.313225746154785e-10
random,85,2,quorumweave,0.03125,-9.313225746154785e-10
random,85,2,shardbloom,-0.031249970197677612,-9.313225746154785e-10
random,85,3,anchorshift,0.031249970197677612,0.003906242549419403
random,85,3,driftgate,-0.031249985098838806,0.003906242549419403
random,85,3,fluxpatch,0.0625,0.003906242549419403
random,85,3,motifbridge,-2.9802322387695312e-08,0.003906242549419403
random,85,3,phasenest,-1.4901161193847656e-08,0.003906242549419403
random,85,3,phasesar,0.0,0.003906242549419403
random,85,3,quorumweave,-0.03125,0.003906242549419403
random,85,3,shardbloom,0.0,0.003906242549419403
random,85,4,anchorshift,-2.9802322387695312e-08,0.00781250186264515
random,85,4,driftgate,-0.03125,0.00781250186264515
random,85,4,fluxpatch,-0.03125,0.00781250186264515
random,85,4,motifbridge,0.031249970197677612,0.00781250186264515
random,85,4,phasenest,0.0,0.00781250186264515
random,85,4,phasesar,0.031250014901161194,0.00781250186264515
random,85,4,quorumweave,0.03125,0.00781250186264515
random,85,4,shardbloom,0.031250059604644775,0.00781250186264515
random,85,5,anchorshift,-5.960464477539063e-08,-3.725290298461914e-09
random,85,5,driftgate,0.0,-3.725290298461914e-09
random,85,5,fluxpatch,-0.06249997019767761,-3.725290298461914e-09
random,85,5,motifbridge,0.031249970197677612,-3.725290298461914e-09
random,85,5,phasenest,0.03125,-3.725290298461914e-09
random,85,5,phasesar,0.03125,-3.725290298461914e-09
random,85,5,quorumweave,-0.03125,-3.725290298461914e-09
random,85,5,shardbloom,2.9802322387695312e-08,-3.725290298461914e-09
random,85,6,anchorshift,-2.9802322387695312e-08,0.015625002793967724
random,85,6,driftgate,1.4901161193847656e-08,0.015625002793967724
random,85,6,fluxpatch,0.06250002980232239,0.015625002793967724
random,85,6,motifbridge,0.031249970197677612,0.015625002793967724
random,85,6,phasenest,7.450580596923828e-09,0.015625002793967724
random,85,6,phasesar,0.0,0.015625002793967724
random,85,6,quorumweave,0.0625,0.015625002793967724
random,85,6,shardbloom,-0.031249970197677612,0.015625002793967724
random,85,7,anchorshift,-0.031250059604644775,-0.003906257450580597
random,85,7,driftgate,-0.0625,-0.003906257450580597
random,85,7,fluxpatch,0.03125,-0.003906257450580597
random,85,7,motifbridge,-0.03125002980232239,-0.003906257450580597
random,85,7,phasenest,-0.03125,-0.003906257450580597
random,85,7,phasesar,-0.03125,-0.003906257450580597
random,85,7,quorumweave,0.0625,-0.003906257450580597
random,85,7,shardbloom,0.06250002980232239,-0.003906257450580597
random,85,8,anchorshift,-0.06250002980232239,-0.015625006519258022
random,85,8,driftgate,-0.03125,-0.015625006519258022
random,85,8,fluxpatch,-2.9802322387695312e-08,-0.015625006519258022
random,85,8,motifbridge,-0.09374997019767761,-0.015625006519258022
random,85,8,phasenest,-2.2351741790771484e-08,-0.015625006519258022
random,85,8,phasesar,0.03125,-0.015625006519258022
random,85,8,quorumweave,0.0625,-0.015625006519258022
random,85,8,shardbloom,-0.03125,-0.015625006519258022
random,86,1,anchorshift,-0.03125002980232239,-0.003906255587935448
random,86,1,driftgate,-0.062499985098838806,-0.003906255587935448
random,86,1,fluxpatch,0.03125,-0.003906255587935448
random,86,1,motifbridge,0.031249970197677612,-0.003906255587935448
random,86,1,phasenest,0.0,-0.003906255587935448
random,86,1,phasesar,-2.9802322387695312e-08,-0.003906255587935448
random,86,1,quorumweave,0.03125,-0.003906255587935448
random,86,1,shardbloom,-0.031249970197677612,-0.003906255587935448
random,86,2,anchorshift,-0.03125002980232239,-0.0039062481373548508
random,86,2,driftgate,0.03125,-0.0039062481373548508
random,86,2,fluxpatch,0.0,-0.0039062481373548508
random,86,2,motifbridge,0.03125,-0.0039062481373548508
random,86,2,phasenest,-2.9802322387695312e-08,-0.0039062481373548508
random,86,2,phasesar,-0.031249985098838806,-0.0039062481373548508
random,86,2,quorumweave,0.0,-0.0039062481373548508
random,86,2,shardbloom,-0.031249940395355225,-0.0039062481373548508
random,86,3,anchorshift,-0.03125,-0.01171875
random,86,3,driftgate,0.0,-0.01171875
random,86,3,fluxpatch,-0.031249985098838806,-0.01171875
random,86,3,motifbridge,-4.470348358154297e-08,-0.01171875
random,86,3,phasenest,-0.0625000149011612,-0.01171875
random,86,3,phasesar,1.4901161193847656e-08,-0.01171875
random,86,3,quorumweave,-0.03125,-0.01171875
random,86,3,shardbloom,0.06250002980232239,-0.01171875
random,86,4,anchorshift,-5.960464477539063e-08,-1.862645149230957e-09
random,86,4,driftgate,-0.062499985098838806,-1.862645149230957e-09
random,86,4,fluxpatch,0.0625,-1.862645149230957e-09
random,86,4,motifbridge,-1.4901161193847656e-08,-1.862645149230957e-09
random,86,4,phasenest,0.06250002980232239,-1.862645149230957e-09
random,86,4,phasesar,-0.031250014901161194,-1.862645149230957e-09
random,86,4,quorumweave,0.0,-1.862645149230957e-09
random,86,4,shardbloom,-0.031249970197677612,-1.862645149230957e-09
random,86,5,anchorshift,-5.960464477539063e-08,-0.007812513038516045
random,86,5,driftgate,-0.09375,-0.007812513038516045
random,86,5,fluxpatch,0.0625,-0.007812513038516045
random,86,5,motifbridge,-4.470348358154297e-08,-0.007812513038516045
random,86,5,phasenest,0.03125,-0.007812513038516045
random,86,5,phasesar,-2.9802322387695312e-08,-0.007812513038516045
random,86,5,quorumweave,-0.0625,-0.007812513038516045
random,86,5,shardbloom,2.9802322387695312e-08,-0.007812513038516045
random,86,6,anchorshift,0.062499940395355225,-0.027343759313225746
random,86,6,driftgate,-0.062499985098838806,-0.027343759313225746
random,86,6,fluxpatch,-0.031249985098838806,-0.027343759313225746
random,86,6,motifbridge,-0.06250002980232239,-0.027343759313225746
random,86,6,phasenest,-0.0625,-0.027343759313225746
random,86,6,phasesar,-1.4901161193847656e-08,-0.027343759313225746
random,86,6,quorumweave,-0.03125,-0.027343759313225746
random,86,6,shardbloom,-0.03125,-0.027343759313225746
random,86,7,anchorshift,0.031249970197677612,0.007812492549419403
random,86,7,driftgate,-0.03125,0.007812492549419403
random,86,7,fluxpatch,0.0,0.007812492549419403
random,86,7,motifbridge,0.031249940395355225,0.007812492549419403
random,86,7,phasenest,0.0,0.007812492549419403
random,86,7,phasesar,0.0,0.007812492549419403
random,86,7,quorumweave,-0.03125,0.007812492549419403
random,86,7,shardbloom,0.06250002980232239,0.007812492549419403
random,86,8,anchorshift,-5.960464477539063e-08,-0.007812505587935448
random,86,8,driftgate,-0.0625,-0.007812505587935448
random,86,8,fluxpatch,-0.03125,-0.007812505587935448
random,86,8,motifbridge,-0.031250014901161194,-0.007812505587935448
random,86,8,phasenest,0.03125,-0.007812505587935448
random,86,8,phasesar,-0.03125,-0.007812505587935448
random,86,8,quorumweave,0.03125,-0.007812505587935448
random,86,8,shardbloom,0.03125002980232239,-0.007812505587935448
random,87,1,anchorshift,-0.06250002980232239,-0.019531255587935448
random,87,1,driftgate,-7.450580596923828e-09,-0.019531255587935448
random,87,1,fluxpatch,-0.03125,-0.019531255587935448
random,87,1,motifbridge,-0.031250014901161194,-0.019531255587935448
random,87,1,phasenest,-0.031249992549419403,-0.019531255587935448
random,87,1,phasesar,0.03125,-0.019531255587935448
random,87,1,quorumweave,-0.03125,-0.019531255587935448
random,87,1,shardbloom,0.0,-0.019531255587935448
random,87,2,anchorshift,-0.03125,9.313225746154785e-10
random,87,2,driftgate,-0.0312500074505806,9.313225746154785e-10
random,87,2,fluxpatch,0.03125,9.313225746154785e-10
random,87,2,motifbridge,0.031249970197677612,9.313225746154785e-10
random,87,2,phasenest,-1.4901161193847656e-08,9.313225746154785e-10
random,87,2,phasesar,0.03125,9.313225746154785e-10
random,87,2,quorumweave,0.0,9.313225746154785e-10
random,87,2,shardbloom,-0.031249940395355225,9.313225746154785e-10
random,87,3,anchorshift,-0.0625,-0.03125000186264515
random,87,3,driftgate,-0.03125,-0.03125000186264515
random,87,3,fluxpatch,0.0,-0.03125000186264515
random,87,3,motifbridge,0.031249970197677612,-0.03125000186264515
random,87,3,phasenest,-0.0625,-0.03125000186264515
random,87,3,phasesar,-0.031250014901161194,-0.03125000186264515
random,87,3,quorumweave,-0.03125,-0.03125000186264515
random,87,3,shardbloom,-0.06249997019767761,-0.03125000186264515
random,87,4,anchorshift,-0.03125,-0.00781250186264515
random,87,4,driftgate,-0.031250014901161194,-0.00781250186264515
random,87,4,fluxpatch,-0.031249985098838806,-0.00781250186264515
random,87,4,motifbridge,0.03124995529651642,-0.00781250186264515
random,87,4,phasenest,-0.03125,-0.00781250186264515
random,87,4,phasesar,0.03125,-0.00781250186264515
random,87,4,quorumweave,0.0,-0.00781250186264515
random,87,4,shardbloom,2.9802322387695312e-08,-0.00781250186264515
random,87,5,anchorshift,0.03125002980232239,0.027343759313225746
random,87,5,driftgate,-0.0625,0.027343759313225746
random,87,5,fluxpatch,0.03125,0.027343759313225746
random,87,5,motifbridge,0.09374997019767761,0.027343759313225746
random,87,5,phasenest,0.0,0.027343759313225746
random,87,5,phasesar,0.031250014901161194,0.027343759313225746
random,87,5,quorumweave,0.09375,0.027343759313225746
random,87,5,shardbloom,5.960464477539063e-08,0.027343759313225746
random,87,6,anchorshift,-5.960464477539063e-08,-0.007812503725290298
random,87,6,driftgate,-0.031249985098838806,-0.007812503725290298
random,87,6,fluxpatch,0.031250014901161194,-0.007812503725290298
random,87,6,motifbridge,-0.06250002980232239,-0.007812503725290298
random,87,6,phasenest,0.03125,-0.007812503725290298
random,87,6,phasesar,-0.0625,-0.007812503725290298
random,87,6,quorumweave,0.03125,-0.007812503725290298
random,87,6,shardbloom,2.9802322387695312e-08,-0.007812503725290298
random,87,7,anchorshift,-0.031250059604644775,0.0078124962747097015
random,87,7,driftgate,1.4901161193847656e-08,0.0078124962747097015
random,87,7,fluxpatch,0.03125,0.0078124962747097015
random,87,7,motifbridge,-4.470348358154297e-08,0.0078124962747097015
random,87,7,phasenest,0.0625,0.0078124962747097015
random,87,7,phasesar,0.0,0.0078124962747097015
random,87,7,quorumweave,0.03125,0.0078124962747097015
random,87,7,shardbloom,-0.031249940395355225,0.0078124962747097015
random,87,8,anchorshift,-2.9802322387695312e-08,-0.015625005587935448
random,87,8,driftgate,-0.0625000149011612,-0.015625005587935448
random,87,8,fluxpatch,0.0,-0.015625005587935448
random,87,8,motifbridge,-1.4901161193847656e-08,-0.015625005587935448
random,87,8,phasenest,-0.03125002980232239,-0.015625005587935448
random,87,8,phasesar,-0.062499985098838806,-0.015625005587935448
random,87,8,quorumweave,0.0,-0.015625005587935448
random,87,8,shardbloom,0.03125002980232239,-0.015625005587935448
random,88,1,anchorshift,0.031249970197677612,0.0039062481373548508
random,88,1,driftgate,-0.03125,0.0039062481373548508
random,88,1,fluxpatch,0.0,0.0039062481373548508
random,88,1,motifbridge,-1.4901161193847656e-08,0.0039062481373548508
random,88,1,phasenest,0.0625,0.0039062481373548508
random,88,1,phasesar,0.03125,0.0039062481373548508
random,88,1,quorumweave,-0.0625,0.0039062481373548508
random,88,1,shardbloom,2.9802322387695312e-08,0.0039062481373548508
random,88,2,anchorshift,-2.9802322387695312e-08,-0.0468750037252903
random,88,2,driftgate,-0.125,-0.0468750037252903
random,88,2,fluxpatch,-0.0625,-0.0468750037252903
random,88,2,motifbridge,-0.06250005960464478,-0.0468750037252903
random,88,2,phasenest,-0.0625,-0.0468750037252903
random,88,2,phasesar,0.0,-0.0468750037252903
random,88,2,quorumweave,-0.03125,-0.0468750037252903
random,88,2,shardbloom,-0.031249940395355225,-0.0468750037252903
random,88,3,anchorshift,-2.9802322387695312e-08,-0.023437494412064552
random,88,3,driftgate,-0.1249999850988388,-0.023437494412064552
random,88,3,fluxpatch,-1.4901161193847656e-08,-0.023437494412064552
random,88,3,motifbridge,-0.03125002980232239,-0.023437494412064552
random,88,3,phasenest,2.9802322387695312e-08,-0.023437494412064552
random,88,3,phasesar,1.4901161193847656e-08,-0.023437494412064552
random,88,3,quorumweave,-0.03125,-0.023437494412064552
random,88,3,shardbloom,5.960464477539063e-08,-0.023437494412064552
random,88,4,anchorshift,-0.03125002980232239,-0.0234375037252903
random,88,4,driftgate,-0.062499985098838806,-0.0234375037252903
random,88,4,fluxpatch,0.0,-0.0234375037252903
random,88,4,motifbridge,0.031249985098838806,-0.0234375037252903
random,88,4,phasenest,-0.031249985098838806,-0.0234375037252903
random,88,4,phasesar,-0.031250014901161194,-0.0234375037252903
random,88,4,quorumweave,-0.0625,-0.0234375037252903
random,88,4,shardbloom,0.0,-0.0234375037252903
random,88,5,anchorshift,-2.9802322387695312e-08,-0.015625004656612873
random,88,5,driftgate,-0.03125002235174179,-0.015625004656612873
random,88,5,fluxpatch,-0.03125,-0.015625004656612873
random,88,5,motifbridge,-1.4901161193847656e-08,-0.015625004656612873
random,88,5,phasenest,-0.0937500149011612,-0.015625004656612873
random,88,5,phasesar,0.031250014901161194,-0.015625004656612873
random,88,5,quorumweave,-0.03125,-0.015625004656612873
random,88,5,shardbloom,0.03125002980232239,-0.015625004656612873
random,88,6,anchorshift,0.03125,-0.015624997206032276
random,88,6,driftgate,-0.031249985098838806,-0.015624997206032276
random,88,6,fluxpatch,0.0,-0.015624997206032276
random,88,6,motifbridge,-0.06250002980232239,-0.015624997206032276
random,88,6,phasenest,-0.0624999925494194,-0.015624997206032276
random,88,6,phasesar,-0.0625,-0.015624997206032276
random,88,6,quorumweave,-0.03125,-0.015624997206032276
random,88,6,shardbloom,0.09375002980232239,-0.015624997206032276
random,88,7,anchorshift,-0.09375002980232239,-0.01562501024454832
random,88,7,driftgate,-0.031249970197677612,-0.01562501024454832
random,88,7,fluxpatch,0.0937499850988388,-0.01562501024454832
random,88,7,motifbridge,-0.03125007450580597,-0.01562501024454832
random,88,7,phasenest,7.450580596923828e-09,-0.01562501024454832
random,88,7,phasesar,0.0625,-0.01562501024454832
random,88,7,quorumweave,-0.0625,-0.01562501024454832
random,88,7,shardbloom,-0.0625,-0.01562501024454832
random,88,8,anchorshift,-2.9802322387695312e-08,-0.03515625186264515
random,88,8,driftgate,-0.03125,-0.03515625186264515
random,88,8,fluxpatch,0.0,-0.03515625186264515
random,88,8,motifbridge,-0.0625000149011612,-0.03515625186264515
random,88,8,phasenest,-0.09375,-0.03515625186264515
random,88,8,phasesar,-0.03125,-0.03515625186264515
random,88,8,quorumweave,-0.09375,-0.03515625186264515
random,88,8,shardbloom,0.03125002980232239,-0.03515625186264515
random,89,1,anchorshift,-2.9802322387695312e-08,-0.01953125186264515
random,89,1,driftgate,-0.0625,-0.01953125186264515
random,89,1,fluxpatch,-0.0625,-0.01953125186264515
random,89,1,motifbridge,0.031249970197677612,-0.01953125186264515
random,89,1,phasenest,-0.09374997019767761,-0.01953125186264515
random,89,1,phasesar,0.031249985098838806,-0.01953125186264515
random,89,1,quorumweave,0.0,-0.01953125186264515
random,89,1,shardbloom,2.9802322387695312e-08,-0.01953125186264515
random,89,2,anchorshift,-0.03125,-0.015625004656612873
random,89,2,driftgate,-0.03125,-0.015625004656612873
random,89,2,fluxpatch,0.0,-0.015625004656612873
random,89,2,motifbridge,-2.9802322387695312e-08,-0.015625004656612873
random,89,2,phasenest,7.450580596923828e-09,-0.015625004656612873
random,89,2,phasesar,-0.031250014901161194,-0.015625004656612873
random,89,2,quorumweave,-0.03125,-0.015625004656612873
random,89,2,shardbloom,0.0,-0.015625004656612873
random,89,3,anchorshift,0.031249970197677612,-0.003906261175870895
random,89,3,driftgate,-0.03125,-0.003906261175870895
random,89,3,fluxpatch,0.03125,-0.003906261175870895
random,89,3,motifbridge,0.031249970197677612,-0.003906261175870895
random,89,3,phasenest,-2.9802322387695312e-08,-0.003906261175870895
random,89,3,phasesar,-0.03125,-0.003906261175870895
random,89,3,quorumweave,-0.03125,-0.003906261175870895
random,89,3,shardbloom,-0.03125,-0.003906261175870895
random,89,4,anchorshift,0.0,-0.031250009313225746
random,89,4,driftgate,-0.125,-0.031250009313225746
random,89,4,fluxpatch,0.0,-0.031250009313225746
random,89,4,motifbridge,-0.03125007450580597,-0.031250009313225746
random,89,4,phasenest,-2.9802322387695312e-08,-0.031250009313225746
random,89,4,phasesar,-0.03125,-0.031250009313225746
random,89,4,quorumweave,-0.0625,-0.031250009313225746
random,89,4,shardbloom,2.9802322387695312e-08,-0.031250009313225746
random,89,5,anchorshift,-0.06250002980232239,-0.03125001676380634
random,89,5,driftgate,-0.031250014901161194,-0.03125001676380634
random,89,5,fluxpatch,-0.03125002980232239,-0.03125001676380634
random,89,5,motifbridge,-0.06250004470348358,-0.03125001676380634
random,89,5,phasenest,-0.03125002980232239,-0.03125001676380634
random,89,5,phasesar,-1.4901161193847656e-08,-0.03125001676380634
random,89,5,quorumweave,0.0,-0.03125001676380634
random,89,5,shardbloom,-0.031249970197677612,-0.03125001676380634
random,89,6,anchorshift,-2.9802322387695312e-08,-0.03906249813735485
random,89,6,driftgate,-0.125,-0.03906249813735485
random,89,6,fluxpatch,-0.09375,-0.03906249813735485
random,89,6,motifbridge,0.031249970197677612,-0.03906249813735485
random,89,6,phasenest,-0.125,-0.03906249813735485
random,89,6,phasesar,0.031250014901161194,-0.03906249813735485
random,89,6,quorumweave,0.0,-0.03906249813735485
random,89,6,shardbloom,-0.031249940395355225,-0.03906249813735485
random,89,7,anchorshift,-0.06250005960464478,-0.023437518626451492
random,89,7,driftgate,-0.0625,-0.023437518626451492
random,89,7,fluxpatch,0.03124995529651642,-0.023437518626451492
random,89,7,motifbridge,-0.031250014901161194,-0.023437518626451492
random,89,7,phasenest,-0.06250002980232239,-0.023437518626451492
random,89,7,phasesar,0.0,-0.023437518626451492
random,89,7,quorumweave,-0.03125,-0.023437518626451492
random,89,7,shardbloom,0.03125,-0.023437518626451492
random,89,8,anchorshift,-0.03125002980232239,-0.0351562574505806
random,89,8,driftgate,-0.0937500149011612,-0.0351562574505806
random,89,8,fluxpatch,-0.0625,-0.0351562574505806
random,89,8,motifbridge,-4.470348358154297e-08,-0.0351562574505806
random,89,8,phasenest,-0.09375,-0.0351562574505806
random,89,8,phasesar,0.03125,-0.0351562574505806
random,89,8,quorumweave,0.0,-0.0351562574505806
random,89,8,shardbloom,-0.031249970197677612,-0.0351562574505806
random,90,1,anchorshift,0.031249940395355225,-0.015625011175870895
random,90,1,driftgate,-0.0625,-0.015625011175870895
random,90,1,fluxpatch,-0.0625,-0.015625011175870895
random,90,1,motifbridge,-2.9802322387695312e-08,-0.015625011175870895
random,90,1,phasenest,0.03125,-0.015625011175870895
random,90,1,phasesar,0.0,-0.015625011175870895
random,90,1,quorumweave,0.0,-0.015625011175870895
random,90,1,shardbloom,-0.0625,-0.015625011175870895
random,90,2,anchorshift,-0.03125002980232239,-0.00781250186264515
random,90,2,driftgate,-0.031250014901161194,-0.00781250186264515
random,90,2,fluxpatch,0.03125,-0.00781250186264515
random,90,2,motifbridge,-1.4901161193847656e-08,-0.00781250186264515
random,90,2,phasenest,-0.03125,-0.00781250186264515
random,90,2,phasesar,0.031250014901161194,-0.00781250186264515
random,90,2,quorumweave,0.0,-0.00781250186264515
random,90,2,shardbloom,-0.031249970197677612,-0.00781250186264515
random,90,3,anchorshift,0.0,0.0039062388241291046
random,90,3,driftgate,-0.0625000149011612,0.0039062388241291046
random,90,3,fluxpatch,0.0,0.0039062388241291046
random,90,3,motifbridge,0.06249997019767761,0.0039062388241291046
random,90,3,phasenest,-0.031250014901161194,0.0039062388241291046
random,90,3,phasesar,0.031249970197677612,0.0039062388241291046
random,90,3,quorumweave,0.0625,0.0039062388241291046
random,90,3,shardbloom,-0.03125,0.0039062388241291046
random,90,4,anchorshift,-0.031250059604644775,-0.003906259313225746
random,90,4,driftgate,-0.09375,-0.003906259313225746
random,90,4,fluxpatch,0.0625,-0.003906259313225746
random,90,4,motifbridge,-2.9802322387695312e-08,-0.003906259313225746
random,90,4,phasenest,0.03125,-0.003906259313225746
random,90,4,phasesar,0.031249985098838806,-0.003906259313225746
random,90,4,quorumweave,0.0,-0.003906259313225746
random,90,4,shardbloom,-0.031249970197677612,-0.003906259313225746
random,90,5,anchorshift,-5.960464477539063e-08,-0.015625017695128918
random,90,5,driftgate,-7.450580596923828e-09,-0.015625017695128918
random,90,5,fluxpatch,0.0,-0.015625017695128918
random,90,5,motifbridge,0.03124995529651642,-0.015625017695128918
random,90,5,phasenest,-0.0625,-0.015625017695128918
random,90,5,phasesar,-2.9802322387695312e-08,-0.015625017695128918
random,90,5,quorumweave,-0.0625,-0.015625017695128918
random,90,5,shardbloom,-0.03125,-0.015625017695128918
random,90,6,anchorshift,-5.960464477539063e-08,0.011718744412064552
random,90,6,driftgate,1.4901161193847656e-08,0.011718744412064552
random,90,6,fluxpatch,-0.0625000149011612,0.011718744412064552
random,90,6,motifbridge,0.03124995529651642,0.011718744412064552
random,90,6,phasenest,0.062499985098838806,0.011718744412064552
random,90,6,phasesar,1.4901161193847656e-08,0.011718744412064552
random,90,6,quorumweave,0.0625,0.011718744412064552
random,90,6,shardbloom,5.960464477539063e-08,0.011718744412064552
random,90,7,anchorshift,-0.06250002980232239,-0.0273437537252903
random,90,7,driftgate,-0.03125,-0.0273437537252903
random,90,7,fluxpatch,0.0625,-0.0273437537252903
random,90,7,motifbridge,-2.9802322387695312e-08,-0.0273437537252903
random,90,7,phasenest,0.0625,-0.0273437537252903
random,90,7,phasesar,-0.0625,-0.0273437537252903
random,90,7,quorumweave,-0.09375,-0.0273437537252903
random,90,7,shardbloom,-0.09374997019767761,-0.0273437537252903
random,90,8,anchorshift,-2.9802322387695312e-08,-0.0312500037252903
random,90,8,driftgate,-0.03125,-0.0312500037252903
random,90,8,fluxpatch,-0.09375,-0.0312500037252903
random,90,8,motifbridge,-0.031250014901161194,-0.0312500037252903
random,90,8,phasenest,0.031249985098838806,-0.0312500037252903
random,90,8,phasesar,-0.03125,-0.0312500037252903
random,90,8,quorumweave,-0.03125,-0.0312500037252903
random,90,8,shardbloom,-0.06249997019767761,-0.0312500037252903
random,91,1,anchorshift,0.031249940395355225,-0.00781250186264515
random,91,1,driftgate,-0.0937499850988388,-0.00781250186264515
random,91,1,fluxpatch,0.0,-0.00781250186264515
random,91,1,motifbridge,-2.9802322387695312e-08,-0.00781250186264515
random,91,1,phasenest,-0.03125,-0.00781250186264515
random,91,1,phasesar,0.03125,-0.00781250186264515
random,91,1,quorumweave,0.0,-0.00781250186264515
random,91,1,shardbloom,5.960464477539063e-08,-0.00781250186264515
random,91,2,anchorshift,-2.9802322387695312e-08,0.003906242549419403
random,91,2,driftgate,-1.4901161193847656e-08,0.003906242549419403
random,91,2,fluxpatch,-0.03125,0.003906242549419403
random,91,2,motifbridge,0.031249985098838806,0.003906242549419403
random,91,2,phasenest,-0.06250002980232239,0.003906242549419403
random,91,2,phasesar,0.0625,0.003906242549419403
random,91,2,quorumweave,0.0625,0.003906242549419403
random,91,2,shardbloom,-0.031249970197677612,0.003906242549419403
random,91,3,anchorshift,0.0,0.003906257450580597
random,91,3,driftgate,0.0,0.003906257450580597
random,91,3,fluxpatch,0.0,0.003906257450580597
random,91,3,motifbridge,-2.9802322387695312e-08,0.003906257450580597
random,91,3,phasenest,0.03125,0.003906257450580597
random,91,3,phasesar,0.03125002980232239,0.003906257450580597
random,91,3,quorumweave,-0.03125,0.003906257450580597
random,91,3,shardbloom,5.960464477539063e-08,0.003906257450580597
random,91,4,anchorshift,-2.9802322387695312e-08,0.007812497206032276
random,91,4,driftgate,-0.0937500074505806,0.007812497206032276
random,91,4,fluxpatch,0.0,0.007812497206032276
random,91,4,motifbridge,-2.9802322387695312e-08,0.007812497206032276
random,91,4,phasenest,0.06250002980232239,0.007812497206032276
random,91,4,phasesar,1.4901161193847656e-08,0.007812497206032276
random,91,4,quorumweave,0.0625,0.007812497206032276
random,91,4,shardbloom,0.03125,0.007812497206032276
random,91,5,anchorshift,0.062499940395355225,-3.725290298461914e-09
random,91,5,driftgate,0.0,-3.725290298461914e-09
random,91,5,fluxpatch,0.0,-3.725290298461914e-09
random,91,5,motifbridge,-1.4901161193847656e-08,-3.725290298461914e-09
random,91,5,phasenest,0.0,-3.725290298461914e-09
random,91,5,phasesar,-0.0625000149011612,-3.725290298461914e-09
random,91,5,quorumweave,0.03125,-3.725290298461914e-09
random,91,5,shardbloom,-0.031249940395355225,-3.725290298461914e-09
random,91,6,anchorshift,-0.03125002980232239,-0.0468750074505806
random,91,6,driftgate,-0.15625,-0.0468750074505806
random,91,6,fluxpatch,-0.031250014901161194,-0.0468750074505806
random,91,6,motifbridge,-0.0625000149011612,-0.0468750074505806
random,91,6,phasenest,-0.062499985098838806,-0.0468750074505806
random,91,6,phasesar,-0.031250014901161194,-0.0468750074505806
random,91,6,quorumweave,0.0,-0.0468750074505806
random,91,6,shardbloom,0.0,-0.0468750074505806
random,91,7,anchorshift,-2.9802322387695312e-08,-3.725290298461914e-09
random,91,7,driftgate,1.4901161193847656e-08,-3.725290298461914e-09
random,91,7,fluxpatch,-0.031249985098838806,-3.725290298461914e-09
random,91,7,motifbridge,-0.03125002980232239,-3.725290298461914e-09
random,91,7,phasenest,-0.03125,-3.725290298461914e-09
random,91,7,phasesar,0.03125,-3.725290298461914e-09
random,91,7,quorumweave,0.0625,-3.725290298461914e-09
random,91,7,shardbloom,0.0,-3.725290298461914e-09
random,91,8,anchorshift,0.031249970197677612,-0.03124999813735485
random,91,8,driftgate,-0.0625,-0.03124999813735485
random,91,8,fluxpatch,-0.031249940395355225,-0.03124999813735485
random,91,8,motifbridge,-2.9802322387695312e-08,-0.03124999813735485
random,91,8,phasenest,-0.1250000149011612,-0.03124999813735485
random,91,8,phasesar,-0.0625,-0.03124999813735485
random,91,8,quorumweave,0.03125,-0.03124999813735485
random,91,8,shardbloom,-0.031249970197677612,-0.03124999813735485
random,92,1,anchorshift,-2.9802322387695312e-08,-0.0039062462747097015
random,92,1,driftgate,-0.031249985098838806,-0.0039062462747097015
random,92,1,fluxpatch,0.0,-0.0039062462747097015
random,92,1,motifbridge,0.031249970197677612,-0.0039062462747097015
random,92,1,phasenest,0.06250002980232239,-0.0039062462747097015
random,92,1,phasesar,-1.4901161193847656e-08,-0.0039062462747097015
random,92,1,quorumweave,-0.03125,-0.0039062462747097015
random,92,1,shardbloom,-0.062499940395355225,-0.0039062462747097015
random,92,2,anchorshift,-5.960464477539063e-08,-0.023437505587935448
random,92,2,driftgate,-0.1250000149011612,-0.023437505587935448
random,92,2,fluxpatch,-0.03125,-0.023437505587935448
random,92,2,motifbridge,0.031249985098838806,-0.023437505587935448
random,92,2,phasenest,-0.031249985098838806,-0.023437505587935448
random,92,2,phasesar,0.03125,-0.023437505587935448
random,92,2,quorumweave,0.0,-0.023437505587935448
random,92,2,shardbloom,-0.06249997019767761,-0.023437505587935448
random,92,3,anchorshift,0.0,-1.862645149230957e-09
random,92,3,driftgate,-0.09374997019767761,-1.862645149230957e-09
random,92,3,fluxpatch,-0.0625000149011612,-1.862645149230957e-09
random,92,3,motifbridge,0.06249997019767761,-1.862645149230957e-09
random,92,3,phasenest,-0.03125002980232239,-1.862645149230957e-09
random,92,3,phasesar,0.09375,-1.862645149230957e-09
random,92,3,quorumweave,0.0,-1.862645149230957e-09
random,92,3,shardbloom,0.03125002980232239,-1.862645149230957e-09
random,92,4,anchorshift,0.031249970197677612,0.0039062481373548508
random,92,4,driftgate,-0.1249999850988388,0.0039062481373548508
random,92,4,fluxpatch,0.0625,0.0039062481373548508
random,92,4,motifbridge,0.06249997019767761,0.0039062481373548508
random,92,4,phasenest,0.0,0.0039062481373548508
random,92,4,phasesar,0.03125,0.0039062481373548508
random,92,4,quorumweave,-0.03125,0.0039062481373548508
random,92,4,shardbloom,2.9802322387695312e-08,0.0039062481373548508
random,92,5,anchorshift,-0.06250005960464478,-0.011718755587935448
random,92,5,driftgate,-0.0625,-0.011718755587935448
random,92,5,fluxpatch,0.03125,-0.011718755587935448
random,92,5,motifbridge,-2.9802322387695312e-08,-0.011718755587935448
random,92,5,phasenest,0.0,-0.011718755587935448
random,92,5,phasesar,1.4901161193847656e-08,-0.011718755587935448
random,92,5,quorumweave,-0.03125,-0.011718755587935448
random,92,5,shardbloom,0.03125002980232239,-0.011718755587935448
random,92,6,anchorshift,0.09375,0.011718744412064552
random,92,6,driftgate,0.0,0.011718744412064552
random,92,6,fluxpatch,0.0,0.011718744412064552
random,92,6,motifbridge,-0.03125004470348358,0.011718744412064552
random,92,6,phasenest,0.0625,0.011718744412064552
random,92,6,phasesar,0.03125,0.011718744412064552
random,92,6,quorumweave,-0.03125,0.011718744412064552
random,92,6,shardbloom,-0.03125,0.011718744412064552
random,92,7,anchorshift,0.031249910593032837,0.007812482304871082
random,92,7,driftgate,-0.0625,0.007812482304871082
random,92,7,fluxpatch,0.03125,0.007812482304871082
random,92,7,motifbridge,-2.9802322387695312e-08,0.007812482304871082
random,92,7,phasenest,0.09374997764825821,0.007812482304871082
random,92,7,phasesar,-0.03125,0.007812482304871082
random,92,7,quorumweave,-0.0625,0.007812482304871082
random,92,7,shardbloom,0.0625,0.007812482304871082
random,92,8,anchorshift,0.062499940395355225,0.01562499813735485
random,92,8,driftgate,-0.062499985098838806,0.01562499813735485
random,92,8,fluxpatch,0.0625,0.01562499813735485
random,92,8,motifbridge,0.031249970197677612,0.01562499813735485
random,92,8,phasenest,0.0,0.01562499813735485
random,92,8,phasesar,0.03125,0.01562499813735485
random,92,8,quorumweave,-0.03125,0.01562499813735485
random,92,8,shardbloom,0.031250059604644775,0.01562499813735485
random,93,1,anchorshift,0.031249970197677612,-0.007812503725290298
random,93,1,driftgate,-0.031250014901161194,-0.007812503725290298
random,93,1,fluxpatch,-0.0625,-0.007812503725290298
random,93,1,motifbridge,0.031249970197677612,-0.007812503725290298
random,93,1,phasenest,-0.031249970197677612,-0.007812503725290298
random,93,1,phasesar,0.062499985098838806,-0.007812503725290298
random,93,1,quorumweave,-0.03125,-0.007812503725290298
random,93,1,shardbloom,-0.031249970197677612,-0.007812503725290298
random,93,2,anchorshift,-0.06250005960464478,-0.007812505587935448
random,93,2,driftgate,-0.0625,-0.007812505587935448
random,93,2,fluxpatch,-0.03125,-0.007812505587935448
random,93,2,motifbridge,0.06249997019767761,-0.007812505587935448
random,93,2,phasenest,0.031249970197677612,-0.007812505587935448
random,93,2,phasesar,0.031250014901161194,-0.007812505587935448
random,93,2,quorumweave,0.0,-0.007812505587935448
random,93,2,shardbloom,-0.031249940395355225,-0.007812505587935448
random,93,3,anchorshift,-0.06250005960464478,-0.019531255587935448
random,93,3,driftgate,0.0,-0.019531255587935448
random,93,3,fluxpatch,0.0,-0.019531255587935448
random,93,3,motifbridge,0.031249985098838806,-0.019531255587935448
random,93,3,phasenest,-0.0625,-0.019531255587935448
random,93,3,phasesar,-0.03125,-0.019531255587935448
random,93,3,quorumweave,0.0,-0.019531255587935448
random,93,3,shardbloom,-0.031249970197677612,-0.019531255587935448
random,93,4,anchorshift,-2.9802322387695312e-08,-0.00781250186264515
random,93,4,driftgate,-0.03125,-0.00781250186264515
random,93,4,fluxpatch,0.03125,-0.00781250186264515
random,93,4,motifbridge,-2.9802322387695312e-08,-0.00781250186264515
random,93,4,phasenest,-0.0937499850988388,-0.00781250186264515
random,93,4,phasesar,0.03125,-0.00781250186264515
random,93,4,quorumweave,0.0,-0.00781250186264515
random,93,4,shardbloom,2.9802322387695312e-08,-0.00781250186264515
random,93,5,anchorshift,-5.960464477539063e-08,-0.019531254656612873
random,93,5,driftgate,-0.03124997764825821,-0.019531254656612873
random,93,5,fluxpatch,1.4901161193847656e-08,-0.019531254656612873
random,93,5,motifbridge,-1.4901161193847656e-08,-0.019531254656612873
random,93,5,phasenest,-0.0625,-0.019531254656612873
random,93,5,phasesar,-0.03125,-0.019531254656612873
random,93,5,quorumweave,-0.03125,-0.019531254656612873
random,93,5,shardbloom,0.0,-0.019531254656612873
random,93,6,anchorshift,-2.9802322387695312e-08,-0.046875009313225746
random,93,6,driftgate,-0.031249985098838806,-0.046875009313225746
random,93,6,fluxpatch,-0.1250000298023224,-0.046875009313225746
random,93,6,motifbridge,-0.03125002980232239,-0.046875009313225746
random,93,6,phasenest,-0.0625,-0.046875009313225746
random,93,6,phasesar,-0.0625,-0.046875009313225746
random,93,6,quorumweave,-0.0625,-0.046875009313225746
random,93,6,shardbloom,0.0,-0.046875009313225746
random,93,7,anchorshift,-0.03125008940696716,-0.027343757450580597
random,93,7,driftgate,-0.09375,-0.027343757450580597
random,93,7,fluxpatch,0.0,-0.027343757450580597
random,93,7,motifbridge,-2.9802322387695312e-08,-0.027343757450580597
random,93,7,phasenest,-0.0625,-0.027343757450580597
random,93,7,phasesar,0.0,-0.027343757450580597
random,93,7,quorumweave,-0.03125,-0.027343757450580597
random,93,7,shardbloom,5.960464477539063e-08,-0.027343757450580597
random,93,8,anchorshift,-5.960464477539063e-08,-0.015625007450580597
random,93,8,driftgate,-0.062499985098838806,-0.015625007450580597
random,93,8,fluxpatch,-0.031250014901161194,-0.015625007450580597
random,93,8,motifbridge,0.031249970197677612,-0.015625007450580597
random,93,8,phasenest,-0.03125,-0.015625007450580597
random,93,8,phasesar,-0.03125,-0.015625007450580597
random,93,8,quorumweave,0.03125,-0.015625007450580597
random,93,8,shardbloom,-0.031249970197677612,-0.015625007450580597
random,94,1,anchorshift,-0.03125002980232239,-0.015625007450580597
random,94,1,driftgate,-1.4901161193847656e-08,-0.015625007450580597
random,94,1,fluxpatch,0.0,-0.015625007450580597
random,94,1,motifbridge,0.031249985098838806,-0.015625007450580597
random,94,1,phasenest,-0.0625,-0.015625007450580597
random,94,1,phasesar,0.0,-0.015625007450580597
random,94,1,quorumweave,-0.0625,-0.015625007450580597
random,94,1,shardbloom,0.0,-0.015625007450580597
random,94,2,anchorshift,0.031249940395355225,-0.01171874813735485
random,94,2,driftgate,-0.03125,-0.01171874813735485
random,94,2,fluxpatch,2.9802322387695312e-08,-0.01171874813735485
random,94,2,motifbridge,0.031249985098838806,-0.01171874813735485
random,94,2,phasenest,-0.0625,-0.01171874813735485
random,94,2,phasesar,0.0,-0.01171874813735485
random,94,2,quorumweave,0.0,-0.01171874813735485
random,94,2,shardbloom,-0.062499940395355225,-0.01171874813735485
random,94,3,anchorshift,-0.09375002980232239,-0.027343754656612873
random,94,3,driftgate,-0.03125,-0.027343754656612873
random,94,3,fluxpatch,0.03125,-0.027343754656612873
random,94,3,motifbridge,-2.9802322387695312e-08,-0.027343754656612873
random,94,3,phasenest,-7.450580596923828e-09,-0.027343754656612873
random,94,3,phasesar,-0.0625,-0.027343754656612873
random,94,3,quorumweave,0.0,-0.027343754656612873
random,94,3,shardbloom,-0.06249997019767761,-0.027343754656612873
random,94,4,anchorshift,-8.940696716308594e-08,-0.007812505587935448
random,94,4,driftgate,-0.0937499850988388,-0.007812505587935448
random,94,4,fluxpatch,-0.031249985098838806,-0.007812505587935448
random,94,4,motifbridge,0.031249985098838806,-0.007812505587935448
random,94,4,phasenest,-0.03125,-0.007812505587935448
random,94,4,phasesar,-0.03125,-0.007812505587935448
random,94,4,quorumweave,0.03125,-0.007812505587935448
random,94,4,shardbloom,0.06250002980232239,-0.007812505587935448
random,94,5,anchorshift,-2.9802322387695312e-08,-0.03515626676380634
random,94,5,driftgate,-0.031250014901161194,-0.03515626676380634
random,94,5,fluxpatch,-0.1250000298023224,-0.03515626676380634
random,94,5,motifbridge,0.031249970197677612,-0.03515626676380634
random,94,5,phasenest,-2.9802322387695312e-08,-0.03515626676380634
random,94,5,phasesar,0.03125,-0.03515626676380634
random,94,5,quorumweave,-0.09375,-0.03515626676380634
random,94,5,shardbloom,-0.09375,-0.03515626676380634
random,94,6,anchorshift,0.03125,-0.02734375
random,94,6,driftgate,-0.0625,-0.02734375
random,94,6,fluxpatch,-0.0625,-0.02734375
random,94,6,motifbridge,-2.9802322387695312e-08,-0.02734375
random,94,6,phasenest,-0.0625,-0.02734375
random,94,6,phasesar,-0.03125,-0.02734375
random,94,6,quorumweave,-0.03125,-0.02734375
random,94,6,shardbloom,2.9802322387695312e-08,-0.02734375
random,94,7,anchorshift,-0.031250059604644775,-0.0546875074505806
random,94,7,driftgate,-0.0937499850988388,-0.0546875074505806
random,94,7,fluxpatch,-0.09375,-0.0546875074505806
random,94,7,motifbridge,-0.031250014901161194,-0.0546875074505806
random,94,7,phasenest,-0.0625,-0.0546875074505806
random,94,7,phasesar,0.0,-0.0546875074505806
random,94,7,quorumweave,-0.03125,-0.0546875074505806
random,94,7,shardbloom,-0.09375,-0.0546875074505806
random,94,8,anchorshift,-0.06250002980232239,-0.0351562537252903
random,94,8,driftgate,-0.1562500298023224,-0.0351562537252903
random,94,8,fluxpatch,-0.06249997019767761,-0.0351562537252903
random,94,8,motifbridge,0.031249970197677612,-0.0351562537252903
random,94,8,phasenest,0.03125,-0.0351562537252903
random,94,8,phasesar,-0.03125,-0.0351562537252903
random,94,8,quorumweave,0.0,-0.0351562537252903
random,94,8,shardbloom,-0.031249970197677612,-0.0351562537252903
random,95,1,anchorshift,-5.960464477539063e-08,-0.003906263038516045
random,95,1,driftgate,0.0,-0.003906263038516045
random,95,1,fluxpatch,0.0,-0.003906263038516045
random,95,1,motifbridge,0.06249997019767761,-0.003906263038516045
random,95,1,phasenest,-0.0625,-0.003906263038516045
random,95,1,phasesar,-1.4901161193847656e-08,-0.003906263038516045
random,95,1,quorumweave,0.0,-0.003906263038516045
random,95,1,shardbloom,-0.03125,-0.003906263038516045
random,95,2,anchorshift,-2.9802322387695312e-08,-4.6566128730773926e-09
random,95,2,driftgate,2.9802322387695312e-08,-4.6566128730773926e-09
random,95,2,fluxpatch,-0.03125,-4.6566128730773926e-09
random,95,2,motifbridge,0.031249962747097015,-4.6566128730773926e-09
random,95,2,phasenest,0.0,-4.6566128730773926e-09
random,95,2,phasesar,0.0625,-4.6566128730773926e-09
random,95,2,quorumweave,-0.03125,-4.6566128730773926e-09
random,95,2,shardbloom,-0.03125,-4.6566128730773926e-09
random,95,3,anchorshift,-2.9802322387695312e-08,-0.02734375186264515
random,95,3,driftgate,-0.062499985098838806,-0.02734375186264515
random,95,3,fluxpatch,-0.09375,-0.02734375186264515
random,95,3,motifbridge,0.06249997019767761,-0.02734375186264515
random,95,3,phasenest,0.0,-0.02734375186264515
random,95,3,phasesar,0.0,-0.02734375186264515
random,95,3,quorumweave,-0.0625,-0.02734375186264515
random,95,3,shardbloom,-0.06249997019767761,-0.02734375186264515
random,95,4,anchorshift,-0.03125,-0.015625
random,95,4,driftgate,-0.0937500149011612,-0.015625
random,95,4,fluxpatch,-0.03125,-0.015625
random,95,4,motifbridge,0.062499985098838806,-0.015625
random,95,4,phasenest,-0.03125,-0.015625
random,95,4,phasesar,0.03125,-0.015625
random,95,4,quorumweave,0.0,-0.015625
random,95,4,shardbloom,-0.031249970197677612,-0.015625
random,95,5,anchorshift,-0.06250002980232239,-0.011718753725290298
random,95,5,driftgate,-0.03125,-0.011718753725290298
random,95,5,fluxpatch,0.0,-0.011718753725290298
random,95,5,motifbridge,-0.03125002980232239,-0.011718753725290298
random,95,5,phasenest,0.03125,-0.011718753725290298
random,95,5,phasesar,0.0,-0.011718753725290298
random,95,5,quorumweave,0.0,-0.011718753725290298
random,95,5,shardbloom,2.9802322387695312e-08,-0.011718753725290298
random,95,6,anchorshift,-0.0625,-0.04296875
random,95,6,driftgate,-0.0625,-0.04296875
random,95,6,fluxpatch,-0.125,-0.04296875
random,95,6,motifbridge,-0.06250002980232239,-0.04296875
random,95,6,phasenest,-0.0625,-0.04296875
random,95,6,phasesar,0.0625,-0.04296875
random,95,6,quorumweave,0.0,-0.04296875
random,95,6,shardbloom,-0.031249970197677612,-0.04296875
random,95,7,anchorshift,-0.06250005960464478,-0.015625007450580597
random,95,7,driftgate,-0.0937500074505806,-0.015625007450580597
random,95,7,fluxpatch,0.03125,-0.015625007450580597
random,95,7,motifbridge,0.031249970197677612,-0.015625007450580597
random,95,7,phasenest,-0.031249992549419403,-0.015625007450580597
random,95,7,phasesar,0.0,-0.015625007450580597
random,95,7,quorumweave,0.03125,-0.015625007450580597
random,95,7,shardbloom,-0.031249970197677612,-0.015625007450580597
random,95,8,anchorshift,-0.031250059604644775,0.0039062434807419777
random,95,8,driftgate,-0.0937499850988388,0.0039062434807419777
random,95,8,fluxpatch,0.03125,0.0039062434807419777
random,95,8,motifbridge,0.06249997764825821,0.0039062434807419777
random,95,8,phasenest,-0.031249970197677612,0.0039062434807419777
random,95,8,phasesar,0.031249985098838806,0.0039062434807419777
random,95,8,quorumweave,0.0,0.0039062434807419777
random,95,8,shardbloom,0.0625,0.0039062434807419777
random,96,1,anchorshift,0.06249997019767761,0.007812494412064552
random,96,1,driftgate,-0.0937500149011612,0.007812494412064552
random,96,1,fluxpatch,-1.4901161193847656e-08,0.007812494412064552
random,96,1,motifbridge,-0.031250014901161194,0.007812494412064552
random,96,1,phasenest,0.03125,0.007812494412064552
random,96,1,phasesar,0.03125,0.007812494412064552
random,96,1,quorumweave,0.09375,0.007812494412064552
random,96,1,shardbloom,-0.031249970197677612,0.007812494412064552
random,96,2,anchorshift,-2.9802322387695312e-08,0.00390625
random,96,2,driftgate,-0.062499985098838806,0.00390625
random,96,2,fluxpatch,-0.03125,0.00390625
random,96,2,motifbridge,0.031249970197677612,0.00390625
random,96,2,phasenest,0.0,0.00390625
random,96,2,phasesar,0.031250014901161194,0.00390625
random,96,2,quorumweave,0.0625,0.00390625
random,96,2,shardbloom,2.9802322387695312e-08,0.00390625
random,96,3,anchorshift,0.03125,0.019531247206032276
random,96,3,driftgate,-2.2351741790771484e-08,0.019531247206032276
random,96,3,fluxpatch,0.03125,0.019531247206032276
random,96,3,motifbridge,0.06249997019767761,0.019531247206032276
random,96,3,phasenest,0.0,0.019531247206032276
random,96,3,phasesar,0.03125,0.019531247206032276
random,96,3,quorumweave,-0.03125,0.019531247206032276
random,96,3,shardbloom,0.03125002980232239,0.019531247206032276
random,96,4,anchorshift,0.031249940395355225,-0.007812504656612873
random,96,4,driftgate,0.0,-0.007812504656612873
random,96,4,fluxpatch,-0.03125002980232239,-0.007812504656612873
random,96,4,motifbridge,-1.4901161193847656e-08,-0.007812504656612873
random,96,4,phasenest,-0.0624999925494194,-0.007812504656612873
random,96,4,phasesar,-0.03125,-0.007812504656612873
random,96,4,quorumweave,0.0,-0.007812504656612873
random,96,4,shardbloom,0.031250059604644775,-0.007812504656612873
random,96,5,anchorshift,-0.03125002980232239,0.0195312462747097
random,96,5,driftgate,-0.0625,0.0195312462747097
random,96,5,fluxpatch,-1.4901161193847656e-08,0.0195312462747097
random,96,5,motifbridge,0.031249970197677612,0.0195312462747097
random,96,5,phasenest,0.0625,0.0195312462747097
random,96,5,phasesar,0.0625000149011612,0.0195312462747097
random,96,5,quorumweave,0.0625,0.0195312462747097
random,96,5,shardbloom,0.03125002980232239,0.0195312462747097
random,96,6,anchorshift,-0.0625,4.6566128730773926e-09
random,96,6,driftgate,-0.0625,4.6566128730773926e-09
random,96,6,fluxpatch,0.0,4.6566128730773926e-09
random,96,6,motifbridge,0.0625,4.6566128730773926e-09
random,96,6,phasenest,0.0625000074505806,4.6566128730773926e-09
random,96,6,phasesar,0.0625,4.6566128730773926e-09
random,96,6,quorumweave,-0.03125,4.6566128730773926e-09
random,96,6,shardbloom,-0.031249970197677612,4.6566128730773926e-09
random,96,7,anchorshift,-2.9802322387695312e-08,-0.0039062481373548508
random,96,7,driftgate,-0.0937499850988388,-0.0039062481373548508
random,96,7,fluxpatch,2.9802322387695312e-08,-0.0039062481373548508
random,96,7,motifbridge,-1.4901161193847656e-08,-0.0039062481373548508
random,96,7,phasenest,-1.4901161193847656e-08,-0.0039062481373548508
random,96,7,phasesar,0.03125,-0.0039062481373548508
random,96,7,quorumweave,0.03125,-0.0039062481373548508
random,96,7,shardbloom,2.9802322387695312e-08,-0.0039062481373548508
random,96,8,anchorshift,-0.03125,0.011718753725290298
random,96,8,driftgate,-0.0625,0.011718753725290298
random,96,8,fluxpatch,0.0,0.011718753725290298
random,96,8,motifbridge,0.03125,0.011718753725290298
random,96,8,phasenest,0.0625,0.011718753725290298
random,96,8,phasesar,0.0,0.011718753725290298
random,96,8,quorumweave,0.0625,0.011718753725290298
random,96,8,shardbloom,0.03125002980232239,0.011718753725290298
random,97,1,anchorshift,-0.03125,0.007812504656612873
random,97,1,driftgate,-0.0625,0.007812504656612873
random,97,1,fluxpatch,0.0,0.007812504656612873
random,97,1,motifbridge,0.031249970197677612,0.007812504656612873
random,97,1,phasenest,2.2351741790771484e-08,0.007812504656612873
random,97,1,phasesar,0.031249985098838806,0.007812504656612873
random,97,1,quorumweave,0.03125,0.007812504656612873
random,97,1,shardbloom,0.06250005960464478,0.007812504656612873
random,97,2,anchorshift,0.06249997019767761,0.007812503725290298
random,97,2,driftgate,-0.062499985098838806,0.007812503725290298
random,97,2,fluxpatch,-0.03125,0.007812503725290298
random,97,2,motifbridge,0.062499985098838806,0.007812503725290298
random,97,2,phasenest,-0.0625,0.007812503725290298
random,97,2,phasesar,0.03125,0.007812503725290298
random,97,2,quorumweave,0.03125,0.007812503725290298
random,97,2,shardbloom,0.031250059604644775,0.007812503725290298
random,97,3,anchorshift,-0.03125002980232239,-0.023437506519258022
random,97,3,driftgate,-0.1250000074505806,-0.023437506519258022
random,97,3,fluxpatch,0.0,-0.023437506519258022
random,97,3,motifbridge,-2.9802322387695312e-08,-0.023437506519258022
random,97,3,phasenest,0.03125,-0.023437506519258022
random,97,3,phasesar,-0.031250014901161194,-0.023437506519258022
random,97,3,quorumweave,-0.03125,-0.023437506519258022
random,97,3,shardbloom,2.9802322387695312e-08,-0.023437506519258022
random,97,4,anchorshift,-0.03125002980232239,-9.313225746154785e-09
random,97,4,driftgate,-0.09375,-9.313225746154785e-09
random,97,4,fluxpatch,-2.9802322387695312e-08,-9.313225746154785e-09
random,97,4,motifbridge,0.0,-9.313225746154785e-09
random,97,4,phasenest,-0.03125,-9.313225746154785e-09
random,97,4,phasesar,0.0937499850988388,-9.313225746154785e-09
random,97,4,quorumweave,0.0625,-9.313225746154785e-09
random,97,4,shardbloom,0.0,-9.313225746154785e-09
random,97,5,anchorshift,-5.960464477539063e-08,-0.003906255587935448
random,97,5,driftgate,-0.062499985098838806,-0.003906255587935448
random,97,5,fluxpatch,-2.9802322387695312e-08,-0.003906255587935448
random,97,5,motifbridge,0.031249985098838806,-0.003906255587935448
random,97,5,phasenest,-0.0625000149011612,-0.003906255587935448
random,97,5,phasesar,0.03125,-0.003906255587935448
random,97,5,quorumweave,0.0,-0.003906255587935448
random,97,5,shardbloom,0.031250059604644775,-0.003906255587935448
random,97,6,anchorshift,0.062499940395355225,0.0039062444120645523
random,97,6,driftgate,-0.09375,0.0039062444120645523
random,97,6,fluxpatch,0.03125,0.0039062444120645523
random,97,6,motifbridge,0.031249985098838806,0.0039062444120645523
random,97,6,phasenest,0.0,0.0039062444120645523
random,97,6,phasesar,0.0,0.0039062444120645523
random,97,6,quorumweave,0.0625,0.0039062444120645523
random,97,6,shardbloom,-0.06249997019767761,0.0039062444120645523
random,97,7,anchorshift,-0.03125002980232239,-0.01562500186264515
random,97,7,driftgate,-0.0625,-0.01562500186264515
random,97,7,fluxpatch,0.031249985098838806,-0.01562500186264515
random,97,7,motifbridge,-2.9802322387695312e-08,-0.01562500186264515
random,97,7,phasenest,-0.03125,-0.01562500186264515
random,97,7,phasesar,-0.03125,-0.01562500186264515
random,97,7,quorumweave,0.0,-0.01562500186264515
random,97,7,shardbloom,5.960464477539063e-08,-0.01562500186264515
random,97,8,anchorshift,0.031249970197677612,0.011718744412064552
random,97,8,driftgate,-0.03125,0.011718744412064552
random,97,8,fluxpatch,0.031250014901161194,0.011718744412064552
random,97,8,motifbridge,0.031249970197677612,0.011718744412064552
random,97,8,phasenest,0.0,0.011718744412064552
random,97,8,phasesar,0.0,0.011718744412064552
random,97,8,quorumweave,0.03125,0.011718744412064552
random,97,8,shardbloom,0.0,0.011718744412064552
random,98,1,anchorshift,-0.09375002980232239,-0.011718757450580597
random,98,1,driftgate,-1.4901161193847656e-08,-0.011718757450580597
random,98,1,fluxpatch,-1.4901161193847656e-08,-0.011718757450580597
random,98,1,motifbridge,-0.03125004470348358,-0.011718757450580597
random,98,1,phasenest,0.03125,-0.011718757450580597
random,98,1,phasesar,1.4901161193847656e-08,-0.011718757450580597
random,98,1,quorumweave,-0.03125,-0.011718757450580597
random,98,1,shardbloom,0.03125002980232239,-0.011718757450580597
random,98,2,anchorshift,-0.031250059604644775,-0.0312500037252903
random,98,2,driftgate,-0.062499985098838806,-0.0312500037252903
random,98,2,fluxpatch,0.03125,-0.0312500037252903
random,98,2,motifbridge,-0.06250002980232239,-0.0312500037252903
random,98,2,phasenest,0.0,-0.0312500037252903
random,98,2,phasesar,-1.4901161193847656e-08,-0.0312500037252903
random,98,2,quorumweave,-0.0625,-0.0312500037252903
random,98,2,shardbloom,-0.062499940395355225,-0.0312500037252903
random,98,3,anchorshift,-2.9802322387695312e-08,-0.015625011175870895
random,98,3,driftgate,-0.0937500149011612,-0.015625011175870895
random,98,3,fluxpatch,-0.0625,-0.015625011175870895
random,98,3,motifbridge,-0.03125004470348358,-0.015625011175870895
random,98,3,phasenest,-2.9802322387695312e-08,-0.015625011175870895
random,98,3,phasesar,0.0625,-0.015625011175870895
random,98,3,quorumweave,-0.03125,-0.015625011175870895
random,98,3,shardbloom,0.03125002980232239,-0.015625011175870895
random,98,4,anchorshift,-2.9802322387695312e-08,-0.0039062583819031715
random,98,4,driftgate,-0.0624999925494194,-0.0039062583819031715
random,98,4,fluxpatch,-0.031249970197677612,-0.0039062583819031715
random,98,4,motifbridge,-7.450580596923828e-08,-0.0039062583819031715
random,98,4,phasenest,-2.9802322387695312e-08,-0.0039062583819031715
random,98,4,phasesar,0.0625,-0.0039062583819031715
random,98,4,quorumweave,-0.03125,-0.0039062583819031715
random,98,4,shardbloom,0.03125002980232239,-0.0039062583819031715
random,98,5,anchorshift,-0.03125002980232239,-0.0039062537252902985
random,98,5,driftgate,-0.031249985098838806,-0.0039062537252902985
random,98,5,fluxpatch,0.03125,-0.0039062537252902985
random,98,5,motifbridge,0.06249997019767761,-0.0039062537252902985
random,98,5,phasenest,-0.0625,-0.0039062537252902985
random,98,5,phasesar,0.031249985098838806,-0.0039062537252902985
random,98,5,quorumweave,-0.03125,-0.0039062537252902985
random,98,5,shardbloom,2.9802322387695312e-08,-0.0039062537252902985
random,98,6,anchorshift,-5.960464477539063e-08,-0.04687499813735485
random,98,6,driftgate,-0.1250000149011612,-0.04687499813735485
random,98,6,fluxpatch,-0.12499991059303284,-0.04687499813735485
random,98,6,motifbridge,0.06249997019767761,-0.04687499813735485
random,98,6,phasenest,-0.0625,-0.04687499813735485
random,98,6,phasesar,-0.0625,-0.04687499813735485
random,98,6,quorumweave,0.0,-0.04687499813735485
random,98,6,shardbloom,-0.06249997019767761,-0.04687499813735485
random,98,7,anchorshift,-0.03125002980232239,-0.019531255587935448
random,98,7,driftgate,-0.03125,-0.019531255587935448
random,98,7,fluxpatch,-1.4901161193847656e-08,-0.019531255587935448
random,98,7,motifbridge,-2.9802322387695312e-08,-0.019531255587935448
random,98,7,phasenest,0.0,-0.019531255587935448
random,98,7,phasesar,-0.03125,-0.019531255587935448
random,98,7,quorumweave,-0.0625,-0.019531255587935448
random,98,7,shardbloom,2.9802322387695312e-08,-0.019531255587935448
random,98,8,anchorshift,-0.03125002980232239,-0.011718753725290298
random,98,8,driftgate,-0.03125,-0.011718753725290298
random,98,8,fluxpatch,-0.062499985098838806,-0.011718753725290298
random,98,8,motifbridge,0.03124995529651642,-0.011718753725290298
random,98,8,phasenest,-0.03125,-0.011718753725290298
random,98,8,phasesar,0.0625,-0.011718753725290298
random,98,8,quorumweave,0.0,-0.011718753725290298
random,98,8,shardbloom,-0.031249970197677612,-0.011718753725290298
random,99,1,anchorshift,-0.06250002980232239,-0.01953125186264515
random,99,1,driftgate,-0.0625,-0.01953125186264515
random,99,1,fluxpatch,-0.0625,-0.01953125186264515
random,99,1,motifbridge,-2.9802322387695312e-08,-0.01953125186264515
random,99,1,phasenest,0.03125,-0.01953125186264515
random,99,1,phasesar,0.031249985098838806,-0.01953125186264515
random,99,1,quorumweave,0.03125,-0.01953125186264515
random,99,1,shardbloom,-0.062499940395355225,-0.01953125186264515
random,99,2,anchorshift,-2.9802322387695312e-08,-0.015625
random,99,2,driftgate,-0.062499985098838806,-0.015625
random,99,2,fluxpatch,-0.03125,-0.015625
random,99,2,motifbridge,0.031249970197677612,-0.015625
random,99,2,phasenest,0.0,-0.015625
random,99,2,phasesar,1.4901161193847656e-08,-0.015625
random,99,2,quorumweave,-0.03125,-0.015625
random,99,2,shardbloom,-0.031249970197677612,-0.015625
random,99,3,anchorshift,0.031249970197677612,0.027343740686774254
random,99,3,driftgate,-2.9802322387695312e-08,0.027343740686774254
random,99,3,fluxpatch,0.03125,0.027343740686774254
random,99,3,motifbridge,0.09374995529651642,0.027343740686774254
random,99,3,phasenest,0.03125,0.027343740686774254
random,99,3,phasesar,0.09375,0.027343740686774254
random,99,3,quorumweave,-0.0625,0.027343740686774254
random,99,3,shardbloom,2.9802322387695312e-08,0.027343740686774254
random,99,4,anchorshift,-0.031249970197677612,-0.003906240686774254
random,99,4,driftgate,-0.062499985098838806,-0.003906240686774254
random,99,4,fluxpatch,1.4901161193847656e-08,-0.003906240686774254
random,99,4,motifbridge,0.06249995529651642,-0.003906240686774254
random,99,4,phasenest,-0.031249970197677612,-0.003906240686774254
random,99,4,phasesar,-0.03125,-0.003906240686774254
random,99,4,quorumweave,-0.03125,-0.003906240686774254
random,99,4,shardbloom,0.09375002980232239,-0.003906240686774254
random,99,5,anchorshift,0.03125,0.023437504656612873
random,99,5,driftgate,-0.0625,0.023437504656612873
random,99,5,fluxpatch,0.0625,0.023437504656612873
random,99,5,motifbridge,-2.9802322387695312e-08,0.023437504656612873
random,99,5,phasenest,0.031250037252902985,0.023437504656612873
random,99,5,phasesar,0.03125,0.023437504656612873
random,99,5,quorumweave,0.0625,0.023437504656612873
random,99,5,shardbloom,0.03125002980232239,0.023437504656612873
random,99,6,anchorshift,-0.0625,0.015625013038516045
random,99,6,driftgate,-0.031249985098838806,0.015625013038516045
random,99,6,fluxpatch,0.0937499850988388,0.015625013038516045
random,99,6,motifbridge,0.031250014901161194,0.015625013038516045
random,99,6,phasenest,0.03125002980232239,0.015625013038516045
random,99,6,phasesar,0.03125,0.015625013038516045
random,99,6,quorumweave,0.0,0.015625013038516045
random,99,6,shardbloom,0.031250059604644775,0.015625013038516045
random,99,7,anchorshift,-2.9802322387695312e-08,0.03125000651925802
random,99,7,driftgate,0.031250014901161194,0.03125000651925802
random,99,7,fluxpatch,0.0625000149011612,0.03125000651925802
random,99,7,motifbridge,0.031249970197677612,0.03125000651925802
random,99,7,phasenest,3.725290298461914e-08,0.03125000651925802
random,99,7,phasesar,0.031249985098838806,0.03125000651925802
random,99,7,quorumweave,0.09375,0.03125000651925802
random,99,7,shardbloom,5.960464477539063e-08,0.03125000651925802
random,99,8,anchorshift,0.0,0.0039062537252902985
random,99,8,driftgate,0.0,0.0039062537252902985
random,99,8,fluxpatch,0.0,0.0039062537252902985
random,99,8,motifbridge,-2.9802322387695312e-08,0.0039062537252902985
random,99,8,phasenest,-0.03125,0.0039062537252902985
random,99,8,phasesar,0.0,0.0039062537252902985
random,99,8,quorumweave,0.0,0.0039062537252902985
random,99,8,shardbloom,0.06250005960464478,0.0039062537252902985
shuffled_labels,0,1,anchorshift,-0.031250059604644775,-0.015625
shuffled_labels,0,1,driftgate,-0.031249985098838806,-0.015625
shuffled_labels,0,1,fluxpatch,-0.0625,-0.015625
shuffled_labels,0,1,motifbridge,1.4901161193847656e-08,-0.015625
shuffled_labels,0,1,phasenest,0.03125,-0.015625
shuffled_labels,0,1,phasesar,-0.03125,-0.015625
shuffled_labels,0,1,quorumweave,0.0,-0.015625
shuffled_labels,0,1,shardbloom,2.9802322387695312e-08,-0.015625
shuffled_labels,0,2,anchorshift,0.031249970197677612,0.0390624962747097
shuffled_labels,0,2,driftgate,0.0,0.0390624962747097
shuffled_labels,0,2,fluxpatch,1.4901161193847656e-08,0.0390624962747097
shuffled_labels,0,2,motifbridge,0.062499985098838806,0.0390624962747097
shuffled_labels,0,2,phasenest,0.06249997019767761,0.0390624962747097
shuffled_labels,0,2,phasesar,0.0625,0.0390624962747097
shuffled_labels,0,2,quorumweave,0.0,0.0390624962747097
shuffled_labels,0,2,shardbloom,0.09375002980232239,0.0390624962747097
shuffled_labels,0,3,anchorshift,0.09374997019767761,0.046875
shuffled_labels,0,3,driftgate,0.03125,0.046875
shuffled_labels,0,3,fluxpatch,0.03125,0.046875
shuffled_labels,0,3,motifbridge,-0.03125,0.046875
shuffled_labels,0,3,phasenest,0.125,0.046875
shuffled_labels,0,3,phasesar,0.03125,0.046875
shuffled_labels,0,3,quorumweave,0.0625,0.046875
shuffled_labels,0,3,shardbloom,0.03125002980232239,0.046875
shuffled_labels,0,4,anchorshift,0.09375,0.050781247206032276
shuffled_labels,0,4,driftgate,0.031249985098838806,0.050781247206032276
shuffled_labels,0,4,fluxpatch,0.0,0.050781247206032276
shuffled_labels,0,4,motifbridge,-0.03125002980232239,0.050781247206032276
shuffled_labels,0,4,phasenest,0.0937500074505806,0.050781247206032276
shuffled_labels,0,4,phasesar,0.0625,0.050781247206032276
shuffled_labels,0,4,quorumweave,0.062499985098838806,0.050781247206032276
shuffled_labels,0,4,shardbloom,0.09375002980232239,0.050781247206032276
shuffled_labels,0,5,anchorshift,0.09374995529651642,0.1914062425494194
shuffled_labels,0,5,driftgate,0.1875,0.1914062425494194
shuffled_labels,0,5,fluxpatch,0.15625,0.1914062425494194
shuffled_labels,0,5,motifbridge,0.15624995529651642,0.1914062425494194
shuffled_labels,0,5,phasenest,0.3125,0.1914062425494194
shuffled_labels,0,5,phasesar,0.125,0.1914062425494194
shuffled_labels,0,5,quorumweave,0.21875,0.1914062425494194
shuffled_labels,0,5,shardbloom,0.2812500298023224,0.1914062425494194
shuffled_labels,0,6,anchorshift,0.12499997019767761,0.23046874534338713
shuffled_labels,0,6,driftgate,0.28125,0.23046874534338713
shuffled_labels,0,6,fluxpatch,0.15625,0.23046874534338713
shuffled_labels,0,6,motifbridge,0.12499995529651642,0.23046874534338713
shuffled_labels,0,6,phasenest,0.375,0.23046874534338713
shuffled_labels,0,6,phasesar,0.2500000223517418,0.23046874534338713
shuffled_labels,0,6,quorumweave,0.2187499850988388,0.23046874534338713
shuffled_labels,0,6,shardbloom,0.3125000298023224,0.23046874534338713
shuffled_labels,0,7,anchorshift,0.12499997019767761,0.19531248975545168
shuffled_labels,0,7,driftgate,0.21875,0.19531248975545168
shuffled_labels,0,7,fluxpatch,0.1874999701976776,0.19531248975545168
shuffled_labels,0,7,motifbridge,0.12499997019767761,0.19531248975545168
shuffled_labels,0,7,phasenest,0.3125,0.19531248975545168
shuffled_labels,0,7,phasesar,0.0937500149011612,0.19531248975545168
shuffled_labels,0,7,quorumweave,0.2187499776482582,0.19531248975545168
shuffled_labels,0,7,shardbloom,0.2812500149011612,0.19531248975545168
shuffled_labels,0,8,anchorshift,0.06249997019767761,0.2070312537252903
shuffled_labels,0,8,driftgate,0.2500000298023224,0.2070312537252903
shuffled_labels,0,8,fluxpatch,0.1875,0.2070312537252903
shuffled_labels,0,8,motifbridge,0.0937499850988388,0.2070312537252903
shuffled_labels,0,8,phasenest,0.3437500149011612,0.2070312537252903
shuffled_labels,0,8,phasesar,0.15625,0.2070312537252903
shuffled_labels,0,8,quorumweave,0.25,0.2070312537252903
shuffled_labels,0,8,shardbloom,0.3125000298023224,0.2070312537252903
shuffled_labels,1,1,anchorshift,0.06249997019767761,0.003906247206032276
shuffled_labels,1,1,driftgate,-0.0937500074505806,0.003906247206032276
shuffled_labels,1,1,fluxpatch,0.0,0.003906247206032276
shuffled_labels,1,1,motifbridge,-0.06250004470348358,0.003906247206032276
shuffled_labels,1,1,phasenest,0.031250014901161194,0.003906247206032276
shuffled_labels,1,1,phasesar,0.031250014901161194,0.003906247206032276
shuffled_labels,1,1,quorumweave,0.0,0.003906247206032276
shuffled_labels,1,1,shardbloom,0.06250002980232239,0.003906247206032276
shuffled_labels,1,2,anchorshift,0.09374997019767761,-0.027343740686774254
shuffled_labels,1,2,driftgate,-0.09375,-0.027343740686774254
shuffled_labels,1,2,fluxpatch,-0.03125,-0.027343740686774254
shuffled_labels,1,2,motifbridge,0.031249970197677612,-0.027343740686774254
shuffled_labels,1,2,phasenest,-0.1249999850988388,-0.027343740686774254
shuffled_labels,1,2,phasesar,-0.062499940395355225,-0.027343740686774254
shuffled_labels,1,2,quorumweave,-0.03125,-0.027343740686774254
shuffled_labels,1,2,shardbloom,5.960464477539063e-08,-0.027343740686774254
shuffled_labels,1,3,anchorshift,0.2187499701976776,0.02343749813735485
shuffled_labels,1,3,driftgate,-0.0625,0.02343749813735485
shuffled_labels,1,3,fluxpatch,0.0625,0.02343749813735485
shuffled_labels,1,3,motifbridge,-0.06250002980232239,0.02343749813735485
shuffled_labels,1,3,phasenest,-0.0937499850988388,0.02343749813735485
shuffled_labels,1,3,phasesar,-0.0625,0.02343749813735485
shuffled_labels,1,3,quorumweave,0.0625,0.02343749813735485
shuffled_labels,1,3,shardbloom,0.1250000298023224,0.02343749813735485
shuffled_labels,1,4,anchorshift,0.2187499701976776,0.01953126024454832
shuffled_labels,1,4,driftgate,-0.0625,0.01953126024454832
shuffled_labels,1,4,fluxpatch,5.960464477539063e-08,0.01953126024454832
shuffled_labels,1,4,motifbridge,-0.06250002980232239,0.01953126024454832
shuffled_labels,1,4,phasenest,-0.06249992549419403,0.01953126024454832
shuffled_labels,1,4,phasesar,-0.031250014901161194,0.01953126024454832
shuffled_labels,1,4,quorumweave,0.0624999925494194,0.01953126024454832
shuffled_labels,1,4,shardbloom,0.09375002980232239,0.01953126024454832
shuffled_labels,1,5,anchorshift,0.1874999701976776,0.023437497206032276
shuffled_labels,1,5,driftgate,0.0,0.023437497206032276
shuffled_labels,1,5,fluxpatch,0.03125,0.023437497206032276
shuffled_labels,1,5,motifbridge,-0.09375002235174179,0.023437497206032276
shuffled_labels,1,5,phasenest,-0.03125,0.023437497206032276
shuffled_labels,1,5,phasesar,-0.0625,0.023437497206032276
shuffled_labels,1,5,quorumweave,0.0625,0.023437497206032276
shuffled_labels,1,5,shardbloom,0.09375002980232239,0.023437497206032276
shuffled_labels,1,6,anchorshift,0.2187499701976776,0.0703125037252903
shuffled_labels,1,6,driftgate,-1.4901161193847656e-08,0.0703125037252903
shuffled_labels,1,6,fluxpatch,0.0625000149011612,0.0703125037252903
shuffled_labels,1,6,motifbridge,-2.9802322387695312e-08,0.0703125037252903
shuffled_labels,1,6,phasenest,0.0625,0.0703125037252903
shuffled_labels,1,6,phasesar,0.031250059604644775,0.0703125037252903
shuffled_labels,1,6,quorumweave,0.09375,0.0703125037252903
shuffled_labels,1,6,shardbloom,0.09375002980232239,0.0703125037252903
shuffled_labels,1,7,anchorshift,0.2187499701976776,0.08593749068677425
shuffled_labels,1,7,driftgate,0.031249985098838806,0.08593749068677425
shuffled_labels,1,7,fluxpatch,0.09375,0.08593749068677425
shuffled_labels,1,7,motifbridge,-5.960464477539063e-08,0.08593749068677425
shuffled_labels,1,7,phasenest,0.0625,0.08593749068677425
shuffled_labels,1,7,phasesar,-0.03125,0.08593749068677425
shuffled_labels,1,7,quorumweave,0.15625,0.08593749068677425
shuffled_labels,1,7,shardbloom,0.1562500298023224,0.08593749068677425
shuffled_labels,1,8,anchorshift,0.15624994039535522,0.07812500931322575
shuffled_labels,1,8,driftgate,0.0,0.07812500931322575
shuffled_labels,1,8,fluxpatch,0.06250005960464478,0.07812500931322575
shuffled_labels,1,8,motifbridge,0.031249985098838806,0.07812500931322575
shuffled_labels,1,8,phasenest,0.12500005960464478,0.07812500931322575
shuffled_labels,1,8,phasesar,-0.0625,0.07812500931322575
shuffled_labels,1,8,quorumweave,0.1875,0.07812500931322575
shuffled_labels,1,8,shardbloom,0.1250000298023224,0.07812500931322575
shuffled_labels,2,1,anchorshift,-0.03125,-0.007812503725290298
shuffled_labels,2,1,driftgate,-0.03125002980232239,-0.007812503725290298
shuffled_labels,2,1,fluxpatch,-1.4901161193847656e-08,-0.007812503725290298
shuffled_labels,2,1,motifbridge,0.031249970197677612,-0.007812503725290298
shuffled_labels,2,1,phasenest,-0.0625,-0.007812503725290298
shuffled_labels,2,1,phasesar,-1.4901161193847656e-08,-0.007812503725290298
shuffled_labels,2,1,quorumweave,-0.03125,-0.007812503725290298
shuffled_labels,2,1,shardbloom,0.06250005960464478,-0.007812503725290298
shuffled_labels,2,2,anchorshift,0.06249997019767761,0.03515624534338713
shuffled_labels,2,2,driftgate,-0.03125,0.03515624534338713
shuffled_labels,2,2,fluxpatch,0.09375,0.03515624534338713
shuffled_labels,2,2,motifbridge,-0.03125002980232239,0.03515624534338713
shuffled_labels,2,2,phasenest,0.03125,0.03515624534338713
shuffled_labels,2,2,phasesar,0.0937499850988388,0.03515624534338713
shuffled_labels,2,2,quorumweave,0.0312500074505806,0.03515624534338713
shuffled_labels,2,2,shardbloom,0.03125002980232239,0.03515624534338713
shuffled_labels,2,3,anchorshift,0.09374997019767761,0.078125
shuffled_labels,2,3,driftgate,0.0937500149011612,0.078125
shuffled_labels,2,3,fluxpatch,0.125,0.078125
shuffled_labels,2,3,motifbridge,0.06249995529651642,0.078125
shuffled_labels,2,3,phasenest,7.450580596923828e-09,0.078125
shuffled_labels,2,3,phasesar,0.031250014901161194,0.078125
shuffled_labels,2,3,quorumweave,0.0937500074505806,0.078125
shuffled_labels,2,3,shardbloom,0.1250000298023224,0.078125
shuffled_labels,2,4,anchorshift,0.15625,0.12499999813735485
shuffled_labels,2,4,driftgate,0.0,0.12499999813735485
shuffled_labels,2,4,fluxpatch,0.1875000149011612,0.12499999813735485
shuffled_labels,2,4,motifbridge,0.1562499701976776,0.12499999813735485
shuffled_labels,2,4,phasenest,0.125,0.12499999813735485
shuffled_labels,2,4,phasesar,0.062499985098838806,0.12499999813735485
shuffled_labels,2,4,quorumweave,0.1874999850988388,0.12499999813735485
shuffled_labels,2,4,shardbloom,0.1250000298023224,0.12499999813735485
shuffled_labels,2,5,anchorshift,0.1874999701976776,0.09765624441206455
shuffled_labels,2,5,driftgate,0.0625,0.09765624441206455
shuffled_labels,2,5,fluxpatch,0.2187499850988388,0.09765624441206455
shuffled_labels,2,5,motifbridge,-2.9802322387695312e-08,0.09765624441206455
shuffled_labels,2,5,phasenest,0.0625,0.09765624441206455
shuffled_labels,2,5,phasesar,0.0,0.09765624441206455
shuffled_labels,2,5,quorumweave,0.09375,0.09765624441206455
shuffled_labels,2,5,shardbloom,0.1562500298023224,0.09765624441206455
shuffled_labels,2,6,anchorshift,0.1874999701976776,0.1367187425494194
shuffled_labels,2,6,driftgate,0.0625000149011612,0.1367187425494194
shuffled_labels,2,6,fluxpatch,0.25,0.1367187425494194
shuffled_labels,2,6,motifbridge,0.031249970197677612,0.1367187425494194
shuffled_labels,2,6,phasenest,0.15624995529651642,0.1367187425494194
shuffled_labels,2,6,phasesar,0.0625,0.1367187425494194
shuffled_labels,2,6,quorumweave,0.15625,0.1367187425494194
shuffled_labels,2,6,shardbloom,0.1875000298023224,0.1367187425494194
shuffled_labels,2,7,anchorshift,0.21874991059303284,0.12499997857958078
shuffled_labels,2,7,driftgate,0.062499985098838806,0.12499997857958078
shuffled_labels,2,7,fluxpatch,0.15625,0.12499997857958078
shuffled_labels,2,7,motifbridge,0.03124995529651642,0.12499997857958078
shuffled_labels,2,7,phasenest,0.15624995529651642,0.12499997857958078
shuffled_labels,2,7,phasesar,0.031249985098838806,0.12499997857958078
shuffled_labels,2,7,quorumweave,0.1562500074505806,0.12499997857958078
shuffled_labels,2,7,shardbloom,0.1875000298023224,0.12499997857958078
shuffled_labels,2,8,anchorshift,0.1875,0.13671875465661287
shuffled_labels,2,8,driftgate,0.0625,0.13671875465661287
shuffled_labels,2,8,fluxpatch,0.21875,0.13671875465661287
shuffled_labels,2,8,motifbridge,0.09374997019767761,0.13671875465661287
shuffled_labels,2,8,phasenest,0.1875000298023224,0.13671875465661287
shuffled_labels,2,8,phasesar,0.0625,0.13671875465661287
shuffled_labels,2,8,quorumweave,0.1875000074505806,0.13671875465661287
shuffled_labels,2,8,shardbloom,0.09375002980232239,0.13671875465661287
shuffled_labels,3,1,anchorshift,0.031249970197677612,-0.007812498137354851
shuffled_labels,3,1,driftgate,-0.031249985098838806,-0.007812498137354851
shuffled_labels,3,1,fluxpatch,-0.031249970197677612,-0.007812498137354851
shuffled_labels,3,1,motifbridge,0.031249970197677612,-0.007812498137354851
shuffled_labels,3,1,phasenest,-0.03125,-0.007812498137354851
shuffled_labels,3,1,phasesar,0.0625,-0.007812498137354851
shuffled_labels,3,1,quorumweave,-0.03125,-0.007812498137354851
shuffled_labels,3,1,shardbloom,-0.06249997019767761,-0.007812498137354851
shuffled_labels,3,2,anchorshift,0.06249997019767761,-0.019531257450580597
shuffled_labels,3,2,driftgate,-0.0937500149011612,-0.019531257450580597
shuffled_labels,3,2,fluxpatch,-0.03125,-0.019531257450580597
shuffled_labels,3,2,motifbridge,-2.9802322387695312e-08,-0.019531257450580597
shuffled_labels,3,2,phasenest,-0.0625000149011612,-0.019531257450580597
shuffled_labels,3,2,phasesar,-0.03125,-0.019531257450580597
shuffled_labels,3,2,quorumweave,-0.09375,-0.019531257450580597
shuffled_labels,3,2,shardbloom,0.09375002980232239,-0.019531257450580597
shuffled_labels,3,3,anchorshift,0.06249997019767761,0.05078124813735485
shuffled_labels,3,3,driftgate,-0.03125,0.05078124813735485
shuffled_labels,3,3,fluxpatch,0.0625,0.05078124813735485
shuffled_labels,3,3,motifbridge,0.06249995529651642,0.05078124813735485
shuffled_labels,3,3,phasenest,0.0625,0.05078124813735485
shuffled_labels,3,3,phasesar,0.0625000149011612,0.05078124813735485
shuffled_labels,3,3,quorumweave,0.031249985098838806,0.05078124813735485
shuffled_labels,3,3,shardbloom,0.09375005960464478,0.05078124813735485
shuffled_labels,3,4,anchorshift,0.12499997019767761,0.031249990686774254
shuffled_labels,3,4,driftgate,-0.031250014901161194,0.031249990686774254
shuffled_labels,3,4,fluxpatch,0.03125,0.031249990686774254
shuffled_labels,3,4,motifbridge,-0.03125002980232239,0.031249990686774254
shuffled_labels,3,4,phasenest,-0.03125002980232239,0.031249990686774254
shuffled_labels,3,4,phasesar,0.0625,0.031249990686774254
shuffled_labels,3,4,quorumweave,0.0,0.031249990686774254
shuffled_labels,3,4,shardbloom,0.1250000298023224,0.031249990686774254
shuffled_labels,3,5,anchorshift,0.06249997019767761,0.0273437462747097
shuffled_labels,3,5,driftgate,-0.03125,0.0273437462747097
shuffled_labels,3,5,fluxpatch,0.0,0.0273437462747097
shuffled_labels,3,5,motifbridge,-2.9802322387695312e-08,0.0273437462747097
shuffled_labels,3,5,phasenest,0.0,0.0273437462747097
shuffled_labels,3,5,phasesar,0.0625,0.0273437462747097
shuffled_labels,3,5,quorumweave,0.03125,0.0273437462747097
shuffled_labels,3,5,shardbloom,0.09375002980232239,0.0273437462747097
shuffled_labels,3,6,anchorshift,0.09374994039535522,0.12499999441206455
shuffled_labels,3,6,driftgate,0.031249985098838806,0.12499999441206455
shuffled_labels,3,6,fluxpatch,0.1562500298023224,0.12499999441206455
shuffled_labels,3,6,motifbridge,0.06249997019767761,0.12499999441206455
shuffled_labels,3,6,phasenest,0.125,0.12499999441206455
shuffled_labels,3,6,phasesar,0.15625,0.12499999441206455
shuffled_labels,3,6,quorumweave,0.15625,0.12499999441206455
shuffled_labels,3,6,shardbloom,0.2187500298023224,0.12499999441206455
shuffled_labels,3,7,anchorshift,0.03125,0.10546874906867743
shuffled_labels,3,7,driftgate,0.06250002980232239,0.10546874906867743
shuffled_labels,3,7,fluxpatch,0.15625,0.10546874906867743
shuffled_labels,3,7,motifbridge,-7.450580596923828e-08,0.10546874906867743
shuffled_labels,3,7,phasenest,0.0937500074505806,0.10546874906867743
shuffled_labels,3,7,phasesar,0.15625,0.10546874906867743
shuffled_labels,3,7,quorumweave,0.15625,0.10546874906867743
shuffled_labels,3,7,shardbloom,0.1875000298023224,0.10546874906867743
shuffled_labels,3,8,anchorshift,-2.9802322387695312e-08,0.08203124441206455
shuffled_labels,3,8,driftgate,0.0625,0.08203124441206455
shuffled_labels,3,8,fluxpatch,0.125,0.08203124441206455
shuffled_labels,3,8,motifbridge,-0.06250002980232239,0.08203124441206455
shuffled_labels,3,8,phasenest,0.062499985098838806,0.08203124441206455
shuffled_labels,3,8,phasesar,0.1875,0.08203124441206455
shuffled_labels,3,8,quorumweave,0.09375,0.08203124441206455
shuffled_labels,3,8,shardbloom,0.1875000298023224,0.08203124441206455
shuffled_labels,4,1,anchorshift,0.031249970197677612,0.0429687425494194
shuffled_labels,4,1,driftgate,-0.125,0.0429687425494194
shuffled_labels,4,1,fluxpatch,0.031250014901161194,0.0429687425494194
shuffled_labels,4,1,motifbridge,0.09374997019767761,0.0429687425494194
shuffled_labels,4,1,phasenest,0.12499995529651642,0.0429687425494194
shuffled_labels,4,1,phasesar,0.09375,0.0429687425494194
shuffled_labels,4,1,quorumweave,0.03125,0.0429687425494194
shuffled_labels,4,1,shardbloom,0.06250002980232239,0.0429687425494194
shuffled_labels,4,2,anchorshift,0.06249997019767761,0.13281248696148396
shuffled_labels,4,2,driftgate,0.1562499701976776,0.13281248696148396
shuffled_labels,4,2,fluxpatch,0.09374995529651642,0.13281248696148396
shuffled_labels,4,2,motifbridge,0.06249997019767761,0.13281248696148396
shuffled_labels,4,2,phasenest,0.3125,0.13281248696148396
shuffled_labels,4,2,phasesar,0.21875,0.13281248696148396
shuffled_labels,4,2,quorumweave,0.09375,0.13281248696148396
shuffled_labels,4,2,shardbloom,0.06250002980232239,0.13281248696148396
shuffled_labels,4,3,anchorshift,0.12499997019767761,0.14453125186264515
shuffled_labels,4,3,driftgate,0.1562499850988388,0.14453125186264515
shuffled_labels,4,3,fluxpatch,0.09375,0.14453125186264515
shuffled_labels,4,3,motifbridge,0.12499997019767761,0.14453125186264515
shuffled_labels,4,3,phasenest,0.2187500149011612,0.14453125186264515
shuffled_labels,4,3,phasesar,0.2187500149011612,0.14453125186264515
shuffled_labels,4,3,quorumweave,0.09375002980232239,0.14453125186264515
shuffled_labels,4,3,shardbloom,0.1250000298023224,0.14453125186264515
shuffled_labels,4,4,anchorshift,0.09375,0.06640624813735485
shuffled_labels,4,4,driftgate,0.0625,0.06640624813735485
shuffled_labels,4,4,fluxpatch,0.0625,0.06640624813735485
shuffled_labels,4,4,motifbridge,-0.06250007450580597,0.06640624813735485
shuffled_labels,4,4,phasenest,0.0625000149011612,0.06640624813735485
shuffled_labels,4,4,phasesar,0.125,0.06640624813735485
shuffled_labels,4,4,quorumweave,0.0625,0.06640624813735485
shuffled_labels,4,4,shardbloom,0.12500004470348358,0.06640624813735485
shuffled_labels,4,5,anchorshift,-0.031249985098838806,0.04687499813735485
shuffled_labels,4,5,driftgate,-0.0625,0.04687499813735485
shuffled_labels,4,5,fluxpatch,0.0625,0.04687499813735485
shuffled_labels,4,5,motifbridge,-0.09375004470348358,0.04687499813735485
shuffled_labels,4,5,phasenest,0.12499997019767761,0.04687499813735485
shuffled_labels,4,5,phasesar,0.125,0.04687499813735485
shuffled_labels,4,5,quorumweave,0.0625,0.04687499813735485
shuffled_labels,4,5,shardbloom,0.18750004470348358,0.04687499813735485
shuffled_labels,4,6,anchorshift,0.03125,0.11328125
shuffled_labels,4,6,driftgate,0.0625,0.11328125
shuffled_labels,4,6,fluxpatch,0.062499985098838806,0.11328125
shuffled_labels,4,6,motifbridge,0.09374997019767761,0.11328125
shuffled_labels,4,6,phasenest,0.21875,0.11328125
shuffled_labels,4,6,phasesar,0.15625,0.11328125
shuffled_labels,4,6,quorumweave,0.125,0.11328125
shuffled_labels,4,6,shardbloom,0.15625004470348358,0.11328125
shuffled_labels,4,7,anchorshift,0.1562499701976776,0.21875000558793545
shuffled_labels,4,7,driftgate,0.2499999701976776,0.21875000558793545
shuffled_labels,4,7,fluxpatch,0.2812500298023224,0.21875000558793545
shuffled_labels,4,7,motifbridge,0.03125,0.21875000558793545
shuffled_labels,4,7,phasenest,0.3125,0.21875000558793545
shuffled_labels,4,7,phasesar,0.1875000149011612,0.21875000558793545
shuffled_labels,4,7,quorumweave,0.25,0.21875000558793545
shuffled_labels,4,7,shardbloom,0.2812500596046448,0.21875000558793545
shuffled_labels,4,8,anchorshift,0.06249994784593582,0.21874999348074198
shuffled_labels,4,8,driftgate,0.2499999701976776,0.21874999348074198
shuffled_labels,4,8,fluxpatch,0.1874999701976776,0.21874999348074198
shuffled_labels,4,8,motifbridge,0.0937499850988388,0.21874999348074198
shuffled_labels,4,8,phasenest,0.4062500149011612,0.21874999348074198
shuffled_labels,4,8,phasesar,0.1875,0.21874999348074198
shuffled_labels,4,8,quorumweave,0.2500000298023224,0.21874999348074198
shuffled_labels,4,8,shardbloom,0.3125000298023224,0.21874999348074198
shuffled_labels,5,1,anchorshift,-5.960464477539063e-08,-0.027343754656612873
shuffled_labels,5,1,driftgate,0.0,-0.027343754656612873
shuffled_labels,5,1,fluxpatch,0.0,-0.027343754656612873
shuffled_labels,5,1,motifbridge,-2.9802322387695312e-08,-0.027343754656612873
shuffled_labels,5,1,phasenest,-0.0937499850988388,-0.027343754656612873
shuffled_labels,5,1,phasesar,-0.03125,-0.027343754656612873
shuffled_labels,5,1,quorumweave,-0.09375,-0.027343754656612873
shuffled_labels,5,1,shardbloom,3.725290298461914e-08,-0.027343754656612873
shuffled_labels,5,2,anchorshift,-0.03125,-0.05078125
shuffled_labels,5,2,driftgate,-0.09375004470348358,-0.05078125
shuffled_labels,5,2,fluxpatch,-0.0625,-0.05078125
shuffled_labels,5,2,motifbridge,-4.470348358154297e-08,-0.05078125
shuffled_labels,5,2,phasenest,-0.09375,-0.05078125
shuffled_labels,5,2,phasesar,-0.031249940395355225,-0.05078125
shuffled_labels,5,2,quorumweave,-0.09375,-0.05078125
shuffled_labels,5,2,shardbloom,2.9802322387695312e-08,-0.05078125
shuffled_labels,5,3,anchorshift,0.06249997019767761,1.4901161193847656e-08
shuffled_labels,5,3,driftgate,-0.031249970197677612,1.4901161193847656e-08
shuffled_labels,5,3,fluxpatch,-0.031249985098838806,1.4901161193847656e-08
shuffled_labels,5,3,motifbridge,-0.031249985098838806,1.4901161193847656e-08
shuffled_labels,5,3,phasenest,-0.03125,1.4901161193847656e-08
shuffled_labels,5,3,phasesar,-0.031249940395355225,1.4901161193847656e-08
shuffled_labels,5,3,quorumweave,0.03125,1.4901161193847656e-08
shuffled_labels,5,3,shardbloom,0.06250002980232239,1.4901161193847656e-08
shuffled_labels,5,4,anchorshift,0.031249970197677612,0.01562501396983862
shuffled_labels,5,4,driftgate,-0.0625,0.01562501396983862
shuffled_labels,5,4,fluxpatch,5.960464477539063e-08,0.01562501396983862
shuffled_labels,5,4,motifbridge,0.031249970197677612,0.01562501396983862
shuffled_labels,5,4,phasenest,1.4901161193847656e-08,0.01562501396983862
shuffled_labels,5,4,phasesar,0.031250059604644775,0.01562501396983862
shuffled_labels,5,4,quorumweave,0.0,0.01562501396983862
shuffled_labels,5,4,shardbloom,0.09375003725290298,0.01562501396983862
shuffled_labels,5,5,anchorshift,-2.9802322387695312e-08,0.011718744412064552
shuffled_labels,5,5,driftgate,-0.03125002980232239,0.011718744412064552
shuffled_labels,5,5,fluxpatch,0.0625000149011612,0.011718744412064552
shuffled_labels,5,5,motifbridge,-2.9802322387695312e-08,0.011718744412064552
shuffled_labels,5,5,phasenest,-0.03125,0.011718744412064552
shuffled_labels,5,5,phasesar,0.09375,0.011718744412064552
shuffled_labels,5,5,quorumweave,-0.03125,0.011718744412064552
shuffled_labels,5,5,shardbloom,0.03125002980232239,0.011718744412064552
shuffled_labels,5,6,anchorshift,-0.03125,0.039062497206032276
shuffled_labels,5,6,driftgate,0.03125,0.039062497206032276
shuffled_labels,5,6,fluxpatch,-2.9802322387695312e-08,0.039062497206032276
shuffled_labels,5,6,motifbridge,0.031249970197677612,0.039062497206032276
shuffled_labels,5,6,phasenest,0.12500003725290298,0.039062497206032276
shuffled_labels,5,6,phasesar,-0.03125002980232239,0.039062497206032276
shuffled_labels,5,6,quorumweave,0.125,0.039062497206032276
shuffled_labels,5,6,shardbloom,0.06250002980232239,0.039062497206032276
shuffled_labels,5,7,anchorshift,-2.9802322387695312e-08,0.0703124962747097
shuffled_labels,5,7,driftgate,0.0625,0.0703124962747097
shuffled_labels,5,7,fluxpatch,0.0,0.0703124962747097
shuffled_labels,5,7,motifbridge,0.06249997019767761,0.0703124962747097
shuffled_labels,5,7,phasenest,0.15625,0.0703124962747097
shuffled_labels,5,7,phasesar,0.0625,0.0703124962747097
shuffled_labels,5,7,quorumweave,0.09375,0.0703124962747097
shuffled_labels,5,7,shardbloom,0.1250000298023224,0.0703124962747097
shuffled_labels,5,8,anchorshift,-2.9802322387695312e-08,0.12890624441206455
shuffled_labels,5,8,driftgate,0.1874999701976776,0.12890624441206455
shuffled_labels,5,8,fluxpatch,0.09375,0.12890624441206455
shuffled_labels,5,8,motifbridge,0.06249995529651642,0.12890624441206455
shuffled_labels,5,8,phasenest,0.2500000298023224,0.12890624441206455
shuffled_labels,5,8,phasesar,0.1875,0.12890624441206455
shuffled_labels,5,8,quorumweave,0.15625,0.12890624441206455
shuffled_labels,5,8,shardbloom,0.09375002980232239,0.12890624441206455
shuffled_labels,6,1,anchorshift,-0.06250005960464478,-0.01562500838190317
shuffled_labels,6,1,driftgate,-0.0625000074505806,-0.01562500838190317
shuffled_labels,6,1,fluxpatch,0.0,-0.01562500838190317
shuffled_labels,6,1,motifbridge,-0.0625,-0.01562500838190317
shuffled_labels,6,1,phasenest,0.06249997019767761,-0.01562500838190317
shuffled_labels,6,1,phasesar,0.0,-0.01562500838190317
shuffled_labels,6,1,quorumweave,-0.03125,-0.01562500838190317
shuffled_labels,6,1,shardbloom,0.03125002980232239,-0.01562500838190317
shuffled_labels,6,2,anchorshift,0.0625,0.0390625074505806
shuffled_labels,6,2,driftgate,-0.031249970197677612,0.0390625074505806
shuffled_labels,6,2,fluxpatch,-0.031249970197677612,0.0390625074505806
shuffled_labels,6,2,motifbridge,-0.03125002980232239,0.0390625074505806
shuffled_labels,6,2,phasenest,0.125,0.0390625074505806
shuffled_labels,6,2,phasesar,0.09375,0.0390625074505806
shuffled_labels,6,2,quorumweave,0.03125,0.0390625074505806
shuffled_labels,6,2,shardbloom,0.09375002980232239,0.0390625074505806
shuffled_labels,6,3,anchorshift,-0.031250059604644775,0.06640623603016138
shuffled_labels,6,3,driftgate,0.09374997019767761,0.06640623603016138
shuffled_labels,6,3,fluxpatch,0.0,0.06640623603016138
shuffled_labels,6,3,motifbridge,0.06249997019767761,0.06640623603016138
shuffled_labels,6,3,phasenest,0.1562500074505806,0.06640623603016138
shuffled_labels,6,3,phasesar,0.125,0.06640623603016138
shuffled_labels,6,3,quorumweave,0.09375,0.06640623603016138
shuffled_labels,6,3,shardbloom,0.03125,0.06640623603016138
shuffled_labels,6,4,anchorshift,0.031249940395355225,0.0820312388241291
shuffled_labels,6,4,driftgate,0.062499985098838806,0.0820312388241291
shuffled_labels,6,4,fluxpatch,0.0625,0.0820312388241291
shuffled_labels,6,4,motifbridge,-0.03125004470348358,0.0820312388241291
shuffled_labels,6,4,phasenest,0.21875,0.0820312388241291
shuffled_labels,6,4,phasesar,0.09375,0.0820312388241291
shuffled_labels,6,4,quorumweave,0.09375,0.0820312388241291
shuffled_labels,6,4,shardbloom,0.1250000298023224,0.0820312388241291
shuffled_labels,6,5,anchorshift,0.09374997019767761,0.08984375558793545
shuffled_labels,6,5,driftgate,0.0625,0.08984375558793545
shuffled_labels,6,5,fluxpatch,-0.031249970197677612,0.08984375558793545
shuffled_labels,6,5,motifbridge,0.03125,0.08984375558793545
shuffled_labels,6,5,phasenest,0.1562500149011612,0.08984375558793545
shuffled_labels,6,5,phasesar,0.125,0.08984375558793545
shuffled_labels,6,5,quorumweave,0.1875,0.08984375558793545
shuffled_labels,6,5,shardbloom,0.09375002980232239,0.08984375558793545
shuffled_labels,6,6,anchorshift,-0.031250059604644775,0.0820312350988388
shuffled_labels,6,6,driftgate,0.031249970197677612,0.0820312350988388
shuffled_labels,6,6,fluxpatch,0.03125,0.0820312350988388
shuffled_labels,6,6,motifbridge,0.062499940395355225,0.0820312350988388
shuffled_labels,6,6,phasenest,0.25,0.0820312350988388
shuffled_labels,6,6,phasesar,0.15625,0.0820312350988388
shuffled_labels,6,6,quorumweave,0.09375,0.0820312350988388
shuffled_labels,6,6,shardbloom,0.06250002980232239,0.0820312350988388
shuffled_labels,6,7,anchorshift,0.09374997019767761,0.1328124925494194
shuffled_labels,6,7,driftgate,0.0937499850988388,0.1328124925494194
shuffled_labels,6,7,fluxpatch,0.0625,0.1328124925494194
shuffled_labels,6,7,motifbridge,0.09374997019767761,0.1328124925494194
shuffled_labels,6,7,phasenest,0.2187499701976776,0.1328124925494194
shuffled_labels,6,7,phasesar,0.2187500149011612,0.1328124925494194
shuffled_labels,6,7,quorumweave,0.125,0.1328124925494194
shuffled_labels,6,7,shardbloom,0.1562500298023224,0.1328124925494194
shuffled_labels,6,8,anchorshift,0.09374997019767761,0.14453124068677425
shuffled_labels,6,8,driftgate,0.09375,0.14453124068677425
shuffled_labels,6,8,fluxpatch,0.09375,0.14453124068677425
shuffled_labels,6,8,motifbridge,0.06249997019767761,0.14453124068677425
shuffled_labels,6,8,phasenest,0.3437499701976776,0.14453124068677425
shuffled_labels,6,8,phasesar,0.1562499850988388,0.14453124068677425
shuffled_labels,6,8,quorumweave,0.15625,0.14453124068677425
shuffled_labels,6,8,shardbloom,0.1562500298023224,0.14453124068677425
shuffled_labels,7,1,anchorshift,-2.9802322387695312e-08,-0.011718753725290298
shuffled_labels,7,1,driftgate,0.0,-0.011718753725290298
shuffled_labels,7,1,fluxpatch,0.03125,-0.011718753725290298
shuffled_labels,7,1,motifbridge,-0.03125002980232239,-0.011718753725290298
shuffled_labels,7,1,phasenest,-0.03125,-0.011718753725290298
shuffled_labels,7,1,phasesar,0.0,-0.011718753725290298
shuffled_labels,7,1,quorumweave,-0.03125,-0.011718753725290298
shuffled_labels,7,1,shardbloom,-0.031249970197677612,-0.011718753725290298
shuffled_labels,7,2,anchorshift,0.12499988079071045,0.10937498789280653
shuffled_labels,7,2,driftgate,0.031250014901161194,0.10937498789280653
shuffled_labels,7,2,fluxpatch,0.1562499701976776,0.10937498789280653
shuffled_labels,7,2,motifbridge,0.06249997764825821,0.10937498789280653
shuffled_labels,7,2,phasenest,0.21875004470348358,0.10937498789280653
shuffled_labels,7,2,phasesar,0.125,0.10937498789280653
shuffled_labels,7,2,quorumweave,0.031249985098838806,0.10937498789280653
shuffled_labels,7,2,shardbloom,0.1250000298023224,0.10937498789280653
shuffled_labels,7,3,anchorshift,0.12499997019767761,0.13671875186264515
shuffled_labels,7,3,driftgate,0.03125,0.13671875186264515
shuffled_labels,7,3,fluxpatch,0.15625,0.13671875186264515
shuffled_labels,7,3,motifbridge,0.0625,0.13671875186264515
shuffled_labels,7,3,phasenest,0.125,0.13671875186264515
shuffled_labels,7,3,phasesar,0.2187499850988388,0.13671875186264515
shuffled_labels,7,3,quorumweave,0.1875,0.13671875186264515
shuffled_labels,7,3,shardbloom,0.18750005960464478,0.13671875186264515
shuffled_labels,7,4,anchorshift,0.1874999701976776,0.11718750558793545
shuffled_labels,7,4,driftgate,0.03125002980232239,0.11718750558793545
shuffled_labels,7,4,fluxpatch,0.09375005960464478,0.11718750558793545
shuffled_labels,7,4,motifbridge,0.09374997019767761,0.11718750558793545
shuffled_labels,7,4,phasenest,0.15625,0.11718750558793545
shuffled_labels,7,4,phasesar,0.125,0.11718750558793545
shuffled_labels,7,4,quorumweave,0.0937500149011612,0.11718750558793545
shuffled_labels,7,4,shardbloom,0.15625,0.11718750558793545
shuffled_labels,7,5,anchorshift,0.12499994039535522,0.18359373323619366
shuffled_labels,7,5,driftgate,0.12499997019767761,0.18359373323619366
shuffled_labels,7,5,fluxpatch,0.28125,0.18359373323619366
shuffled_labels,7,5,motifbridge,0.06249995529651642,0.18359373323619366
shuffled_labels,7,5,phasenest,0.2499999701976776,0.18359373323619366
shuffled_labels,7,5,phasesar,0.25,0.18359373323619366
shuffled_labels,7,5,quorumweave,0.125,0.18359373323619366
shuffled_labels,7,5,shardbloom,0.2500000298023224,0.18359373323619366
shuffled_labels,7,6,anchorshift,0.09374995529651642,0.2148437462747097
shuffled_labels,7,6,driftgate,0.1562499701976776,0.2148437462747097
shuffled_labels,7,6,fluxpatch,0.2812500298023224,0.2148437462747097
shuffled_labels,7,6,motifbridge,0.12499997764825821,0.2148437462747097
shuffled_labels,7,6,phasenest,0.3124999925494194,0.2148437462747097
shuffled_labels,7,6,phasesar,0.28125,0.2148437462747097
shuffled_labels,7,6,quorumweave,0.21875,0.2148437462747097
shuffled_labels,7,6,shardbloom,0.2500000447034836,0.2148437462747097
shuffled_labels,7,7,anchorshift,0.15624994039535522,0.2070312388241291
shuffled_labels,7,7,driftgate,0.1562499850988388,0.2070312388241291
shuffled_labels,7,7,fluxpatch,0.21875,0.2070312388241291
shuffled_labels,7,7,motifbridge,0.12499995529651642,0.2070312388241291
shuffled_labels,7,7,phasenest,0.28125,0.2070312388241291
shuffled_labels,7,7,phasesar,0.2812500149011612,0.2070312388241291
shuffled_labels,7,7,quorumweave,0.2187499850988388,0.2070312388241291
shuffled_labels,7,7,shardbloom,0.2187500298023224,0.2070312388241291
shuffled_labels,7,8,anchorshift,0.062499985098838806,0.21093750186264515
shuffled_labels,7,8,driftgate,0.2187499850988388,0.21093750186264515
shuffled_labels,7,8,fluxpatch,0.3125,0.21093750186264515
shuffled_labels,7,8,motifbridge,0.125,0.21093750186264515
shuffled_labels,7,8,phasenest,0.25,0.21093750186264515
shuffled_labels,7,8,phasesar,0.3125,0.21093750186264515
shuffled_labels,7,8,quorumweave,0.18750004470348358,0.21093750186264515
shuffled_labels,7,8,shardbloom,0.21875,0.21093750186264515
shuffled_labels,8,1,anchorshift,0.031249970197677612,-0.01953125186264515
shuffled_labels,8,1,driftgate,1.4901161193847656e-08,-0.01953125186264515
shuffled_labels,8,1,fluxpatch,-0.0625000149011612,-0.01953125186264515
shuffled_labels,8,1,motifbridge,-0.0625000149011612,-0.01953125186264515
shuffled_labels,8,1,phasenest,-0.03125,-0.01953125186264515
shuffled_labels,8,1,phasesar,0.0,-0.01953125186264515
shuffled_labels,8,1,quorumweave,-0.0625,-0.01953125186264515
shuffled_labels,8,1,shardbloom,0.03125002980232239,-0.01953125186264515
shuffled_labels,8,2,anchorshift,-2.9802322387695312e-08,0.007812494412064552
shuffled_labels,8,2,driftgate,-0.125,0.007812494412064552
shuffled_labels,8,2,fluxpatch,0.09375002980232239,0.007812494412064552
shuffled_labels,8,2,motifbridge,0.031249970197677612,0.007812494412064552
shuffled_labels,8,2,phasenest,0.0,0.007812494412064552
shuffled_labels,8,2,phasesar,0.031249985098838806,0.007812494412064552
shuffled_labels,8,2,quorumweave,0.03125,0.007812494412064552
shuffled_labels,8,2,shardbloom,0.0,0.007812494412064552
shuffled_labels,8,3,anchorshift,0.031249940395355225,0.054687490686774254
shuffled_labels,8,3,driftgate,0.03125,0.054687490686774254
shuffled_labels,8,3,fluxpatch,0.0625,0.054687490686774254
shuffled_labels,8,3,motifbridge,-2.9802322387695312e-08,0.054687490686774254
shuffled_labels,8,3,phasenest,0.0937499850988388,0.054687490686774254
shuffled_labels,8,3,phasesar,0.09375,0.054687490686774254
shuffled_labels,8,3,quorumweave,0.03125,0.054687490686774254
shuffled_labels,8,3,shardbloom,0.09375002980232239,0.054687490686774254
shuffled_labels,8,4,anchorshift,-2.9802322387695312e-08,0.027343754656612873
shuffled_labels,8,4,driftgate,-0.06249997019767761,0.027343754656612873
shuffled_labels,8,4,fluxpatch,0.0625,0.027343754656612873
shuffled_labels,8,4,motifbridge,-0.0625000149011612,0.027343754656612873
shuffled_labels,8,4,phasenest,0.0937500149011612,0.027343754656612873
shuffled_labels,8,4,phasesar,0.09375,0.027343754656612873
shuffled_labels,8,4,quorumweave,-0.031249992549419403,0.027343754656612873
shuffled_labels,8,4,shardbloom,0.1250000298023224,0.027343754656612873
shuffled_labels,8,5,anchorshift,-2.9802322387695312e-08,0.05859374813735485
shuffled_labels,8,5,driftgate,0.031250014901161194,0.05859374813735485
shuffled_labels,8,5,fluxpatch,0.09375,0.05859374813735485
shuffled_labels,8,5,motifbridge,-0.03125002980232239,0.05859374813735485
shuffled_labels,8,5,phasenest,0.09375,0.05859374813735485
shuffled_labels,8,5,phasesar,0.0625,0.05859374813735485
shuffled_labels,8,5,quorumweave,0.0625,0.05859374813735485
shuffled_labels,8,5,shardbloom,0.1562500298023224,0.05859374813735485
shuffled_labels,8,6,anchorshift,0.06249997019767761,0.09765624813735485
shuffled_labels,8,6,driftgate,2.9802322387695312e-08,0.09765624813735485
shuffled_labels,8,6,fluxpatch,0.15625,0.09765624813735485
shuffled_labels,8,6,motifbridge,-0.03125004470348358,0.09765624813735485
shuffled_labels,8,6,phasenest,0.1875000149011612,0.09765624813735485
shuffled_labels,8,6,phasesar,0.0937499850988388,0.09765624813735485
shuffled_labels,8,6,quorumweave,0.125,0.09765624813735485
shuffled_labels,8,6,shardbloom,0.1875000298023224,0.09765624813735485
shuffled_labels,8,7,anchorshift,0.09374997019767761,0.08593749068677425
shuffled_labels,8,7,driftgate,0.03125,0.08593749068677425
shuffled_labels,8,7,fluxpatch,0.0625,0.08593749068677425
shuffled_labels,8,7,motifbridge,-0.031250059604644775,0.08593749068677425
shuffled_labels,8,7,phasenest,0.1562499850988388,0.08593749068677425
shuffled_labels,8,7,phasesar,0.09375,0.08593749068677425
shuffled_labels,8,7,quorumweave,0.09375,0.08593749068677425
shuffled_labels,8,7,shardbloom,0.1875000298023224,0.08593749068677425
shuffled_labels,8,8,anchorshift,-0.03125002980232239,0.07812499720603228
shuffled_labels,8,8,driftgate,0.031249985098838806,0.07812499720603228
shuffled_labels,8,8,fluxpatch,0.09375,0.07812499720603228
shuffled_labels,8,8,motifbridge,-0.0312500074505806,0.07812499720603228
shuffled_labels,8,8,phasenest,0.125,0.07812499720603228
shuffled_labels,8,8,phasesar,0.125,0.07812499720603228
shuffled_labels,8,8,quorumweave,0.15625,0.07812499720603228
shuffled_labels,8,8,shardbloom,0.1562500298023224,0.07812499720603228
shuffled_labels,9,1,anchorshift,-0.03125002980232239,-0.00781250186264515
shuffled_labels,9,1,driftgate,-0.031249985098838806,-0.00781250186264515
shuffled_labels,9,1,fluxpatch,0.0,-0.00781250186264515
shuffled_labels,9,1,motifbridge,-4.470348358154297e-08,-0.00781250186264515
shuffled_labels,9,1,phasenest,-0.03125,-0.00781250186264515
shuffled_labels,9,1,phasesar,1.4901161193847656e-08,-0.00781250186264515
shuffled_labels,9,1,quorumweave,0.03125,-0.00781250186264515
shuffled_labels,9,1,shardbloom,2.9802322387695312e-08,-0.00781250186264515
shuffled_labels,9,2,anchorshift,0.031249970197677612,0.023437493480741978
shuffled_labels,9,2,driftgate,-0.09375,0.023437493480741978
shuffled_labels,9,2,fluxpatch,0.0,0.023437493480741978
shuffled_labels,9,2,motifbridge,-1.4901161193847656e-08,0.023437493480741978
shuffled_labels,9,2,phasenest,0.0937499850988388,0.023437493480741978
shuffled_labels,9,2,phasesar,0.0937500074505806,0.023437493480741978
shuffled_labels,9,2,quorumweave,0.0,0.023437493480741978
shuffled_labels,9,2,shardbloom,0.0625,0.023437493480741978
shuffled_labels,9,3,anchorshift,0.15625,0.1171875074505806
shuffled_labels,9,3,driftgate,-0.03125,0.1171875074505806
shuffled_labels,9,3,fluxpatch,0.0937500149011612,0.1171875074505806
shuffled_labels,9,3,motifbridge,0.06249997019767761,0.1171875074505806
shuffled_labels,9,3,phasenest,0.2500000298023224,0.1171875074505806
shuffled_labels,9,3,phasesar,0.1875000149011612,0.1171875074505806
shuffled_labels,9,3,quorumweave,0.09375,0.1171875074505806
shuffled_labels,9,3,shardbloom,0.1250000298023224,0.1171875074505806
shuffled_labels,9,4,anchorshift,0.15624994039535522,0.1992187462747097
shuffled_labels,9,4,driftgate,0.1250000149011612,0.1992187462747097
shuffled_labels,9,4,fluxpatch,0.2187500149011612,0.1992187462747097
shuffled_labels,9,4,motifbridge,0.09374997019767761,0.1992187462747097
shuffled_labels,9,4,phasenest,0.375,0.1992187462747097
shuffled_labels,9,4,phasesar,0.1875,0.1992187462747097
shuffled_labels,9,4,quorumweave,0.1875,0.1992187462747097
shuffled_labels,9,4,shardbloom,0.2500000298023224,0.1992187462747097
shuffled_labels,9,5,anchorshift,0.09374997019767761,0.23046874906867743
shuffled_labels,9,5,driftgate,0.21875,0.23046874906867743
shuffled_labels,9,5,fluxpatch,0.2499999701976776,0.23046874906867743
shuffled_labels,9,5,motifbridge,0.062499985098838806,0.23046874906867743
shuffled_labels,9,5,phasenest,0.3750000074505806,0.23046874906867743
shuffled_labels,9,5,phasesar,0.21875,0.23046874906867743
shuffled_labels,9,5,quorumweave,0.3437500298023224,0.23046874906867743
shuffled_labels,9,5,shardbloom,0.2812500298023224,0.23046874906867743
shuffled_labels,9,6,anchorshift,0.15624994039535522,0.25390624441206455
shuffled_labels,9,6,driftgate,0.25,0.25390624441206455
shuffled_labels,9,6,fluxpatch,0.28125,0.25390624441206455
shuffled_labels,9,6,motifbridge,0.12499997019767761,0.25390624441206455
shuffled_labels,9,6,phasenest,0.40625,0.25390624441206455
shuffled_labels,9,6,phasesar,0.1874999701976776,0.25390624441206455
shuffled_labels,9,6,quorumweave,0.2500000298023224,0.25390624441206455
shuffled_labels,9,6,shardbloom,0.3750000447034836,0.25390624441206455
shuffled_labels,9,7,anchorshift,0.12499997019767761,0.21484375
shuffled_labels,9,7,driftgate,0.21875,0.21484375
shuffled_labels,9,7,fluxpatch,0.1875,0.21484375
shuffled_labels,9,7,motifbridge,0.03124995529651642,0.21484375
shuffled_labels,9,7,phasenest,0.40625,0.21484375
shuffled_labels,9,7,phasesar,0.18750004470348358,0.21484375
shuffled_labels,9,7,quorumweave,0.25,0.21484375
shuffled_labels,9,7,shardbloom,0.3125000298023224,0.21484375
shuffled_labels,9,8,anchorshift,0.09374997019767761,0.25781249813735485
shuffled_labels,9,8,driftgate,0.25,0.25781249813735485
shuffled_labels,9,8,fluxpatch,0.3125000149011612,0.25781249813735485
shuffled_labels,9,8,motifbridge,0.06249997019767761,0.25781249813735485
shuffled_labels,9,8,phasenest,0.40625,0.25781249813735485
shuffled_labels,9,8,phasesar,0.28125,0.25781249813735485
shuffled_labels,9,8,quorumweave,0.28125,0.25781249813735485
shuffled_labels,9,8,shardbloom,0.3750000298023224,0.25781249813735485
shuffled_labels,10,1,anchorshift,0.031249970197677612,0.01171875
shuffled_labels,10,1,driftgate,1.4901161193847656e-08,0.01171875
shuffled_labels,10,1,fluxpatch,0.031250014901161194,0.01171875
shuffled_labels,10,1,motifbridge,-0.03125002980232239,0.01171875
shuffled_labels,10,1,phasenest,0.031249985098838806,0.01171875
shuffled_labels,10,1,phasesar,0.031249985098838806,0.01171875
shuffled_labels,10,1,quorumweave,0.0,0.01171875
shuffled_labels,10,1,shardbloom,5.960464477539063e-08,0.01171875
shuffled_labels,10,2,anchorshift,-2.9802322387695312e-08,0.027343738824129105
shuffled_labels,10,2,driftgate,-0.09375,0.027343738824129105
shuffled_labels,10,2,fluxpatch,0.062499985098838806,0.027343738824129105
shuffled_labels,10,2,motifbridge,0.03124995529651642,0.027343738824129105
shuffled_labels,10,2,phasenest,0.12499997019767761,0.027343738824129105
shuffled_labels,10,2,phasesar,0.0,0.027343738824129105
shuffled_labels,10,2,quorumweave,0.03125,0.027343738824129105
shuffled_labels,10,2,shardbloom,0.06250002980232239,0.027343738824129105
shuffled_labels,10,3,anchorshift,0.031249970197677612,0.05078125186264515
shuffled_labels,10,3,driftgate,0.0625,0.05078125186264515
shuffled_labels,10,3,fluxpatch,5.960464477539063e-08,0.05078125186264515
shuffled_labels,10,3,motifbridge,-2.9802322387695312e-08,0.05078125186264515
shuffled_labels,10,3,phasenest,0.1249999850988388,0.05078125186264515
shuffled_labels,10,3,phasesar,0.0625,0.05078125186264515
shuffled_labels,10,3,quorumweave,0.0,0.05078125186264515
shuffled_labels,10,3,shardbloom,0.1250000298023224,0.05078125186264515
shuffled_labels,10,4,anchorshift,0.06249997019767761,0.1171875
shuffled_labels,10,4,driftgate,0.09375,0.1171875
shuffled_labels,10,4,fluxpatch,0.0625,0.1171875
shuffled_labels,10,4,motifbridge,0.09374995529651642,0.1171875
shuffled_labels,10,4,phasenest,0.2187500298023224,0.1171875
shuffled_labels,10,4,phasesar,0.1875000149011612,0.1171875
shuffled_labels,10,4,quorumweave,0.0625,0.1171875
shuffled_labels,10,4,shardbloom,0.1562500298023224,0.1171875
shuffled_labels,10,5,anchorshift,0.031249970197677612,0.1015624925494194
shuffled_labels,10,5,driftgate,0.125,0.1015624925494194
shuffled_labels,10,5,fluxpatch,0.15625,0.1015624925494194
shuffled_labels,10,5,motifbridge,0.031249970197677612,0.1015624925494194
shuffled_labels,10,5,phasenest,0.1874999701976776,0.1015624925494194
shuffled_labels,10,5,phasesar,0.09375,0.1015624925494194
shuffled_labels,10,5,quorumweave,0.0625,0.1015624925494194
shuffled_labels,10,5,shardbloom,0.1250000298023224,0.1015624925494194
shuffled_labels,10,6,anchorshift,0.12499997019767761,0.12499999441206455
shuffled_labels,10,6,driftgate,0.062499985098838806,0.12499999441206455
shuffled_labels,10,6,fluxpatch,0.09375,0.12499999441206455
shuffled_labels,10,6,motifbridge,0.06249997019767761,0.12499999441206455
shuffled_labels,10,6,phasenest,0.21875,0.12499999441206455
shuffled_labels,10,6,phasesar,0.1875,0.12499999441206455
shuffled_labels,10,6,quorumweave,0.09375,0.12499999441206455
shuffled_labels,10,6,shardbloom,0.1562500298023224,0.12499999441206455
shuffled_labels,10,7,anchorshift,-5.960464477539063e-08,0.0624999962747097
shuffled_labels,10,7,driftgate,-0.03125002235174179,0.0624999962747097
shuffled_labels,10,7,fluxpatch,0.031249985098838806,0.0624999962747097
shuffled_labels,10,7,motifbridge,0.031249970197677612,0.0624999962747097
shuffled_labels,10,7,phasenest,0.1562500074505806,0.0624999962747097
shuffled_labels,10,7,phasesar,0.09375005960464478,0.0624999962747097
shuffled_labels,10,7,quorumweave,0.0625,0.0624999962747097
shuffled_labels,10,7,shardbloom,0.1562500298023224,0.0624999962747097
shuffled_labels,10,8,anchorshift,0.09374997019767761,0.04296874441206455
shuffled_labels,10,8,driftgate,0.0625000149011612,0.04296874441206455
shuffled_labels,10,8,fluxpatch,0.06249997019767761,0.04296874441206455
shuffled_labels,10,8,motifbridge,-0.03125002980232239,0.04296874441206455
shuffled_labels,10,8,phasenest,0.0,0.04296874441206455
shuffled_labels,10,8,phasesar,0.03125,0.04296874441206455
shuffled_labels,10,8,quorumweave,0.03125,0.04296874441206455
shuffled_labels,10,8,shardbloom,0.09375002980232239,0.04296874441206455
shuffled_labels,11,1,anchorshift,0.031249970197677612,0.050781249068677425
shuffled_labels,11,1,driftgate,0.0,0.050781249068677425
shuffled_labels,11,1,fluxpatch,0.0625,0.050781249068677425
shuffled_labels,11,1,motifbridge,-2.9802322387695312e-08,0.050781249068677425
shuffled_labels,11,1,phasenest,0.0937500074505806,0.050781249068677425
shuffled_labels,11,1,phasesar,0.0937500149011612,0.050781249068677425
shuffled_labels,11,1,quorumweave,0.03125,0.050781249068677425
shuffled_labels,11,1,shardbloom,0.09375002980232239,0.050781249068677425
shuffled_labels,11,2,anchorshift,0.031249970197677612,0.10546874068677425
shuffled_labels,11,2,driftgate,0.12499997019767761,0.10546874068677425
shuffled_labels,11,2,fluxpatch,0.062499985098838806,0.10546874068677425
shuffled_labels,11,2,motifbridge,0.125,0.10546874068677425
shuffled_labels,11,2,phasenest,0.1874999701976776,0.10546874068677425
shuffled_labels,11,2,phasesar,0.09375,0.10546874068677425
shuffled_labels,11,2,quorumweave,0.09375,0.10546874068677425
shuffled_labels,11,2,shardbloom,0.1250000298023224,0.10546874068677425
shuffled_labels,11,3,anchorshift,0.06249997019767761,0.12109374441206455
shuffled_labels,11,3,driftgate,0.09375,0.12109374441206455
shuffled_labels,11,3,fluxpatch,0.21875,0.12109374441206455
shuffled_labels,11,3,motifbridge,-2.9802322387695312e-08,0.12109374441206455
shuffled_labels,11,3,phasenest,0.2499999701976776,0.12109374441206455
shuffled_labels,11,3,phasesar,0.1562500149011612,0.12109374441206455
shuffled_labels,11,3,quorumweave,0.03125,0.12109374441206455
shuffled_labels,11,3,shardbloom,0.1562500298023224,0.12109374441206455
shuffled_labels,11,4,anchorshift,0.09375,0.17578124534338713
shuffled_labels,11,4,driftgate,0.1874999701976776,0.17578124534338713
shuffled_labels,11,4,fluxpatch,0.1875,0.17578124534338713
shuffled_labels,11,4,motifbridge,0.031249962747097015,0.17578124534338713
shuffled_labels,11,4,phasenest,0.25,0.17578124534338713
shuffled_labels,11,4,phasesar,0.28125,0.17578124534338713
shuffled_labels,11,4,quorumweave,0.15625,0.17578124534338713
shuffled_labels,11,4,shardbloom,0.2187500298023224,0.17578124534338713
shuffled_labels,11,5,anchorshift,0.09375,0.16406249813735485
shuffled_labels,11,5,driftgate,0.1249999850988388,0.16406249813735485
shuffled_labels,11,5,fluxpatch,0.25,0.16406249813735485
shuffled_labels,11,5,motifbridge,0.031249970197677612,0.16406249813735485
shuffled_labels,11,5,phasenest,0.25,0.16406249813735485
shuffled_labels,11,5,phasesar,0.25,0.16406249813735485
shuffled_labels,11,5,quorumweave,0.15625,0.16406249813735485
shuffled_labels,11,5,shardbloom,0.1562500298023224,0.16406249813735485
shuffled_labels,11,6,anchorshift,0.15624994039535522,0.20312499161809683
shuffled_labels,11,6,driftgate,0.15624996274709702,0.20312499161809683
shuffled_labels,11,6,fluxpatch,0.21875,0.20312499161809683
shuffled_labels,11,6,motifbridge,0.062499985098838806,0.20312499161809683
shuffled_labels,11,6,phasenest,0.34375,0.20312499161809683
shuffled_labels,11,6,phasesar,0.2187500149011612,0.20312499161809683
shuffled_labels,11,6,quorumweave,0.25,0.20312499161809683
shuffled_labels,11,6,shardbloom,0.2187500298023224,0.20312499161809683
shuffled_labels,11,7,anchorshift,0.06249997019767761,0.17968749441206455
shuffled_labels,11,7,driftgate,0.15625,0.17968749441206455
shuffled_labels,11,7,fluxpatch,0.1562499850988388,0.17968749441206455
shuffled_labels,11,7,motifbridge,0.06249997019767761,0.17968749441206455
shuffled_labels,11,7,phasenest,0.375,0.17968749441206455
shuffled_labels,11,7,phasesar,0.1875,0.17968749441206455
shuffled_labels,11,7,quorumweave,0.21875,0.17968749441206455
shuffled_labels,11,7,shardbloom,0.2187500298023224,0.17968749441206455
shuffled_labels,11,8,anchorshift,0.1562499701976776,0.21484374534338713
shuffled_labels,11,8,driftgate,0.1562499850988388,0.21484374534338713
shuffled_labels,11,8,fluxpatch,0.21875,0.21484374534338713
shuffled_labels,11,8,motifbridge,0.09374997019767761,0.21484374534338713
shuffled_labels,11,8,phasenest,0.40625,0.21484374534338713
shuffled_labels,11,8,phasesar,0.21875,0.21484374534338713
shuffled_labels,11,8,quorumweave,0.1875,0.21484374534338713
shuffled_labels,11,8,shardbloom,0.281250037252903,0.21484374534338713
shuffled_labels,12,1,anchorshift,0.06249997019767761,0.07812499441206455
shuffled_labels,12,1,driftgate,-0.03125,0.07812499441206455
shuffled_labels,12,1,fluxpatch,0.21875,0.07812499441206455
shuffled_labels,12,1,motifbridge,0.06249997019767761,0.07812499441206455
shuffled_labels,12,1,phasenest,0.1874999850988388,0.07812499441206455
shuffled_labels,12,1,phasesar,0.09375,0.07812499441206455
shuffled_labels,12,1,quorumweave,0.03125,0.07812499441206455
shuffled_labels,12,1,shardbloom,2.9802322387695312e-08,0.07812499441206455
shuffled_labels,12,2,anchorshift,0.1562499701976776,0.058593749068677425
shuffled_labels,12,2,driftgate,-1.4901161193847656e-08,0.058593749068677425
shuffled_labels,12,2,fluxpatch,0.09375002980232239,0.058593749068677425
shuffled_labels,12,2,motifbridge,-3.725290298461914e-08,0.058593749068677425
shuffled_labels,12,2,phasenest,0.0625,0.058593749068677425
shuffled_labels,12,2,phasesar,0.0625000149011612,0.058593749068677425
shuffled_labels,12,2,quorumweave,0.0625,0.058593749068677425
shuffled_labels,12,2,shardbloom,0.03125002980232239,0.058593749068677425
shuffled_labels,12,3,anchorshift,0.1874999701976776,0.0898437462747097
shuffled_labels,12,3,driftgate,0.03125,0.0898437462747097
shuffled_labels,12,3,fluxpatch,0.1562500298023224,0.0898437462747097
shuffled_labels,12,3,motifbridge,-2.9802322387695312e-08,0.0898437462747097
shuffled_labels,12,3,phasenest,0.0625,0.0898437462747097
shuffled_labels,12,3,phasesar,0.09375,0.0898437462747097
shuffled_labels,12,3,quorumweave,0.12499997019767761,0.0898437462747097
shuffled_labels,12,3,shardbloom,0.06250002980232239,0.0898437462747097
shuffled_labels,12,4,anchorshift,0.15625,0.05078125838190317
shuffled_labels,12,4,driftgate,-1.4901161193847656e-08,0.05078125838190317
shuffled_labels,12,4,fluxpatch,0.1562500298023224,0.05078125838190317
shuffled_labels,12,4,motifbridge,-0.03125002980232239,0.05078125838190317
shuffled_labels,12,4,phasenest,0.03125002980232239,0.05078125838190317
shuffled_labels,12,4,phasesar,1.4901161193847656e-08,0.05078125838190317
shuffled_labels,12,4,quorumweave,7.450580596923828e-09,0.05078125838190317
shuffled_labels,12,4,shardbloom,0.09375002980232239,0.05078125838190317
shuffled_labels,12,5,anchorshift,0.12499997019767761,0.019531266763806343
shuffled_labels,12,5,driftgate,-0.062499940395355225,0.019531266763806343
shuffled_labels,12,5,fluxpatch,0.09375,0.019531266763806343
shuffled_labels,12,5,motifbridge,-0.031250014901161194,0.019531266763806343
shuffled_labels,12,5,phasenest,1.4901161193847656e-08,0.019531266763806343
shuffled_labels,12,5,phasesar,1.4901161193847656e-08,0.019531266763806343
shuffled_labels,12,5,quorumweave,0.03125,0.019531266763806343
shuffled_labels,12,5,shardbloom,8.940696716308594e-08,0.019531266763806343
shuffled_labels,12,6,anchorshift,0.06249997019767761,-5.587935447692871e-09
shuffled_labels,12,6,driftgate,-0.09375,-5.587935447692871e-09
shuffled_labels,12,6,fluxpatch,0.125,-5.587935447692871e-09
shuffled_labels,12,6,motifbridge,-0.03125004470348358,-5.587935447692871e-09
shuffled_labels,12,6,phasenest,-0.09375,-5.587935447692871e-09
shuffled_labels,12,6,phasesar,0.0,-5.587935447692871e-09
shuffled_labels,12,6,quorumweave,0.0,-5.587935447692871e-09
shuffled_labels,12,6,shardbloom,0.03125002980232239,-5.587935447692871e-09
shuffled_labels,12,7,anchorshift,0.09374997019767761,0.0429687537252903
shuffled_labels,12,7,driftgate,-0.0625,0.0429687537252903
shuffled_labels,12,7,fluxpatch,0.09375002980232239,0.0429687537252903
shuffled_labels,12,7,motifbridge,0.09375,0.0429687537252903
shuffled_labels,12,7,phasenest,-0.0625,0.0429687537252903
shuffled_labels,12,7,phasesar,0.0,0.0429687537252903
shuffled_labels,12,7,quorumweave,0.03125,0.0429687537252903
shuffled_labels,12,7,shardbloom,0.1562500298023224,0.0429687537252903
shuffled_labels,12,8,anchorshift,0.12499997019767761,0.06250000465661287
shuffled_labels,12,8,driftgate,-0.03125,0.06250000465661287
shuffled_labels,12,8,fluxpatch,0.1562500298023224,0.06250000465661287
shuffled_labels,12,8,motifbridge,0.03124997764825821,0.06250000465661287
shuffled_labels,12,8,phasenest,-0.031249970197677612,0.06250000465661287
shuffled_labels,12,8,phasesar,0.0625,0.06250000465661287
shuffled_labels,12,8,quorumweave,0.0625,0.06250000465661287
shuffled_labels,12,8,shardbloom,0.1250000298023224,0.06250000465661287
shuffled_labels,13,1,anchorshift,-2.9802322387695312e-08,0.019531244412064552
shuffled_labels,13,1,driftgate,-0.03125,0.019531244412064552
shuffled_labels,13,1,fluxpatch,0.03125,0.019531244412064552
shuffled_labels,13,1,motifbridge,0.06249997019767761,0.019531244412064552
shuffled_labels,13,1,phasenest,0.0,0.019531244412064552
shuffled_labels,13,1,phasesar,0.031249985098838806,0.019531244412064552
shuffled_labels,13,1,quorumweave,0.03125,0.019531244412064552
shuffled_labels,13,1,shardbloom,0.03125002980232239,0.019531244412064552
shuffled_labels,13,2,anchorshift,-2.9802322387695312e-08,0.0390625037252903
shuffled_labels,13,2,driftgate,0.031250014901161194,0.0390625037252903
shuffled_labels,13,2,fluxpatch,2.9802322387695312e-08,0.0390625037252903
shuffled_labels,13,2,motifbridge,0.031249970197677612,0.0390625037252903
shuffled_labels,13,2,phasenest,0.0625,0.0390625037252903
shuffled_labels,13,2,phasesar,0.031250014901161194,0.0390625037252903
shuffled_labels,13,2,quorumweave,0.125,0.0390625037252903
shuffled_labels,13,2,shardbloom,0.03125002980232239,0.0390625037252903
shuffled_labels,13,3,anchorshift,0.06249991059303284,0.08593749068677425
shuffled_labels,13,3,driftgate,0.0,0.08593749068677425
shuffled_labels,13,3,fluxpatch,0.03125,0.08593749068677425
shuffled_labels,13,3,motifbridge,0.06249997019767761,0.08593749068677425
shuffled_labels,13,3,phasenest,0.21875,0.08593749068677425
shuffled_labels,13,3,phasesar,0.0937500149011612,0.08593749068677425
shuffled_labels,13,3,quorumweave,0.15625,0.08593749068677425
shuffled_labels,13,3,shardbloom,0.06250002980232239,0.08593749068677425
shuffled_labels,13,4,anchorshift,0.12499997019767761,0.08984374068677425
shuffled_labels,13,4,driftgate,0.03125,0.08984374068677425
shuffled_labels,13,4,fluxpatch,0.03125,0.08984374068677425
shuffled_labels,13,4,motifbridge,0.09374997019767761,0.08984374068677425
shuffled_labels,13,4,phasenest,0.12499995529651642,0.08984374068677425
shuffled_labels,13,4,phasesar,0.09375,0.08984374068677425
shuffled_labels,13,4,quorumweave,0.125,0.08984374068677425
shuffled_labels,13,4,shardbloom,0.09375002980232239,0.08984374068677425
shuffled_labels,13,5,anchorshift,0.09374997019767761,0.09765624720603228
shuffled_labels,13,5,driftgate,0.09375,0.09765624720603228
shuffled_labels,13,5,fluxpatch,0.06249997019767761,0.09765624720603228
shuffled_labels,13,5,motifbridge,0.031249985098838806,0.09765624720603228
shuffled_labels,13,5,phasenest,0.15625003725290298,0.09765624720603228
shuffled_labels,13,5,phasesar,0.09375,0.09765624720603228
shuffled_labels,13,5,quorumweave,0.0937499850988388,0.09765624720603228
shuffled_labels,13,5,shardbloom,0.1562500298023224,0.09765624720603228
shuffled_labels,13,6,anchorshift,0.09374997019767761,0.12890625
shuffled_labels,13,6,driftgate,0.0937500149011612,0.12890625
shuffled_labels,13,6,fluxpatch,0.0625,0.12890625
shuffled_labels,13,6,motifbridge,0.031249970197677612,0.12890625
shuffled_labels,13,6,phasenest,0.2500000298023224,0.12890625
shuffled_labels,13,6,phasesar,0.125,0.12890625
shuffled_labels,13,6,quorumweave,0.1562499850988388,0.12890625
shuffled_labels,13,6,shardbloom,0.2187500298023224,0.12890625
shuffled_labels,13,7,anchorshift,0.09374997019767761,0.09765624161809683
shuffled_labels,13,7,driftgate,0.125,0.09765624161809683
shuffled_labels,13,7,fluxpatch,0.125,0.09765624161809683
shuffled_labels,13,7,motifbridge,-0.03125007450580597,0.09765624161809683
shuffled_labels,13,7,phasenest,0.1562500074505806,0.09765624161809683
shuffled_labels,13,7,phasesar,-0.03125,0.09765624161809683
shuffled_labels,13,7,quorumweave,0.15625,0.09765624161809683
shuffled_labels,13,7,shardbloom,0.1875000298023224,0.09765624161809683
shuffled_labels,13,8,anchorshift,0.1250000298023224,0.13281249813735485
shuffled_labels,13,8,driftgate,0.1250000149011612,0.13281249813735485
shuffled_labels,13,8,fluxpatch,0.21875,0.13281249813735485
shuffled_labels,13,8,motifbridge,-4.470348358154297e-08,0.13281249813735485
shuffled_labels,13,8,phasenest,0.21875,0.13281249813735485
shuffled_labels,13,8,phasesar,-0.03125,0.13281249813735485
shuffled_labels,13,8,quorumweave,0.18749995529651642,0.13281249813735485
shuffled_labels,13,8,shardbloom,0.2187500298023224,0.13281249813735485
shuffled_labels,14,1,anchorshift,-0.03125002980232239,0.01171874813735485
shuffled_labels,14,1,driftgate,-0.0625000149011612,0.01171874813735485
shuffled_labels,14,1,fluxpatch,0.03125,0.01171874813735485
shuffled_labels,14,1,motifbridge,0.031249985098838806,0.01171874813735485
shuffled_labels,14,1,phasenest,0.03125,0.01171874813735485
shuffled_labels,14,1,phasesar,-1.4901161193847656e-08,0.01171874813735485
shuffled_labels,14,1,quorumweave,0.0625,0.01171874813735485
shuffled_labels,14,1,shardbloom,0.031250059604644775,0.01171874813735485
shuffled_labels,14,2,anchorshift,0.06249997019767761,0.1093749962747097
shuffled_labels,14,2,driftgate,0.03125,0.1093749962747097
shuffled_labels,14,2,fluxpatch,0.09375,0.1093749962747097
shuffled_labels,14,2,motifbridge,0.12499997019767761,0.1093749962747097
shuffled_labels,14,2,phasenest,0.1875,0.1093749962747097
shuffled_labels,14,2,phasesar,0.125,0.1093749962747097
shuffled_labels,14,2,quorumweave,0.09375,0.1093749962747097
shuffled_labels,14,2,shardbloom,0.1562500298023224,0.1093749962747097
shuffled_labels,14,3,anchorshift,0.06249997019767761,0.09374999068677425
shuffled_labels,14,3,driftgate,0.12499995529651642,0.09374999068677425
shuffled_labels,14,3,fluxpatch,0.0625,0.09374999068677425
shuffled_labels,14,3,motifbridge,0.03125,0.09374999068677425
shuffled_labels,14,3,phasenest,0.15625,0.09374999068677425
shuffled_labels,14,3,phasesar,0.03125,0.09374999068677425
shuffled_labels,14,3,quorumweave,0.12499997019767761,0.09374999068677425
shuffled_labels,14,3,shardbloom,0.1562500298023224,0.09374999068677425
shuffled_labels,14,4,anchorshift,0.06249997019767761,0.10937499348074198
shuffled_labels,14,4,driftgate,0.1249999850988388,0.10937499348074198
shuffled_labels,14,4,fluxpatch,0.09375,0.10937499348074198
shuffled_labels,14,4,motifbridge,-0.03125004470348358,0.10937499348074198
shuffled_labels,14,4,phasenest,0.1875000074505806,0.10937499348074198
shuffled_labels,14,4,phasesar,0.125,0.10937499348074198
shuffled_labels,14,4,quorumweave,0.125,0.10937499348074198
shuffled_labels,14,4,shardbloom,0.1875000298023224,0.10937499348074198
shuffled_labels,14,5,anchorshift,0.09374997019767761,0.1015625
shuffled_labels,14,5,driftgate,1.4901161193847656e-08,0.1015625
shuffled_labels,14,5,fluxpatch,0.06250002980232239,0.1015625
shuffled_labels,14,5,motifbridge,0.031249970197677612,0.1015625
shuffled_labels,14,5,phasenest,0.21875,0.1015625
shuffled_labels,14,5,phasesar,0.1249999850988388,0.1015625
shuffled_labels,14,5,quorumweave,0.09375,0.1015625
shuffled_labels,14,5,shardbloom,0.1875000298023224,0.1015625
shuffled_labels,14,6,anchorshift,0.031249940395355225,0.10546874534338713
shuffled_labels,14,6,driftgate,0.09375,0.10546874534338713
shuffled_labels,14,6,fluxpatch,0.09375,0.10546874534338713
shuffled_labels,14,6,motifbridge,-1.4901161193847656e-08,0.10546874534338713
shuffled_labels,14,6,phasenest,0.25,0.10546874534338713
shuffled_labels,14,6,phasesar,0.1250000074505806,0.10546874534338713
shuffled_labels,14,6,quorumweave,0.09375,0.10546874534338713
shuffled_labels,14,6,shardbloom,0.1562500298023224,0.10546874534338713
shuffled_labels,14,7,anchorshift,0.03125002980232239,0.10937500465661287
shuffled_labels,14,7,driftgate,0.125,0.10937500465661287
shuffled_labels,14,7,fluxpatch,0.0625,0.10937500465661287
shuffled_labels,14,7,motifbridge,-0.03125004470348358,0.10937500465661287
shuffled_labels,14,7,phasenest,0.2500000074505806,0.10937500465661287
shuffled_labels,14,7,phasesar,0.1562500149011612,0.10937500465661287
shuffled_labels,14,7,quorumweave,0.09375,0.10937500465661287
shuffled_labels,14,7,shardbloom,0.1875000298023224,0.10937500465661287
shuffled_labels,14,8,anchorshift,0.1562499850988388,0.1718749962747097
shuffled_labels,14,8,driftgate,0.125,0.1718749962747097
shuffled_labels,14,8,fluxpatch,0.15625,0.1718749962747097
shuffled_labels,14,8,motifbridge,0.06249997019767761,0.1718749962747097
shuffled_labels,14,8,phasenest,0.25,0.1718749962747097
shuffled_labels,14,8,phasesar,0.1875,0.1718749962747097
shuffled_labels,14,8,quorumweave,0.21875,0.1718749962747097
shuffled_labels,14,8,shardbloom,0.2187500149011612,0.1718749962747097
shuffled_labels,15,1,anchorshift,0.09374997019767761,0.02734375186264515
shuffled_labels,15,1,driftgate,-0.03125,0.02734375186264515
shuffled_labels,15,1,fluxpatch,0.1562500298023224,0.02734375186264515
shuffled_labels,15,1,motifbridge,-2.9802322387695312e-08,0.02734375186264515
shuffled_labels,15,1,phasenest,-0.031249985098838806,0.02734375186264515
shuffled_labels,15,1,phasesar,0.0625,0.02734375186264515
shuffled_labels,15,1,quorumweave,-0.03125,0.02734375186264515
shuffled_labels,15,1,shardbloom,2.9802322387695312e-08,0.02734375186264515
shuffled_labels,15,2,anchorshift,0.09374994039535522,0.0039062462747097015
shuffled_labels,15,2,driftgate,-0.0625,0.0039062462747097015
shuffled_labels,15,2,fluxpatch,0.0,0.0039062462747097015
shuffled_labels,15,2,motifbridge,-2.9802322387695312e-08,0.0039062462747097015
shuffled_labels,15,2,phasenest,-0.062499985098838806,0.0039062462747097015
shuffled_labels,15,2,phasesar,0.062499985098838806,0.0039062462747097015
shuffled_labels,15,2,quorumweave,0.0,0.0039062462747097015
shuffled_labels,15,2,shardbloom,5.960464477539063e-08,0.0039062462747097015
shuffled_labels,15,3,anchorshift,0.12499994039535522,0.1562499962747097
shuffled_labels,15,3,driftgate,0.1250000149011612,0.1562499962747097
shuffled_labels,15,3,fluxpatch,0.21875,0.1562499962747097
shuffled_labels,15,3,motifbridge,0.09374997019767761,0.1562499962747097
shuffled_labels,15,3,phasenest,0.21875,0.1562499962747097
shuffled_labels,15,3,phasesar,0.1562500149011612,0.1562499962747097
shuffled_labels,15,3,quorumweave,0.125,0.1562499962747097
shuffled_labels,15,3,shardbloom,0.1875000298023224,0.1562499962747097
shuffled_labels,15,4,anchorshift,0.12499997019767761,0.19921875
shuffled_labels,15,4,driftgate,0.1875000149011612,0.19921875
shuffled_labels,15,4,fluxpatch,0.1875,0.19921875
shuffled_labels,15,4,motifbridge,0.1562499701976776,0.19921875
shuffled_labels,15,4,phasenest,0.34375,0.19921875
shuffled_labels,15,4,phasesar,0.21875,0.19921875
shuffled_labels,15,4,quorumweave,0.1562500149011612,0.19921875
shuffled_labels,15,4,shardbloom,0.2187500298023224,0.19921875
shuffled_labels,15,5,anchorshift,0.1874999701976776,0.23046875093132257
shuffled_labels,15,5,driftgate,0.1875000298023224,0.23046875093132257
shuffled_labels,15,5,fluxpatch,0.2812499850988388,0.23046875093132257
shuffled_labels,15,5,motifbridge,0.031249992549419403,0.23046875093132257
shuffled_labels,15,5,phasenest,0.3750000149011612,0.23046875093132257
shuffled_labels,15,5,phasesar,0.3125000298023224,0.23046875093132257
shuffled_labels,15,5,quorumweave,0.21874995529651642,0.23046875093132257
shuffled_labels,15,5,shardbloom,0.2500000298023224,0.23046875093132257
shuffled_labels,15,6,anchorshift,0.1874999701976776,0.23046873696148396
shuffled_labels,15,6,driftgate,0.15624995529651642,0.23046873696148396
shuffled_labels,15,6,fluxpatch,0.1875,0.23046873696148396
shuffled_labels,15,6,motifbridge,0.1874999701976776,0.23046873696148396
shuffled_labels,15,6,phasenest,0.3749999701976776,0.23046873696148396
shuffled_labels,15,6,phasesar,0.25,0.23046873696148396
shuffled_labels,15,6,quorumweave,0.2187500298023224,0.23046873696148396
shuffled_labels,15,6,shardbloom,0.28125,0.23046873696148396
shuffled_labels,15,7,anchorshift,0.1874999701976776,0.21874998789280653
shuffled_labels,15,7,driftgate,0.1875,0.21874998789280653
shuffled_labels,15,7,fluxpatch,0.1249999850988388,0.21874998789280653
shuffled_labels,15,7,motifbridge,0.06249997019767761,0.21874998789280653
shuffled_labels,15,7,phasenest,0.3749999552965164,0.21874998789280653
shuffled_labels,15,7,phasesar,0.2187499850988388,0.21874998789280653
shuffled_labels,15,7,quorumweave,0.2500000074505806,0.21874998789280653
shuffled_labels,15,7,shardbloom,0.3437500298023224,0.21874998789280653
shuffled_labels,15,8,anchorshift,0.18749994039535522,0.2148437462747097
shuffled_labels,15,8,driftgate,0.1562500298023224,0.2148437462747097
shuffled_labels,15,8,fluxpatch,0.21875,0.2148437462747097
shuffled_labels,15,8,motifbridge,0.062499985098838806,0.2148437462747097
shuffled_labels,15,8,phasenest,0.375,0.2148437462747097
shuffled_labels,15,8,phasesar,0.21875,0.2148437462747097
shuffled_labels,15,8,quorumweave,0.1874999850988388,0.2148437462747097
shuffled_labels,15,8,shardbloom,0.3125000298023224,0.2148437462747097
shuffled_labels,16,1,anchorshift,0.09375002980232239,0.054687500931322575
shuffled_labels,16,1,driftgate,0.031249985098838806,0.054687500931322575
shuffled_labels,16,1,fluxpatch,0.0625,0.054687500931322575
shuffled_labels,16,1,motifbridge,0.06249997019767761,0.054687500931322575
shuffled_labels,16,1,phasenest,-7.450580596923828e-09,0.054687500931322575
shuffled_labels,16,1,phasesar,0.09375,0.054687500931322575
shuffled_labels,16,1,quorumweave,0.0625,0.054687500931322575
shuffled_labels,16,1,shardbloom,0.03125002980232239,0.054687500931322575
shuffled_labels,16,2,anchorshift,-0.03125002980232239,0.05859374813735485
shuffled_labels,16,2,driftgate,0.125,0.05859374813735485
shuffled_labels,16,2,fluxpatch,0.0625000149011612,0.05859374813735485
shuffled_labels,16,2,motifbridge,-5.21540641784668e-08,0.05859374813735485
shuffled_labels,16,2,phasenest,0.09375002235174179,0.05859374813735485
shuffled_labels,16,2,phasesar,0.0625,0.05859374813735485
shuffled_labels,16,2,quorumweave,0.0625,0.05859374813735485
shuffled_labels,16,2,shardbloom,0.09375002980232239,0.05859374813735485
shuffled_labels,16,3,anchorshift,0.031249970197677612,0.1093749925494194
shuffled_labels,16,3,driftgate,0.0625,0.1093749925494194
shuffled_labels,16,3,fluxpatch,0.09375,0.1093749925494194
shuffled_labels,16,3,motifbridge,0.031249970197677612,0.1093749925494194
shuffled_labels,16,3,phasenest,0.1874999701976776,0.1093749925494194
shuffled_labels,16,3,phasesar,0.1875,0.1093749925494194
shuffled_labels,16,3,quorumweave,0.15625,0.1093749925494194
shuffled_labels,16,3,shardbloom,0.1250000298023224,0.1093749925494194
shuffled_labels,16,4,anchorshift,0.06249997019767761,0.12890624068677425
shuffled_labels,16,4,driftgate,0.03125,0.12890624068677425
shuffled_labels,16,4,fluxpatch,0.12499997019767761,0.12890624068677425
shuffled_labels,16,4,motifbridge,0.03124995529651642,0.12890624068677425
shuffled_labels,16,4,phasenest,0.3437500298023224,0.12890624068677425
shuffled_labels,16,4,phasesar,0.15625,0.12890624068677425
shuffled_labels,16,4,quorumweave,0.12499997019767761,0.12890624068677425
shuffled_labels,16,4,shardbloom,0.1562500298023224,0.12890624068677425
shuffled_labels,16,5,anchorshift,0.12499997019767761,0.20703124441206455
shuffled_labels,16,5,driftgate,0.1875000298023224,0.20703124441206455
shuffled_labels,16,5,fluxpatch,0.1875,0.20703124441206455
shuffled_labels,16,5,motifbridge,0.09374995529651642,0.20703124441206455
shuffled_labels,16,5,phasenest,0.40625,0.20703124441206455
shuffled_labels,16,5,phasesar,0.25,0.20703124441206455
shuffled_labels,16,5,quorumweave,0.1874999701976776,0.20703124441206455
shuffled_labels,16,5,shardbloom,0.2187500298023224,0.20703124441206455
shuffled_labels,16,6,anchorshift,0.031249940395355225,0.1835937388241291
shuffled_labels,16,6,driftgate,0.125,0.1835937388241291
shuffled_labels,16,6,fluxpatch,0.1875,0.1835937388241291
shuffled_labels,16,6,motifbridge,0.09374995529651642,0.1835937388241291
shuffled_labels,16,6,phasenest,0.40625,0.1835937388241291
shuffled_labels,16,6,phasesar,0.2499999850988388,0.1835937388241291
shuffled_labels,16,6,quorumweave,0.21875,0.1835937388241291
shuffled_labels,16,6,shardbloom,0.1562500298023224,0.1835937388241291
shuffled_labels,16,7,anchorshift,-2.9802322387695312e-08,0.19140625186264515
shuffled_labels,16,7,driftgate,0.15625,0.19140625186264515
shuffled_labels,16,7,fluxpatch,0.25,0.19140625186264515
shuffled_labels,16,7,motifbridge,0.0937499850988388,0.19140625186264515
shuffled_labels,16,7,phasenest,0.34375,0.19140625186264515
shuffled_labels,16,7,phasesar,0.21875,0.19140625186264515
shuffled_labels,16,7,quorumweave,0.2500000298023224,0.19140625186264515
shuffled_labels,16,7,shardbloom,0.2187500298023224,0.19140625186264515
shuffled_labels,16,8,anchorshift,0.125,0.18359375186264515
shuffled_labels,16,8,driftgate,0.1562500149011612,0.18359375186264515
shuffled_labels,16,8,fluxpatch,0.1874999850988388,0.18359375186264515
shuffled_labels,16,8,motifbridge,0.09374997019767761,0.18359375186264515
shuffled_labels,16,8,phasenest,0.3125000149011612,0.18359375186264515
shuffled_labels,16,8,phasesar,0.15625,0.18359375186264515
shuffled_labels,16,8,quorumweave,0.1875,0.18359375186264515
shuffled_labels,16,8,shardbloom,0.2500000298023224,0.18359375186264515
shuffled_labels,17,1,anchorshift,-2.9802322387695312e-08,-0.003906256519258022
shuffled_labels,17,1,driftgate,0.0,-0.003906256519258022
shuffled_labels,17,1,fluxpatch,0.03125,-0.003906256519258022
shuffled_labels,17,1,motifbridge,-2.9802322387695312e-08,-0.003906256519258022
shuffled_labels,17,1,phasenest,-0.031249992549419403,-0.003906256519258022
shuffled_labels,17,1,phasesar,0.0,-0.003906256519258022
shuffled_labels,17,1,quorumweave,-0.03125,-0.003906256519258022
shuffled_labels,17,1,shardbloom,0.0,-0.003906256519258022
shuffled_labels,17,2,anchorshift,-2.9802322387695312e-08,0.007812494412064552
shuffled_labels,17,2,driftgate,-0.0625,0.007812494412064552
shuffled_labels,17,2,fluxpatch,0.0,0.007812494412064552
shuffled_labels,17,2,motifbridge,0.03124995529651642,0.007812494412064552
shuffled_labels,17,2,phasenest,0.0,0.007812494412064552
shuffled_labels,17,2,phasesar,0.09375,0.007812494412064552
shuffled_labels,17,2,quorumweave,0.0,0.007812494412064552
shuffled_labels,17,2,shardbloom,2.9802322387695312e-08,0.007812494412064552
shuffled_labels,17,3,anchorshift,0.0625,-0.02343749813735485
shuffled_labels,17,3,driftgate,-0.0937499850988388,-0.02343749813735485
shuffled_labels,17,3,fluxpatch,0.0,-0.02343749813735485
shuffled_labels,17,3,motifbridge,-2.9802322387695312e-08,-0.02343749813735485
shuffled_labels,17,3,phasenest,0.0,-0.02343749813735485
shuffled_labels,17,3,phasesar,-0.03125,-0.02343749813735485
shuffled_labels,17,3,quorumweave,-0.0625,-0.02343749813735485
shuffled_labels,17,3,shardbloom,-0.06249997019767761,-0.02343749813735485
shuffled_labels,17,4,anchorshift,0.12499997019767761,0.19140623696148396
shuffled_labels,17,4,driftgate,0.09375,0.19140623696148396
shuffled_labels,17,4,fluxpatch,0.21874995529651642,0.19140623696148396
shuffled_labels,17,4,motifbridge,0.09374997019767761,0.19140623696148396
shuffled_labels,17,4,phasenest,0.375,0.19140623696148396
shuffled_labels,17,4,phasesar,0.28125,0.19140623696148396
shuffled_labels,17,4,quorumweave,0.1875,0.19140623696148396
shuffled_labels,17,4,shardbloom,0.15625,0.19140623696148396
shuffled_labels,17,5,anchorshift,0.12499997019767761,0.16796873975545168
shuffled_labels,17,5,driftgate,0.0937499850988388,0.16796873975545168
shuffled_labels,17,5,fluxpatch,0.1875,0.16796873975545168
shuffled_labels,17,5,motifbridge,0.09374997764825821,0.16796873975545168
shuffled_labels,17,5,phasenest,0.375,0.16796873975545168
shuffled_labels,17,5,phasesar,0.1562499850988388,0.16796873975545168
shuffled_labels,17,5,quorumweave,0.2187499701976776,0.16796873975545168
shuffled_labels,17,5,shardbloom,0.09375002980232239,0.16796873975545168
shuffled_labels,17,6,anchorshift,0.09374997019767761,0.17187499534338713
shuffled_labels,17,6,driftgate,0.0937499925494194,0.17187499534338713
shuffled_labels,17,6,fluxpatch,0.21875,0.17187499534338713
shuffled_labels,17,6,motifbridge,0.12499997019767761,0.17187499534338713
shuffled_labels,17,6,phasenest,0.375,0.17187499534338713
shuffled_labels,17,6,phasesar,0.1562499701976776,0.17187499534338713
shuffled_labels,17,6,quorumweave,0.1875000298023224,0.17187499534338713
shuffled_labels,17,6,shardbloom,0.1250000298023224,0.17187499534338713
shuffled_labels,17,7,anchorshift,0.09374997019767761,0.18749999906867743
shuffled_labels,17,7,driftgate,0.1562500149011612,0.18749999906867743
shuffled_labels,17,7,fluxpatch,0.2187500149011612,0.18749999906867743
shuffled_labels,17,7,motifbridge,0.12499995529651642,0.18749999906867743
shuffled_labels,17,7,phasenest,0.3437500074505806,0.18749999906867743
shuffled_labels,17,7,phasesar,0.25,0.18749999906867743
shuffled_labels,17,7,quorumweave,0.125,0.18749999906867743
shuffled_labels,17,7,shardbloom,0.1875000298023224,0.18749999906867743
shuffled_labels,17,8,anchorshift,0.12499997019767761,0.1328124888241291
shuffled_labels,17,8,driftgate,0.062499985098838806,0.1328124888241291
shuffled_labels,17,8,fluxpatch,0.125,0.1328124888241291
shuffled_labels,17,8,motifbridge,0.031249940395355225,0.1328124888241291
shuffled_labels,17,8,phasenest,0.2812500149011612,0.1328124888241291
shuffled_labels,17,8,phasesar,0.21875,0.1328124888241291
shuffled_labels,17,8,quorumweave,0.09375,0.1328124888241291
shuffled_labels,17,8,shardbloom,0.125,0.1328124888241291
shuffled_labels,18,1,anchorshift,0.12499997019767761,0.0781249962747097
shuffled_labels,18,1,driftgate,0.0,0.0781249962747097
shuffled_labels,18,1,fluxpatch,0.15625,0.0781249962747097
shuffled_labels,18,1,motifbridge,0.031249970197677612,0.0781249962747097
shuffled_labels,18,1,phasenest,0.0625,0.0781249962747097
shuffled_labels,18,1,phasesar,0.125,0.0781249962747097
shuffled_labels,18,1,quorumweave,0.03125,0.0781249962747097
shuffled_labels,18,1,shardbloom,0.09375002980232239,0.0781249962747097
shuffled_labels,18,2,anchorshift,0.12499997019767761,0.0859374925494194
shuffled_labels,18,2,driftgate,0.0625,0.0859374925494194
shuffled_labels,18,2,fluxpatch,0.125,0.0859374925494194
shuffled_labels,18,2,motifbridge,0.031249940395355225,0.0859374925494194
shuffled_labels,18,2,phasenest,0.09375,0.0859374925494194
shuffled_labels,18,2,phasesar,0.09375,0.0859374925494194
shuffled_labels,18,2,quorumweave,0.09375,0.0859374925494194
shuffled_labels,18,2,shardbloom,0.06250002980232239,0.0859374925494194
shuffled_labels,18,3,anchorshift,0.06249997019767761,0.054687488824129105
shuffled_labels,18,3,driftgate,-0.03125004470348358,0.054687488824129105
shuffled_labels,18,3,fluxpatch,0.0625,0.054687488824129105
shuffled_labels,18,3,motifbridge,0.06249995529651642,0.054687488824129105
shuffled_labels,18,3,phasenest,0.03125,0.054687488824129105
shuffled_labels,18,3,phasesar,0.125,0.054687488824129105
shuffled_labels,18,3,quorumweave,0.03125,0.054687488824129105
shuffled_labels,18,3,shardbloom,0.09375002980232239,0.054687488824129105
shuffled_labels,18,4,anchorshift,0.1562499701976776,0.24609373975545168
shuffled_labels,18,4,driftgate,0.1874999776482582,0.24609373975545168
shuffled_labels,18,4,fluxpatch,0.28125,0.24609373975545168
shuffled_labels,18,4,motifbridge,0.1249999850988388,0.24609373975545168
shuffled_labels,18,4,phasenest,0.3124999850988388,0.24609373975545168
shuffled_labels,18,4,phasesar,0.28125,0.24609373975545168
shuffled_labels,18,4,quorumweave,0.28125,0.24609373975545168
shuffled_labels,18,4,shardbloom,0.34375,0.24609373975545168
shuffled_labels,18,5,anchorshift,0.15624995529651642,0.2343750037252903
shuffled_labels,18,5,driftgate,0.3125,0.2343750037252903
shuffled_labels,18,5,fluxpatch,0.2187500149011612,0.2343750037252903
shuffled_labels,18,5,motifbridge,0.0937499850988388,0.2343750037252903
shuffled_labels,18,5,phasenest,0.34375,0.2343750037252903
shuffled_labels,18,5,phasesar,0.2500000149011612,0.2343750037252903
shuffled_labels,18,5,quorumweave,0.21875,0.2343750037252903
shuffled_labels,18,5,shardbloom,0.2812500596046448,0.2343750037252903
shuffled_labels,18,6,anchorshift,0.09374997019767761,0.2578125009313226
shuffled_labels,18,6,driftgate,0.3125,0.2578125009313226
shuffled_labels,18,6,fluxpatch,0.28125,0.2578125009313226
shuffled_labels,18,6,motifbridge,0.1562499701976776,0.2578125009313226
shuffled_labels,18,6,phasenest,0.3125000074505806,0.2578125009313226
shuffled_labels,18,6,phasesar,0.2187500074505806,0.2578125009313226
shuffled_labels,18,6,quorumweave,0.3125000223517418,0.2578125009313226
shuffled_labels,18,6,shardbloom,0.3750000298023224,0.2578125009313226
shuffled_labels,18,7,anchorshift,0.09374997019767761,0.26953125
shuffled_labels,18,7,driftgate,0.2812500149011612,0.26953125
shuffled_labels,18,7,fluxpatch,0.28125,0.26953125
shuffled_labels,18,7,motifbridge,0.1874999701976776,0.26953125
shuffled_labels,18,7,phasenest,0.375,0.26953125
shuffled_labels,18,7,phasesar,0.2812500149011612,0.26953125
shuffled_labels,18,7,quorumweave,0.3125,0.26953125
shuffled_labels,18,7,shardbloom,0.3437500298023224,0.26953125
shuffled_labels,18,8,anchorshift,0.0937499850988388,0.25781249813735485
shuffled_labels,18,8,driftgate,0.2812500298023224,0.25781249813735485
shuffled_labels,18,8,fluxpatch,0.3437500149011612,0.25781249813735485
shuffled_labels,18,8,motifbridge,0.12499995529651642,0.25781249813735485
shuffled_labels,18,8,phasenest,0.40625,0.25781249813735485
shuffled_labels,18,8,phasesar,0.1562499850988388,0.25781249813735485
shuffled_labels,18,8,quorumweave,0.3125,0.25781249813735485
shuffled_labels,18,8,shardbloom,0.3437500149011612,0.25781249813735485
shuffled_labels,19,1,anchorshift,0.0,0.007812505587935448
shuffled_labels,19,1,driftgate,-0.031249985098838806,0.007812505587935448
shuffled_labels,19,1,fluxpatch,0.0937500149011612,0.007812505587935448
shuffled_labels,19,1,motifbridge,-2.9802322387695312e-08,0.007812505587935448
shuffled_labels,19,1,phasenest,-0.031249985098838806,0.007812505587935448
shuffled_labels,19,1,phasesar,0.0,0.007812505587935448
shuffled_labels,19,1,quorumweave,0.0,0.007812505587935448
shuffled_labels,19,1,shardbloom,0.03125002980232239,0.007812505587935448
shuffled_labels,19,2,anchorshift,0.12499997019767761,0.13671874441206455
shuffled_labels,19,2,driftgate,0.1562499701976776,0.13671874441206455
shuffled_labels,19,2,fluxpatch,0.15625,0.13671874441206455
shuffled_labels,19,2,motifbridge,0.06249997019767761,0.13671874441206455
shuffled_labels,19,2,phasenest,0.1875,0.13671874441206455
shuffled_labels,19,2,phasesar,0.0937500149011612,0.13671874441206455
shuffled_labels,19,2,quorumweave,0.15625,0.13671874441206455
shuffled_labels,19,2,shardbloom,0.1562500298023224,0.13671874441206455
shuffled_labels,19,3,anchorshift,0.1875,0.13671875186264515
shuffled_labels,19,3,driftgate,0.0625,0.13671875186264515
shuffled_labels,19,3,fluxpatch,0.1874999850988388,0.13671875186264515
shuffled_labels,19,3,motifbridge,0.0625,0.13671875186264515
shuffled_labels,19,3,phasenest,0.15625,0.13671875186264515
shuffled_labels,19,3,phasesar,0.15625,0.13671875186264515
shuffled_labels,19,3,quorumweave,0.09375,0.13671875186264515
shuffled_labels,19,3,shardbloom,0.1875000298023224,0.13671875186264515
shuffled_labels,19,4,anchorshift,0.1874999701976776,0.12890625
shuffled_labels,19,4,driftgate,0.0937499850988388,0.12890625
shuffled_labels,19,4,fluxpatch,0.1875,0.12890625
shuffled_labels,19,4,motifbridge,-0.03125,0.12890625
shuffled_labels,19,4,phasenest,0.1875,0.12890625
shuffled_labels,19,4,phasesar,0.1875000149011612,0.12890625
shuffled_labels,19,4,quorumweave,0.09375,0.12890625
shuffled_labels,19,4,shardbloom,0.1250000298023224,0.12890625
shuffled_labels,19,5,anchorshift,0.125,0.14453124813735485
shuffled_labels,19,5,driftgate,0.09375002980232239,0.14453124813735485
shuffled_labels,19,5,fluxpatch,0.2499999850988388,0.14453124813735485
shuffled_labels,19,5,motifbridge,0.031249940395355225,0.14453124813735485
shuffled_labels,19,5,phasenest,0.21875,0.14453124813735485
shuffled_labels,19,5,phasesar,0.125,0.14453124813735485
shuffled_labels,19,5,quorumweave,0.09375,0.14453124813735485
shuffled_labels,19,5,shardbloom,0.2187500298023224,0.14453124813735485
shuffled_labels,19,6,anchorshift,0.15624994039535522,0.14843748696148396
shuffled_labels,19,6,driftgate,0.12499995529651642,0.14843748696148396
shuffled_labels,19,6,fluxpatch,0.1875,0.14843748696148396
shuffled_labels,19,6,motifbridge,0.06249997019767761,0.14843748696148396
shuffled_labels,19,6,phasenest,0.28125,0.14843748696148396
shuffled_labels,19,6,phasesar,0.125,0.14843748696148396
shuffled_labels,19,6,quorumweave,0.09375,0.14843748696148396
shuffled_labels,19,6,shardbloom,0.1562500298023224,0.14843748696148396
shuffled_labels,19,7,anchorshift,0.1874999701976776,0.1484375
shuffled_labels,19,7,driftgate,0.09375,0.1484375
shuffled_labels,19,7,fluxpatch,0.1875,0.1484375
shuffled_labels,19,7,motifbridge,0.031249970197677612,0.1484375
shuffled_labels,19,7,phasenest,0.2187500298023224,0.1484375
shuffled_labels,19,7,phasesar,0.15625,0.1484375
shuffled_labels,19,7,quorumweave,0.09375,0.1484375
shuffled_labels,19,7,shardbloom,0.2187500298023224,0.1484375
shuffled_labels,19,8,anchorshift,0.21875,0.18359375558793545
shuffled_labels,19,8,driftgate,0.0937499850988388,0.18359375558793545
shuffled_labels,19,8,fluxpatch,0.125,0.18359375558793545
shuffled_labels,19,8,motifbridge,0.06249997019767761,0.18359375558793545
shuffled_labels,19,8,phasenest,0.28125,0.18359375558793545
shuffled_labels,19,8,phasesar,0.15625,0.18359375558793545
shuffled_labels,19,8,quorumweave,0.2812500298023224,0.18359375558793545
shuffled_labels,19,8,shardbloom,0.2500000596046448,0.18359375558793545
shuffled_labels,20,1,anchorshift,-0.06250002980232239,-0.039062502793967724
shuffled_labels,20,1,driftgate,-0.03125002980232239,-0.039062502793967724
shuffled_labels,20,1,fluxpatch,-0.09375,-0.039062502793967724
shuffled_labels,20,1,motifbridge,-1.4901161193847656e-08,-0.039062502793967724
shuffled_labels,20,1,phasenest,-0.06249997764825821,-0.039062502793967724
shuffled_labels,20,1,phasesar,-0.0625,-0.039062502793967724
shuffled_labels,20,1,quorumweave,0.0,-0.039062502793967724
shuffled_labels,20,1,shardbloom,2.9802322387695312e-08,-0.039062502793967724
shuffled_labels,20,2,anchorshift,0.15625,0.050781264901161194
shuffled_labels,20,2,driftgate,0.03125004470348358,0.050781264901161194
shuffled_labels,20,2,fluxpatch,0.03125,0.050781264901161194
shuffled_labels,20,2,motifbridge,-0.03125002980232239,0.050781264901161194
shuffled_labels,20,2,phasenest,0.0625000149011612,0.050781264901161194
shuffled_labels,20,2,phasesar,0.12500005960464478,0.050781264901161194
shuffled_labels,20,2,quorumweave,0.0,0.050781264901161194
shuffled_labels,20,2,shardbloom,0.03125002980232239,0.050781264901161194
shuffled_labels,20,3,anchorshift,0.125,0.1015624925494194
shuffled_labels,20,3,driftgate,0.0625,0.1015624925494194
shuffled_labels,20,3,fluxpatch,0.03125,0.1015624925494194
shuffled_labels,20,3,motifbridge,-5.960464477539063e-08,0.1015624925494194
shuffled_labels,20,3,phasenest,0.1874999701976776,0.1015624925494194
shuffled_labels,20,3,phasesar,0.1875,0.1015624925494194
shuffled_labels,20,3,quorumweave,0.0625,0.1015624925494194
shuffled_labels,20,3,shardbloom,0.1562500298023224,0.1015624925494194
shuffled_labels,20,4,anchorshift,0.09374997019767761,0.14453124441206455
shuffled_labels,20,4,driftgate,0.125,0.14453124441206455
shuffled_labels,20,4,fluxpatch,0.0937500149011612,0.14453124441206455
shuffled_labels,20,4,motifbridge,0.09374997019767761,0.14453124441206455
shuffled_labels,20,4,phasenest,0.2499999701976776,0.14453124441206455
shuffled_labels,20,4,phasesar,0.25,0.14453124441206455
shuffled_labels,20,4,quorumweave,0.09375,0.14453124441206455
shuffled_labels,20,4,shardbloom,0.1562500298023224,0.14453124441206455
shuffled_labels,20,5,anchorshift,0.15624991059303284,0.1914062350988388
shuffled_labels,20,5,driftgate,0.125,0.1914062350988388
shuffled_labels,20,5,fluxpatch,0.125,0.1914062350988388
shuffled_labels,20,5,motifbridge,0.062499940395355225,0.1914062350988388
shuffled_labels,20,5,phasenest,0.375,0.1914062350988388
shuffled_labels,20,5,phasesar,0.25,0.1914062350988388
shuffled_labels,20,5,quorumweave,0.21875,0.1914062350988388
shuffled_labels,20,5,shardbloom,0.2187500298023224,0.1914062350988388
shuffled_labels,20,6,anchorshift,0.09374997019767761,0.17968749813735485
shuffled_labels,20,6,driftgate,0.125,0.17968749813735485
shuffled_labels,20,6,fluxpatch,0.1250000149011612,0.17968749813735485
shuffled_labels,20,6,motifbridge,0.09374995529651642,0.17968749813735485
shuffled_labels,20,6,phasenest,0.40625,0.17968749813735485
shuffled_labels,20,6,phasesar,0.2187500149011612,0.17968749813735485
shuffled_labels,20,6,quorumweave,0.15625,0.17968749813735485
shuffled_labels,20,6,shardbloom,0.2187500298023224,0.17968749813735485
shuffled_labels,20,7,anchorshift,0.09375,0.23046874906867743
shuffled_labels,20,7,driftgate,0.1875000074505806,0.23046874906867743
shuffled_labels,20,7,fluxpatch,0.1874999850988388,0.23046874906867743
shuffled_labels,20,7,motifbridge,0.06249997019767761,0.23046874906867743
shuffled_labels,20,7,phasenest,0.40625,0.23046874906867743
shuffled_labels,20,7,phasesar,0.34375,0.23046874906867743
shuffled_labels,20,7,quorumweave,0.25,0.23046874906867743
shuffled_labels,20,7,shardbloom,0.3125000298023224,0.23046874906867743
shuffled_labels,20,8,anchorshift,0.09374997019767761,0.2460937388241291
shuffled_labels,20,8,driftgate,0.25,0.2460937388241291
shuffled_labels,20,8,fluxpatch,0.21875,0.2460937388241291
shuffled_labels,20,8,motifbridge,0.12499994039535522,0.2460937388241291
shuffled_labels,20,8,phasenest,0.4062499701976776,0.2460937388241291
shuffled_labels,20,8,phasesar,0.3124999701976776,0.2460937388241291
shuffled_labels,20,8,quorumweave,0.2500000298023224,0.2460937388241291
shuffled_labels,20,8,shardbloom,0.3125000298023224,0.2460937388241291
shuffled_labels,21,1,anchorshift,-5.960464477539063e-08,0.003906240686774254
shuffled_labels,21,1,driftgate,-0.125,0.003906240686774254
shuffled_labels,21,1,fluxpatch,0.09375,0.003906240686774254
shuffled_labels,21,1,motifbridge,-0.03125,0.003906240686774254
shuffled_labels,21,1,phasenest,0.06249997019767761,0.003906240686774254
shuffled_labels,21,1,phasesar,0.062499985098838806,0.003906240686774254
shuffled_labels,21,1,quorumweave,-0.0625,0.003906240686774254
shuffled_labels,21,1,shardbloom,0.03125002980232239,0.003906240686774254
shuffled_labels,21,2,anchorshift,0.12499997019767761,0.04687499348074198
shuffled_labels,21,2,driftgate,-1.4901161193847656e-08,0.04687499348074198
shuffled_labels,21,2,fluxpatch,0.09375,0.04687499348074198
shuffled_labels,21,2,motifbridge,0.03124997764825821,0.04687499348074198
shuffled_labels,21,2,phasenest,0.0,0.04687499348074198
shuffled_labels,21,2,phasesar,0.0937499850988388,0.04687499348074198
shuffled_labels,21,2,quorumweave,-0.03125,0.04687499348074198
shuffled_labels,21,2,shardbloom,0.06250002980232239,0.04687499348074198
shuffled_labels,21,3,anchorshift,0.031249970197677612,0.031250009313225746
shuffled_labels,21,3,driftgate,0.0,0.031250009313225746
shuffled_labels,21,3,fluxpatch,0.1249999850988388,0.031250009313225746
shuffled_labels,21,3,motifbridge,-0.06250002980232239,0.031250009313225746
shuffled_labels,21,3,phasenest,0.03125002980232239,0.031250009313225746
shuffled_labels,21,3,phasesar,0.12500005960464478,0.031250009313225746
shuffled_labels,21,3,quorumweave,-0.09374997019767761,0.031250009313225746
shuffled_labels,21,3,shardbloom,0.09375002980232239,0.031250009313225746
shuffled_labels,21,4,anchorshift,0.06249997019767761,0.09374999441206455
shuffled_labels,21,4,driftgate,0.062499985098838806,0.09374999441206455
shuffled_labels,21,4,fluxpatch,0.15625,0.09374999441206455
shuffled_labels,21,4,motifbridge,-2.9802322387695312e-08,0.09374999441206455
shuffled_labels,21,4,phasenest,0.125,0.09374999441206455
shuffled_labels,21,4,phasesar,0.1875,0.09374999441206455
shuffled_labels,21,4,quorumweave,0.0,0.09374999441206455
shuffled_labels,21,4,shardbloom,0.1562500298023224,0.09374999441206455
shuffled_labels,21,5,anchorshift,0.09374997019767761,0.12109375093132257
shuffled_labels,21,5,driftgate,0.031250037252902985,0.12109375093132257
shuffled_labels,21,5,fluxpatch,0.15625,0.12109375093132257
shuffled_labels,21,5,motifbridge,0.031249970197677612,0.12109375093132257
shuffled_labels,21,5,phasenest,0.1875,0.12109375093132257
shuffled_labels,21,5,phasesar,0.15625,0.12109375093132257
shuffled_labels,21,5,quorumweave,0.0625,0.12109375093132257
shuffled_labels,21,5,shardbloom,0.2500000298023224,0.12109375093132257
shuffled_labels,21,6,anchorshift,0.1562499701976776,0.1210937537252903
shuffled_labels,21,6,driftgate,0.03125002980232239,0.1210937537252903
shuffled_labels,21,6,fluxpatch,0.1562500298023224,0.1210937537252903
shuffled_labels,21,6,motifbridge,0.09374994039535522,0.1210937537252903
shuffled_labels,21,6,phasenest,0.1250000298023224,0.1210937537252903
shuffled_labels,21,6,phasesar,0.15625,0.1210937537252903
shuffled_labels,21,6,quorumweave,0.0625,0.1210937537252903
shuffled_labels,21,6,shardbloom,0.1875000298023224,0.1210937537252903
shuffled_labels,21,7,anchorshift,0.12499997019767761,0.1250000037252903
shuffled_labels,21,7,driftgate,0.0625000149011612,0.1250000037252903
shuffled_labels,21,7,fluxpatch,0.15625,0.1250000037252903
shuffled_labels,21,7,motifbridge,0.0625000149011612,0.1250000037252903
shuffled_labels,21,7,phasenest,0.15625,0.1250000037252903
shuffled_labels,21,7,phasesar,0.1875,0.1250000037252903
shuffled_labels,21,7,quorumweave,0.09375,0.1250000037252903
shuffled_labels,21,7,shardbloom,0.1562500298023224,0.1250000037252903
shuffled_labels,21,8,anchorshift,0.12499997019767761,0.1250000037252903
shuffled_labels,21,8,driftgate,0.0625,0.1250000037252903
shuffled_labels,21,8,fluxpatch,0.15625005960464478,0.1250000037252903
shuffled_labels,21,8,motifbridge,0.031249970197677612,0.1250000037252903
shuffled_labels,21,8,phasenest,0.15625,0.1250000037252903
shuffled_labels,21,8,phasesar,0.21875,0.1250000037252903
shuffled_labels,21,8,quorumweave,0.09375,0.1250000037252903
shuffled_labels,21,8,shardbloom,0.1562500298023224,0.1250000037252903
shuffled_labels,22,1,anchorshift,-0.06250002980232239,-0.019531250931322575
shuffled_labels,22,1,driftgate,0.0,-0.019531250931322575
shuffled_labels,22,1,fluxpatch,-0.0625,-0.019531250931322575
shuffled_labels,22,1,motifbridge,-1.4901161193847656e-08,-0.019531250931322575
shuffled_labels,22,1,phasenest,-0.0625,-0.019531250931322575
shuffled_labels,22,1,phasesar,7.450580596923828e-09,-0.019531250931322575
shuffled_labels,22,1,quorumweave,-0.03125,-0.019531250931322575
shuffled_labels,22,1,shardbloom,0.06250002980232239,-0.019531250931322575
shuffled_labels,22,2,anchorshift,-2.9802322387695312e-08,0.0234374962747097
shuffled_labels,22,2,driftgate,0.031249985098838806,0.0234374962747097
shuffled_labels,22,2,fluxpatch,-0.0625,0.0234374962747097
shuffled_labels,22,2,motifbridge,0.031249985098838806,0.0234374962747097
shuffled_labels,22,2,phasenest,0.09375,0.0234374962747097
shuffled_labels,22,2,phasesar,0.0,0.0234374962747097
shuffled_labels,22,2,quorumweave,0.0625,0.0234374962747097
shuffled_labels,22,2,shardbloom,0.03125002980232239,0.0234374962747097
shuffled_labels,22,3,anchorshift,-5.960464477539063e-08,-0.003906261175870895
shuffled_labels,22,3,driftgate,0.031249985098838806,-0.003906261175870895
shuffled_labels,22,3,fluxpatch,-0.09375,-0.003906261175870895
shuffled_labels,22,3,motifbridge,-0.03125002980232239,-0.003906261175870895
shuffled_labels,22,3,phasenest,-1.4901161193847656e-08,-0.003906261175870895
shuffled_labels,22,3,phasesar,-0.0625,-0.003906261175870895
shuffled_labels,22,3,quorumweave,0.0625,-0.003906261175870895
shuffled_labels,22,3,shardbloom,0.06250002980232239,-0.003906261175870895
shuffled_labels,22,4,anchorshift,0.09375,0.15624999813735485
shuffled_labels,22,4,driftgate,0.09375,0.15624999813735485
shuffled_labels,22,4,fluxpatch,0.125,0.15624999813735485
shuffled_labels,22,4,motifbridge,0.09374995529651642,0.15624999813735485
shuffled_labels,22,4,phasenest,0.3125,0.15624999813735485
shuffled_labels,22,4,phasesar,0.1875,0.15624999813735485
shuffled_labels,22,4,quorumweave,0.125,0.15624999813735485
shuffled_labels,22,4,shardbloom,0.2187500298023224,0.15624999813735485
shuffled_labels,22,5,anchorshift,0.1562499701976776,0.14843749534338713
shuffled_labels,22,5,driftgate,0.0624999925494194,0.14843749534338713
shuffled_labels,22,5,fluxpatch,0.0625,0.14843749534338713
shuffled_labels,22,5,motifbridge,0.09374997019767761,0.14843749534338713
shuffled_labels,22,5,phasenest,0.2812500298023224,0.14843749534338713
shuffled_labels,22,5,phasesar,0.15625,0.14843749534338713
shuffled_labels,22,5,quorumweave,0.1562499701976776,0.14843749534338713
shuffled_labels,22,5,shardbloom,0.2187500298023224,0.14843749534338713
shuffled_labels,22,6,anchorshift,0.1874999701976776,0.21875000186264515
shuffled_labels,22,6,driftgate,0.1875000149011612,0.21875000186264515
shuffled_labels,22,6,fluxpatch,0.1562500298023224,0.21875000186264515
shuffled_labels,22,6,motifbridge,0.09374997019767761,0.21875000186264515
shuffled_labels,22,6,phasenest,0.4375,0.21875000186264515
shuffled_labels,22,6,phasesar,0.1875,0.21875000186264515
shuffled_labels,22,6,quorumweave,0.21875,0.21875000186264515
shuffled_labels,22,6,shardbloom,0.2812500298023224,0.21875000186264515
shuffled_labels,22,7,anchorshift,0.1562499701976776,0.22265623696148396
shuffled_labels,22,7,driftgate,0.21875,0.22265623696148396
shuffled_labels,22,7,fluxpatch,0.1874999701976776,0.22265623696148396
shuffled_labels,22,7,motifbridge,0.15624995529651642,0.22265623696148396
shuffled_labels,22,7,phasenest,0.375,0.22265623696148396
shuffled_labels,22,7,phasesar,0.25,0.22265623696148396
shuffled_labels,22,7,quorumweave,0.1562499701976776,0.22265623696148396
shuffled_labels,22,7,shardbloom,0.2812500298023224,0.22265623696148396
shuffled_labels,22,8,anchorshift,0.1562499701976776,0.26171875
shuffled_labels,22,8,driftgate,0.1875,0.26171875
shuffled_labels,22,8,fluxpatch,0.25,0.26171875
shuffled_labels,22,8,motifbridge,0.1249999850988388,0.26171875
shuffled_labels,22,8,phasenest,0.40625,0.26171875
shuffled_labels,22,8,phasesar,0.2812499850988388,0.26171875
shuffled_labels,22,8,quorumweave,0.34375,0.26171875
shuffled_labels,22,8,shardbloom,0.3437500596046448,0.26171875
shuffled_labels,23,1,anchorshift,-0.03125002980232239,-0.058593750931322575
shuffled_labels,23,1,driftgate,-0.0937500074505806,-0.058593750931322575
shuffled_labels,23,1,fluxpatch,-0.03125,-0.058593750931322575
shuffled_labels,23,1,motifbridge,-2.9802322387695312e-08,-0.058593750931322575
shuffled_labels,23,1,phasenest,-0.09374997019767761,-0.058593750931322575
shuffled_labels,23,1,phasesar,-0.15625,-0.058593750931322575
shuffled_labels,23,1,quorumweave,0.03125,-0.058593750931322575
shuffled_labels,23,1,shardbloom,-0.09374997019767761,-0.058593750931322575
shuffled_labels,23,2,anchorshift,-0.06250002980232239,-0.0312500037252903
shuffled_labels,23,2,driftgate,0.0,-0.0312500037252903
shuffled_labels,23,2,fluxpatch,-0.09375,-0.0312500037252903
shuffled_labels,23,2,motifbridge,0.062499985098838806,-0.0312500037252903
shuffled_labels,23,2,phasenest,-0.0625,-0.0312500037252903
shuffled_labels,23,2,phasesar,-0.0625000149011612,-0.0312500037252903
shuffled_labels,23,2,quorumweave,0.0,-0.0312500037252903
shuffled_labels,23,2,shardbloom,-0.031249970197677612,-0.0312500037252903
shuffled_labels,23,3,anchorshift,0.06249997019767761,-0.05078124813735485
shuffled_labels,23,3,driftgate,-0.0937500149011612,-0.05078124813735485
shuffled_labels,23,3,fluxpatch,-0.0625,-0.05078124813735485
shuffled_labels,23,3,motifbridge,-0.06250002980232239,-0.05078124813735485
shuffled_labels,23,3,phasenest,-0.0937499850988388,-0.05078124813735485
shuffled_labels,23,3,phasesar,-0.09375,-0.05078124813735485
shuffled_labels,23,3,quorumweave,-0.06249995529651642,-0.05078124813735485
shuffled_labels,23,3,shardbloom,2.9802322387695312e-08,-0.05078124813735485
shuffled_labels,23,4,anchorshift,0.031249970197677612,0.0234374962747097
shuffled_labels,23,4,driftgate,0.0,0.0234374962747097
shuffled_labels,23,4,fluxpatch,0.03125,0.0234374962747097
shuffled_labels,23,4,motifbridge,-4.470348358154297e-08,0.0234374962747097
shuffled_labels,23,4,phasenest,-1.4901161193847656e-08,0.0234374962747097
shuffled_labels,23,4,phasesar,-0.031249970197677612,0.0234374962747097
shuffled_labels,23,4,quorumweave,0.0625,0.0234374962747097
shuffled_labels,23,4,shardbloom,0.09375002980232239,0.0234374962747097
shuffled_labels,23,5,anchorshift,0.12499997019767761,0.03125000558793545
shuffled_labels,23,5,driftgate,0.0,0.03125000558793545
shuffled_labels,23,5,fluxpatch,-1.4901161193847656e-08,0.03125000558793545
shuffled_labels,23,5,motifbridge,-0.0625,0.03125000558793545
shuffled_labels,23,5,phasenest,-0.03125,0.03125000558793545
shuffled_labels,23,5,phasesar,0.031250059604644775,0.03125000558793545
shuffled_labels,23,5,quorumweave,0.0625,0.03125000558793545
shuffled_labels,23,5,shardbloom,0.1250000298023224,0.03125000558793545
shuffled_labels,23,6,anchorshift,0.0625,0.062499999068677425
shuffled_labels,23,6,driftgate,0.0,0.062499999068677425
shuffled_labels,23,6,fluxpatch,0.0,0.062499999068677425
shuffled_labels,23,6,motifbridge,0.0,0.062499999068677425
shuffled_labels,23,6,phasenest,0.09374995529651642,0.062499999068677425
shuffled_labels,23,6,phasesar,0.0312500074505806,0.062499999068677425
shuffled_labels,23,6,quorumweave,0.125,0.062499999068677425
shuffled_labels,23,6,shardbloom,0.1875000298023224,0.062499999068677425
shuffled_labels,23,7,anchorshift,0.031249970197677612,0.0937499962747097
shuffled_labels,23,7,driftgate,0.0625,0.0937499962747097
shuffled_labels,23,7,fluxpatch,0.09375,0.0937499962747097
shuffled_labels,23,7,motifbridge,0.031249940395355225,0.0937499962747097
shuffled_labels,23,7,phasenest,0.1250000298023224,0.0937499962747097
shuffled_labels,23,7,phasesar,0.0625,0.0937499962747097
shuffled_labels,23,7,quorumweave,0.125,0.0937499962747097
shuffled_labels,23,7,shardbloom,0.2187500298023224,0.0937499962747097
shuffled_labels,23,8,anchorshift,0.09375,0.12109374813735485
shuffled_labels,23,8,driftgate,0.0937499850988388,0.12109374813735485
shuffled_labels,23,8,fluxpatch,0.1250000298023224,0.12109374813735485
shuffled_labels,23,8,motifbridge,-2.9802322387695312e-08,0.12109374813735485
shuffled_labels,23,8,phasenest,0.1562499701976776,0.12109374813735485
shuffled_labels,23,8,phasesar,0.15625,0.12109374813735485
shuffled_labels,23,8,quorumweave,0.125,0.12109374813735485
shuffled_labels,23,8,shardbloom,0.2187500298023224,0.12109374813735485
shuffled_labels,24,1,anchorshift,0.15625,0.03515624813735485
shuffled_labels,24,1,driftgate,-1.4901161193847656e-08,0.03515624813735485
shuffled_labels,24,1,fluxpatch,0.09375,0.03515624813735485
shuffled_labels,24,1,motifbridge,0.06249995529651642,0.03515624813735485
shuffled_labels,24,1,phasenest,0.03125,0.03515624813735485
shuffled_labels,24,1,phasesar,-0.031249985098838806,0.03515624813735485
shuffled_labels,24,1,quorumweave,-0.0625,0.03515624813735485
shuffled_labels,24,1,shardbloom,0.03125002980232239,0.03515624813735485
shuffled_labels,24,2,anchorshift,0.09375,0.05859374441206455
shuffled_labels,24,2,driftgate,0.031249970197677612,0.05859374441206455
shuffled_labels,24,2,fluxpatch,0.125,0.05859374441206455
shuffled_labels,24,2,motifbridge,0.03124995529651642,0.05859374441206455
shuffled_labels,24,2,phasenest,0.0625,0.05859374441206455
shuffled_labels,24,2,phasesar,0.0625,0.05859374441206455
shuffled_labels,24,2,quorumweave,0.0,0.05859374441206455
shuffled_labels,24,2,shardbloom,0.06250002980232239,0.05859374441206455
shuffled_labels,24,3,anchorshift,0.06249997019767761,0.0390624962747097
shuffled_labels,24,3,driftgate,-0.03125,0.0390624962747097
shuffled_labels,24,3,fluxpatch,0.1249999850988388,0.0390624962747097
shuffled_labels,24,3,motifbridge,0.0,0.0390624962747097
shuffled_labels,24,3,phasenest,0.0,0.0390624962747097
shuffled_labels,24,3,phasesar,0.0625,0.0390624962747097
shuffled_labels,24,3,quorumweave,-1.4901161193847656e-08,0.0390624962747097
shuffled_labels,24,3,shardbloom,0.09375002980232239,0.0390624962747097
shuffled_labels,24,4,anchorshift,0.06249997019767761,0.07421875186264515
shuffled_labels,24,4,driftgate,0.0625000149011612,0.07421875186264515
shuffled_labels,24,4,fluxpatch,0.1250000149011612,0.07421875186264515
shuffled_labels,24,4,motifbridge,0.06249997019767761,0.07421875186264515
shuffled_labels,24,4,phasenest,0.1250000149011612,0.07421875186264515
shuffled_labels,24,4,phasesar,0.0625,0.07421875186264515
shuffled_labels,24,4,quorumweave,0.0,0.07421875186264515
shuffled_labels,24,4,shardbloom,0.09375002980232239,0.07421875186264515
shuffled_labels,24,5,anchorshift,0.12499997019767761,0.1015625037252903
shuffled_labels,24,5,driftgate,0.03125,0.1015625037252903
shuffled_labels,24,5,fluxpatch,0.15625004470348358,0.1015625037252903
shuffled_labels,24,5,motifbridge,0.0625000149011612,0.1015625037252903
shuffled_labels,24,5,phasenest,0.1249999850988388,0.1015625037252903
shuffled_labels,24,5,phasesar,0.0937499850988388,0.1015625037252903
shuffled_labels,24,5,quorumweave,0.0625,0.1015625037252903
shuffled_labels,24,5,shardbloom,0.1562500298023224,0.1015625037252903
shuffled_labels,24,6,anchorshift,0.031249970197677612,0.0507812425494194
shuffled_labels,24,6,driftgate,0.03125,0.0507812425494194
shuffled_labels,24,6,fluxpatch,0.0625,0.0507812425494194
shuffled_labels,24,6,motifbridge,0.062499940395355225,0.0507812425494194
shuffled_labels,24,6,phasenest,0.0625,0.0507812425494194
shuffled_labels,24,6,phasesar,0.03125,0.0507812425494194
shuffled_labels,24,6,quorumweave,0.0,0.0507812425494194
shuffled_labels,24,6,shardbloom,0.1250000298023224,0.0507812425494194
shuffled_labels,24,7,anchorshift,0.125,0.06640625186264515
shuffled_labels,24,7,driftgate,-0.03125,0.06640625186264515
shuffled_labels,24,7,fluxpatch,0.125,0.06640625186264515
shuffled_labels,24,7,motifbridge,-2.9802322387695312e-08,0.06640625186264515
shuffled_labels,24,7,phasenest,0.0625,0.06640625186264515
shuffled_labels,24,7,phasesar,0.1250000149011612,0.06640625186264515
shuffled_labels,24,7,quorumweave,0.0,0.06640625186264515
shuffled_labels,24,7,shardbloom,0.1250000298023224,0.06640625186264515
shuffled_labels,24,8,anchorshift,0.0625,0.08203125093132257
shuffled_labels,24,8,driftgate,0.0,0.08203125093132257
shuffled_labels,24,8,fluxpatch,0.09375,0.08203125093132257
shuffled_labels,24,8,motifbridge,0.03124995529651642,0.08203125093132257
shuffled_labels,24,8,phasenest,0.0937500074505806,0.08203125093132257
shuffled_labels,24,8,phasesar,0.125,0.08203125093132257
shuffled_labels,24,8,quorumweave,0.0625000149011612,0.08203125093132257
shuffled_labels,24,8,shardbloom,0.1875000298023224,0.08203125093132257
shuffled_labels,25,1,anchorshift,0.031249940395355225,0.007812494412064552
shuffled_labels,25,1,driftgate,0.0937500149011612,0.007812494412064552
shuffled_labels,25,1,fluxpatch,0.0,0.007812494412064552
shuffled_labels,25,1,motifbridge,-0.03125002980232239,0.007812494412064552
shuffled_labels,25,1,phasenest,-0.03125,0.007812494412064552
shuffled_labels,25,1,phasesar,0.0,0.007812494412064552
shuffled_labels,25,1,quorumweave,-0.03125,0.007812494412064552
shuffled_labels,25,1,shardbloom,0.03125002980232239,0.007812494412064552
shuffled_labels,25,2,anchorshift,0.031249970197677612,0.0468749962747097
shuffled_labels,25,2,driftgate,1.4901161193847656e-08,0.0468749962747097
shuffled_labels,25,2,fluxpatch,0.15625,0.0468749962747097
shuffled_labels,25,2,motifbridge,0.0625,0.0468749962747097
shuffled_labels,25,2,phasenest,0.03125,0.0468749962747097
shuffled_labels,25,2,phasesar,0.062499985098838806,0.0468749962747097
shuffled_labels,25,2,quorumweave,-2.9802322387695312e-08,0.0468749962747097
shuffled_labels,25,2,shardbloom,0.03125002980232239,0.0468749962747097
shuffled_labels,25,3,anchorshift,0.1562499701976776,0.0468749925494194
shuffled_labels,25,3,driftgate,0.03125,0.0468749925494194
shuffled_labels,25,3,fluxpatch,0.06249997019767761,0.0468749925494194
shuffled_labels,25,3,motifbridge,-2.9802322387695312e-08,0.0468749925494194
shuffled_labels,25,3,phasenest,-0.09375,0.0468749925494194
shuffled_labels,25,3,phasesar,0.03125,0.0468749925494194
shuffled_labels,25,3,quorumweave,0.0,0.0468749925494194
shuffled_labels,25,3,shardbloom,0.1875000298023224,0.0468749925494194
shuffled_labels,25,4,anchorshift,0.1562499701976776,0.046875
shuffled_labels,25,4,driftgate,-0.03125,0.046875
shuffled_labels,25,4,fluxpatch,0.0937499850988388,0.046875
shuffled_labels,25,4,motifbridge,-0.03125,0.046875
shuffled_labels,25,4,phasenest,-0.031249985098838806,0.046875
shuffled_labels,25,4,phasesar,0.0,0.046875
shuffled_labels,25,4,quorumweave,0.03125,0.046875
shuffled_labels,25,4,shardbloom,0.1875000298023224,0.046875
shuffled_labels,25,5,anchorshift,0.1562499701976776,0.10937499441206455
shuffled_labels,25,5,driftgate,0.1249999850988388,0.10937499441206455
shuffled_labels,25,5,fluxpatch,0.1250000149011612,0.10937499441206455
shuffled_labels,25,5,motifbridge,-0.03125002980232239,0.10937499441206455
shuffled_labels,25,5,phasenest,0.125,0.10937499441206455
shuffled_labels,25,5,phasesar,0.1562499850988388,0.10937499441206455
shuffled_labels,25,5,quorumweave,0.0625,0.10937499441206455
shuffled_labels,25,5,shardbloom,0.1562500298023224,0.10937499441206455
shuffled_labels,25,6,anchorshift,0.09374997019767761,0.0507812462747097
shuffled_labels,25,6,driftgate,0.0,0.0507812462747097
shuffled_labels,25,6,fluxpatch,0.0,0.0507812462747097
shuffled_labels,25,6,motifbridge,-0.0937500149011612,0.0507812462747097
shuffled_labels,25,6,phasenest,0.125,0.0507812462747097
shuffled_labels,25,6,phasesar,0.03125,0.0507812462747097
shuffled_labels,25,6,quorumweave,0.0937499850988388,0.0507812462747097
shuffled_labels,25,6,shardbloom,0.1562500298023224,0.0507812462747097
shuffled_labels,25,7,anchorshift,0.06249997019767761,0.027343752793967724
shuffled_labels,25,7,driftgate,0.03125,0.027343752793967724
shuffled_labels,25,7,fluxpatch,0.0,0.027343752793967724
shuffled_labels,25,7,motifbridge,0.0,0.027343752793967724
shuffled_labels,25,7,phasenest,0.0,0.027343752793967724
shuffled_labels,25,7,phasesar,-0.03125,0.027343752793967724
shuffled_labels,25,7,quorumweave,0.031250014901161194,0.027343752793967724
shuffled_labels,25,7,shardbloom,0.12500003725290298,0.027343752793967724
shuffled_labels,25,8,anchorshift,0.031249970197677612,0.07812500186264515
shuffled_labels,25,8,driftgate,0.0625,0.07812500186264515
shuffled_labels,25,8,fluxpatch,0.09375,0.07812500186264515
shuffled_labels,25,8,motifbridge,0.03125,0.07812500186264515
shuffled_labels,25,8,phasenest,0.1249999850988388,0.07812500186264515
shuffled_labels,25,8,phasesar,0.03125,0.07812500186264515
shuffled_labels,25,8,quorumweave,0.09375002980232239,0.07812500186264515
shuffled_labels,25,8,shardbloom,0.1562500298023224,0.07812500186264515
shuffled_labels,26,1,anchorshift,0.031249940395355225,-0.00781250186264515
shuffled_labels,26,1,driftgate,-0.062499985098838806,-0.00781250186264515
shuffled_labels,26,1,fluxpatch,0.0,-0.00781250186264515
shuffled_labels,26,1,motifbridge,-2.9802322387695312e-08,-0.00781250186264515
shuffled_labels,26,1,phasenest,0.0,-0.00781250186264515
shuffled_labels,26,1,phasesar,-0.06249997019767761,-0.00781250186264515
shuffled_labels,26,1,quorumweave,0.0,-0.00781250186264515
shuffled_labels,26,1,shardbloom,0.03125002980232239,-0.00781250186264515
shuffled_labels,26,2,anchorshift,0.09374994039535522,0.1367187388241291
shuffled_labels,26,2,driftgate,0.1562499850988388,0.1367187388241291
shuffled_labels,26,2,fluxpatch,0.15625,0.1367187388241291
shuffled_labels,26,2,motifbridge,0.03124995529651642,0.1367187388241291
shuffled_labels,26,2,phasenest,0.21875,0.1367187388241291
shuffled_labels,26,2,phasesar,0.0625,0.1367187388241291
shuffled_labels,26,2,quorumweave,0.1875,0.1367187388241291
shuffled_labels,26,2,shardbloom,0.1875000298023224,0.1367187388241291
shuffled_labels,26,3,anchorshift,0.12499997019767761,0.18749999720603228
shuffled_labels,26,3,driftgate,0.25,0.18749999720603228
shuffled_labels,26,3,fluxpatch,0.125,0.18749999720603228
shuffled_labels,26,3,motifbridge,0.12499996274709702,0.18749999720603228
shuffled_labels,26,3,phasenest,0.3125000298023224,0.18749999720603228
shuffled_labels,26,3,phasesar,0.1874999850988388,0.18749999720603228
shuffled_labels,26,3,quorumweave,0.1875,0.18749999720603228
shuffled_labels,26,3,shardbloom,0.1875000298023224,0.18749999720603228
shuffled_labels,26,4,anchorshift,0.12499994039535522,0.1523437388241291
shuffled_labels,26,4,driftgate,0.1875,0.1523437388241291
shuffled_labels,26,4,fluxpatch,0.1249999850988388,0.1523437388241291
shuffled_labels,26,4,motifbridge,-4.470348358154297e-08,0.1523437388241291
shuffled_labels,26,4,phasenest,0.3125,0.1523437388241291
shuffled_labels,26,4,phasesar,0.09375,0.1523437388241291
shuffled_labels,26,4,quorumweave,0.15625,0.1523437388241291
shuffled_labels,26,4,shardbloom,0.2187500298023224,0.1523437388241291
shuffled_labels,26,5,anchorshift,0.09374994039535522,0.18359373323619366
shuffled_labels,26,5,driftgate,0.09374997019767761,0.18359373323619366
shuffled_labels,26,5,fluxpatch,0.1562499850988388,0.18359373323619366
shuffled_labels,26,5,motifbridge,0.12499997019767761,0.18359373323619366
shuffled_labels,26,5,phasenest,0.3749999701976776,0.18359373323619366
shuffled_labels,26,5,phasesar,0.15625,0.18359373323619366
shuffled_labels,26,5,quorumweave,0.25,0.18359373323619366
shuffled_labels,26,5,shardbloom,0.2187500298023224,0.18359373323619366
shuffled_labels,26,6,anchorshift,0.062499940395355225,0.2382812462747097
shuffled_labels,26,6,driftgate,0.3125,0.2382812462747097
shuffled_labels,26,6,fluxpatch,0.1562499701976776,0.2382812462747097
shuffled_labels,26,6,motifbridge,0.2187499701976776,0.2382812462747097
shuffled_labels,26,6,phasenest,0.375,0.2382812462747097
shuffled_labels,26,6,phasesar,0.21875,0.2382812462747097
shuffled_labels,26,6,quorumweave,0.28125,0.2382812462747097
shuffled_labels,26,6,shardbloom,0.28125008940696716,0.2382812462747097
shuffled_labels,26,7,anchorshift,0.0625,0.20703125558793545
shuffled_labels,26,7,driftgate,0.21875,0.20703125558793545
shuffled_labels,26,7,fluxpatch,0.1875,0.20703125558793545
shuffled_labels,26,7,motifbridge,0.1562499850988388,0.20703125558793545
shuffled_labels,26,7,phasenest,0.3125,0.20703125558793545
shuffled_labels,26,7,phasesar,0.1875,0.20703125558793545
shuffled_labels,26,7,quorumweave,0.1875,0.20703125558793545
shuffled_labels,26,7,shardbloom,0.3437500596046448,0.20703125558793545
shuffled_labels,26,8,anchorshift,0.09374997019767761,0.2382812462747097
shuffled_labels,26,8,driftgate,0.2812499850988388,0.2382812462747097
shuffled_labels,26,8,fluxpatch,0.21875,0.2382812462747097
shuffled_labels,26,8,motifbridge,0.1562499701976776,0.2382812462747097
shuffled_labels,26,8,phasenest,0.40625,0.2382812462747097
shuffled_labels,26,8,phasesar,0.1875000149011612,0.2382812462747097
shuffled_labels,26,8,quorumweave,0.25,0.2382812462747097
shuffled_labels,26,8,shardbloom,0.3125000298023224,0.2382812462747097
shuffled_labels,27,1,anchorshift,-0.03125002980232239,0.011718743480741978
shuffled_labels,27,1,driftgate,1.4901161193847656e-08,0.011718743480741978
shuffled_labels,27,1,fluxpatch,-0.03125002980232239,0.011718743480741978
shuffled_labels,27,1,motifbridge,0.031249970197677612,0.011718743480741978
shuffled_labels,27,1,phasenest,0.0,0.011718743480741978
shuffled_labels,27,1,phasesar,0.0625000149011612,0.011718743480741978
shuffled_labels,27,1,quorumweave,7.450580596923828e-09,0.011718743480741978
shuffled_labels,27,1,shardbloom,0.0625,0.011718743480741978
shuffled_labels,27,2,anchorshift,-2.9802322387695312e-08,0.031249993480741978
shuffled_labels,27,2,driftgate,0.0625,0.031249993480741978
shuffled_labels,27,2,fluxpatch,0.0,0.031249993480741978
shuffled_labels,27,2,motifbridge,0.06249997764825821,0.031249993480741978
shuffled_labels,27,2,phasenest,0.0937499850988388,0.031249993480741978
shuffled_labels,27,2,phasesar,1.4901161193847656e-08,0.031249993480741978
shuffled_labels,27,2,quorumweave,0.0,0.031249993480741978
shuffled_labels,27,2,shardbloom,0.03125,0.031249993480741978
shuffled_labels,27,3,anchorshift,0.09374997019767761,0.0429687537252903
shuffled_labels,27,3,driftgate,0.0,0.0429687537252903
shuffled_labels,27,3,fluxpatch,0.0625,0.0429687537252903
shuffled_labels,27,3,motifbridge,0.03125,0.0429687537252903
shuffled_labels,27,3,phasenest,0.0,0.0429687537252903
shuffled_labels,27,3,phasesar,0.0,0.0429687537252903
shuffled_labels,27,3,quorumweave,0.09375002980232239,0.0429687537252903
shuffled_labels,27,3,shardbloom,0.06250002980232239,0.0429687537252903
shuffled_labels,27,4,anchorshift,0.09374997019767761,0.0546874925494194
shuffled_labels,27,4,driftgate,0.031249985098838806,0.0546874925494194
shuffled_labels,27,4,fluxpatch,0.0,0.0546874925494194
shuffled_labels,27,4,motifbridge,0.06249997019767761,0.0546874925494194
shuffled_labels,27,4,phasenest,-0.03125,0.0546874925494194
shuffled_labels,27,4,phasesar,0.0937499850988388,0.0546874925494194
shuffled_labels,27,4,quorumweave,0.09375,0.0546874925494194
shuffled_labels,27,4,shardbloom,0.09375002980232239,0.0546874925494194
shuffled_labels,27,5,anchorshift,0.09374997019767761,0.03515624813735485
shuffled_labels,27,5,driftgate,1.4901161193847656e-08,0.03515624813735485
shuffled_labels,27,5,fluxpatch,0.09375,0.03515624813735485
shuffled_labels,27,5,motifbridge,-2.9802322387695312e-08,0.03515624813735485
shuffled_labels,27,5,phasenest,0.03125,0.03515624813735485
shuffled_labels,27,5,phasesar,0.03125,0.03515624813735485
shuffled_labels,27,5,quorumweave,0.0,0.03515624813735485
shuffled_labels,27,5,shardbloom,0.03125002980232239,0.03515624813735485
shuffled_labels,27,6,anchorshift,0.09374994039535522,0.0546874925494194
shuffled_labels,27,6,driftgate,0.03125,0.0546874925494194
shuffled_labels,27,6,fluxpatch,0.09375,0.0546874925494194
shuffled_labels,27,6,motifbridge,0.03124995529651642,0.0546874925494194
shuffled_labels,27,6,phasenest,1.4901161193847656e-08,0.0546874925494194
shuffled_labels,27,6,phasesar,0.09375,0.0546874925494194
shuffled_labels,27,6,quorumweave,0.0625,0.0546874925494194
shuffled_labels,27,6,shardbloom,0.03125002980232239,0.0546874925494194
shuffled_labels,27,7,anchorshift,0.1562499701976776,0.08593749813735485
shuffled_labels,27,7,driftgate,0.0625,0.08593749813735485
shuffled_labels,27,7,fluxpatch,0.09375,0.08593749813735485
shuffled_labels,27,7,motifbridge,-2.9802322387695312e-08,0.08593749813735485
shuffled_labels,27,7,phasenest,0.1250000149011612,0.08593749813735485
shuffled_labels,27,7,phasesar,0.0625,0.08593749813735485
shuffled_labels,27,7,quorumweave,0.0625,0.08593749813735485
shuffled_labels,27,7,shardbloom,0.1250000298023224,0.08593749813735485
shuffled_labels,27,8,anchorshift,0.062499940395355225,0.1249999925494194
shuffled_labels,27,8,driftgate,0.1562499925494194,0.1249999925494194
shuffled_labels,27,8,fluxpatch,0.15625,0.1249999925494194
shuffled_labels,27,8,motifbridge,0.031249970197677612,0.1249999925494194
shuffled_labels,27,8,phasenest,0.21875,0.1249999925494194
shuffled_labels,27,8,phasesar,0.125,0.1249999925494194
shuffled_labels,27,8,quorumweave,0.0937500074505806,0.1249999925494194
shuffled_labels,27,8,shardbloom,0.1562500298023224,0.1249999925494194
shuffled_labels,28,1,anchorshift,0.06249997019767761,0.02343749813735485
shuffled_labels,28,1,driftgate,0.03125,0.02343749813735485
shuffled_labels,28,1,fluxpatch,0.03125002980232239,0.02343749813735485
shuffled_labels,28,1,motifbridge,-4.470348358154297e-08,0.02343749813735485
shuffled_labels,28,1,phasenest,-0.03125,0.02343749813735485
shuffled_labels,28,1,phasesar,0.03125,0.02343749813735485
shuffled_labels,28,1,quorumweave,0.03125,0.02343749813735485
shuffled_labels,28,1,shardbloom,0.03125002980232239,0.02343749813735485
shuffled_labels,28,2,anchorshift,-2.9802322387695312e-08,0.003906245343387127
shuffled_labels,28,2,driftgate,0.031249970197677612,0.003906245343387127
shuffled_labels,28,2,fluxpatch,-0.03125,0.003906245343387127
shuffled_labels,28,2,motifbridge,0.031249992549419403,0.003906245343387127
shuffled_labels,28,2,phasenest,-0.031250014901161194,0.003906245343387127
shuffled_labels,28,2,phasesar,0.0,0.003906245343387127
shuffled_labels,28,2,quorumweave,1.4901161193847656e-08,0.003906245343387127
shuffled_labels,28,2,shardbloom,0.03125002980232239,0.003906245343387127
shuffled_labels,28,3,anchorshift,0.06249997019767761,0.031249999068677425
shuffled_labels,28,3,driftgate,0.0,0.031249999068677425
shuffled_labels,28,3,fluxpatch,0.09375,0.031249999068677425
shuffled_labels,28,3,motifbridge,0.09374997019767761,0.031249999068677425
shuffled_labels,28,3,phasenest,-0.03125,0.031249999068677425
shuffled_labels,28,3,phasesar,4.470348358154297e-08,0.031249999068677425
shuffled_labels,28,3,quorumweave,0.0312500074505806,0.031249999068677425
shuffled_labels,28,3,shardbloom,0.0,0.031249999068677425
shuffled_labels,28,4,anchorshift,0.06249997019767761,0.042968738824129105
shuffled_labels,28,4,driftgate,0.03125,0.042968738824129105
shuffled_labels,28,4,fluxpatch,0.06249997019767761,0.042968738824129105
shuffled_labels,28,4,motifbridge,0.031249970197677612,0.042968738824129105
shuffled_labels,28,4,phasenest,1.4901161193847656e-08,0.042968738824129105
shuffled_labels,28,4,phasesar,0.03125,0.042968738824129105
shuffled_labels,28,4,quorumweave,-1.4901161193847656e-08,0.042968738824129105
shuffled_labels,28,4,shardbloom,0.125,0.042968738824129105
shuffled_labels,28,5,anchorshift,-0.03125002980232239,0.02343749813735485
shuffled_labels,28,5,driftgate,-0.031250014901161194,0.02343749813735485
shuffled_labels,28,5,fluxpatch,0.0625,0.02343749813735485
shuffled_labels,28,5,motifbridge,0.0937499850988388,0.02343749813735485
shuffled_labels,28,5,phasenest,0.03125,0.02343749813735485
shuffled_labels,28,5,phasesar,0.031250014901161194,0.02343749813735485
shuffled_labels,28,5,quorumweave,0.0,0.02343749813735485
shuffled_labels,28,5,shardbloom,0.03125002980232239,0.02343749813735485
shuffled_labels,28,6,anchorshift,0.06249997019767761,0.0429687425494194
shuffled_labels,28,6,driftgate,0.03125,0.0429687425494194
shuffled_labels,28,6,fluxpatch,0.125,0.0429687425494194
shuffled_labels,28,6,motifbridge,0.031249970197677612,0.0429687425494194
shuffled_labels,28,6,phasenest,0.0625,0.0429687425494194
shuffled_labels,28,6,phasesar,0.0,0.0429687425494194
shuffled_labels,28,6,quorumweave,-0.03125004470348358,0.0429687425494194
shuffled_labels,28,6,shardbloom,0.06250004470348358,0.0429687425494194
shuffled_labels,28,7,anchorshift,0.09374997019767761,0.039062488824129105
shuffled_labels,28,7,driftgate,0.0,0.039062488824129105
shuffled_labels,28,7,fluxpatch,0.09375,0.039062488824129105
shuffled_labels,28,7,motifbridge,-0.06250004470348358,0.039062488824129105
shuffled_labels,28,7,phasenest,0.031249985098838806,0.039062488824129105
shuffled_labels,28,7,phasesar,0.03125,0.039062488824129105
shuffled_labels,28,7,quorumweave,0.031249970197677612,0.039062488824129105
shuffled_labels,28,7,shardbloom,0.09375002980232239,0.039062488824129105
shuffled_labels,28,8,anchorshift,0.031249970197677612,0.011718746274709702
shuffled_labels,28,8,driftgate,0.031249985098838806,0.011718746274709702
shuffled_labels,28,8,fluxpatch,0.031249970197677612,0.011718746274709702
shuffled_labels,28,8,motifbridge,-0.03125,0.011718746274709702
shuffled_labels,28,8,phasenest,0.03125,0.011718746274709702
shuffled_labels,28,8,phasesar,-0.03125,0.011718746274709702
shuffled_labels,28,8,quorumweave,0.031250014901161194,0.011718746274709702
shuffled_labels,28,8,shardbloom,2.9802322387695312e-08,0.011718746274709702
shuffled_labels,29,1,anchorshift,0.031249940395355225,0.015624992549419403
shuffled_labels,29,1,driftgate,-0.031250014901161194,0.015624992549419403
shuffled_labels,29,1,fluxpatch,-0.03125,0.015624992549419403
shuffled_labels,29,1,motifbridge,-2.9802322387695312e-08,0.015624992549419403
shuffled_labels,29,1,phasenest,0.0937500149011612,0.015624992549419403
shuffled_labels,29,1,phasesar,0.0625,0.015624992549419403
shuffled_labels,29,1,quorumweave,0.0,0.015624992549419403
shuffled_labels,29,1,shardbloom,2.9802322387695312e-08,0.015624992549419403
shuffled_labels,29,2,anchorshift,0.06249997019767761,0.0625
shuffled_labels,29,2,driftgate,-0.031250014901161194,0.0625
shuffled_labels,29,2,fluxpatch,0.09375,0.0625
shuffled_labels,29,2,motifbridge,0.0625,0.0625
shuffled_labels,29,2,phasenest,0.1875,0.0625
shuffled_labels,29,2,phasesar,0.0625000149011612,0.0625
shuffled_labels,29,2,quorumweave,0.03125,0.0625
shuffled_labels,29,2,shardbloom,0.03125002980232239,0.0625
shuffled_labels,29,3,anchorshift,0.06249997019767761,0.05468750838190317
shuffled_labels,29,3,driftgate,1.4901161193847656e-08,0.05468750838190317
shuffled_labels,29,3,fluxpatch,0.06250002980232239,0.05468750838190317
shuffled_labels,29,3,motifbridge,0.03124997764825821,0.05468750838190317
shuffled_labels,29,3,phasenest,0.1250000298023224,0.05468750838190317
shuffled_labels,29,3,phasesar,0.09375,0.05468750838190317
shuffled_labels,29,3,quorumweave,1.4901161193847656e-08,0.05468750838190317
shuffled_labels,29,3,shardbloom,0.06250002980232239,0.05468750838190317
shuffled_labels,29,4,anchorshift,0.06249997019767761,0.0195312462747097
shuffled_labels,29,4,driftgate,0.0625,0.0195312462747097
shuffled_labels,29,4,fluxpatch,0.03125,0.0195312462747097
shuffled_labels,29,4,motifbridge,-0.03125002980232239,0.0195312462747097
shuffled_labels,29,4,phasenest,0.0,0.0195312462747097
shuffled_labels,29,4,phasesar,0.09375,0.0195312462747097
shuffled_labels,29,4,quorumweave,-0.0625,0.0195312462747097
shuffled_labels,29,4,shardbloom,2.9802322387695312e-08,0.0195312462747097
shuffled_labels,29,5,anchorshift,0.12499997019767761,0.04687498975545168
shuffled_labels,29,5,driftgate,0.0,0.04687498975545168
shuffled_labels,29,5,fluxpatch,0.031249970197677612,0.04687498975545168
shuffled_labels,29,5,motifbridge,-2.2351741790771484e-08,0.04687498975545168
shuffled_labels,29,5,phasenest,0.09375,0.04687498975545168
shuffled_labels,29,5,phasesar,0.03125,0.04687498975545168
shuffled_labels,29,5,quorumweave,0.0937499850988388,0.04687498975545168
shuffled_labels,29,5,shardbloom,1.4901161193847656e-08,0.04687498975545168
shuffled_labels,29,6,anchorshift,0.12499997019767761,0.06249999348074198
shuffled_labels,29,6,driftgate,0.0625,0.06249999348074198
shuffled_labels,29,6,fluxpatch,0.031249970197677612,0.06249999348074198
shuffled_labels,29,6,motifbridge,0.06249995529651642,0.06249999348074198
shuffled_labels,29,6,phasenest,-7.450580596923828e-09,0.06249999348074198
shuffled_labels,29,6,phasesar,0.06250002980232239,0.06249999348074198
shuffled_labels,29,6,quorumweave,0.062499985098838806,0.06249999348074198
shuffled_labels,29,6,shardbloom,0.09375004470348358,0.06249999348074198
shuffled_labels,29,7,anchorshift,0.12499997019767761,0.0781249850988388
shuffled_labels,29,7,driftgate,0.12499997019767761,0.0781249850988388
shuffled_labels,29,7,fluxpatch,0.0625,0.0781249850988388
shuffled_labels,29,7,motifbridge,-0.03125002980232239,0.0781249850988388
shuffled_labels,29,7,phasenest,0.03125,0.0781249850988388
shuffled_labels,29,7,phasesar,0.125,0.0781249850988388
shuffled_labels,29,7,quorumweave,0.0937499850988388,0.0781249850988388
shuffled_labels,29,7,shardbloom,0.0937499850988388,0.0781249850988388
shuffled_labels,29,8,anchorshift,0.18749994039535522,0.13281248696148396
shuffled_labels,29,8,driftgate,0.0937499850988388,0.13281248696148396
shuffled_labels,29,8,fluxpatch,0.21875,0.13281248696148396
shuffled_labels,29,8,motifbridge,0.03124995529651642,0.13281248696148396
shuffled_labels,29,8,phasenest,0.0625,0.13281248696148396
shuffled_labels,29,8,phasesar,0.15625,0.13281248696148396
shuffled_labels,29,8,quorumweave,0.1562500298023224,0.13281248696148396
shuffled_labels,29,8,shardbloom,0.1562499850988388,0.13281248696148396
shuffled_labels,30,1,anchorshift,0.09374997019767761,0.06640624813735485
shuffled_labels,30,1,driftgate,-0.03125,0.06640624813735485
shuffled_labels,30,1,fluxpatch,0.15625,0.06640624813735485
shuffled_labels,30,1,motifbridge,0.062499985098838806,0.06640624813735485
shuffled_labels,30,1,phasenest,0.0625,0.06640624813735485
shuffled_labels,30,1,phasesar,0.125,0.06640624813735485
shuffled_labels,30,1,quorumweave,0.03125,0.06640624813735485
shuffled_labels,30,1,shardbloom,0.03125002980232239,0.06640624813735485
shuffled_labels,30,2,anchorshift,0.031249970197677612,0.03906249813735485
shuffled_labels,30,2,driftgate,-0.031249970197677612,0.03906249813735485
shuffled_labels,30,2,fluxpatch,0.0625,0.03906249813735485
shuffled_labels,30,2,motifbridge,-2.9802322387695312e-08,0.03906249813735485
shuffled_labels,30,2,phasenest,0.09375,0.03906249813735485
shuffled_labels,30,2,phasesar,0.0625,0.03906249813735485
shuffled_labels,30,2,quorumweave,0.0937499850988388,0.03906249813735485
shuffled_labels,30,2,shardbloom,2.9802322387695312e-08,0.03906249813735485
shuffled_labels,30,3,anchorshift,0.06249997019767761,0.0390625037252903
shuffled_labels,30,3,driftgate,0.0,0.0390625037252903
shuffled_labels,30,3,fluxpatch,0.03125002980232239,0.0390625037252903
shuffled_labels,30,3,motifbridge,-0.031250014901161194,0.0390625037252903
shuffled_labels,30,3,phasenest,0.062499985098838806,0.0390625037252903
shuffled_labels,30,3,phasesar,0.09375,0.0390625037252903
shuffled_labels,30,3,quorumweave,0.0625,0.0390625037252903
shuffled_labels,30,3,shardbloom,0.031250059604644775,0.0390625037252903
shuffled_labels,30,4,anchorshift,0.12499997019767761,-3.725290298461914e-09
shuffled_labels,30,4,driftgate,-0.03125,-3.725290298461914e-09
shuffled_labels,30,4,fluxpatch,0.0625,-3.725290298461914e-09
shuffled_labels,30,4,motifbridge,-0.03125002980232239,-3.725290298461914e-09
shuffled_labels,30,4,phasenest,-0.125,-3.725290298461914e-09
shuffled_labels,30,4,phasesar,-0.0625,-3.725290298461914e-09
shuffled_labels,30,4,quorumweave,0.0,-3.725290298461914e-09
shuffled_labels,30,4,shardbloom,0.06250002980232239,-3.725290298461914e-09
shuffled_labels,30,5,anchorshift,0.12499997019767761,0.007812490686774254
shuffled_labels,30,5,driftgate,-2.9802322387695312e-08,0.007812490686774254
shuffled_labels,30,5,fluxpatch,0.031249970197677612,0.007812490686774254
shuffled_labels,30,5,motifbridge,-0.03125002980232239,0.007812490686774254
shuffled_labels,30,5,phasenest,-0.09374997019767761,0.007812490686774254
shuffled_labels,30,5,phasesar,0.03125,0.007812490686774254
shuffled_labels,30,5,quorumweave,-0.0625000149011612,0.007812490686774254
shuffled_labels,30,5,shardbloom,0.06250002980232239,0.007812490686774254
shuffled_labels,30,6,anchorshift,0.1562499701976776,0.02734375
shuffled_labels,30,6,driftgate,-0.09375,0.02734375
shuffled_labels,30,6,fluxpatch,0.03125002980232239,0.02734375
shuffled_labels,30,6,motifbridge,-0.03125002980232239,0.02734375
shuffled_labels,30,6,phasenest,0.0,0.02734375
shuffled_labels,30,6,phasesar,0.0,0.02734375
shuffled_labels,30,6,quorumweave,0.03125,0.02734375
shuffled_labels,30,6,shardbloom,0.1250000298023224,0.02734375
shuffled_labels,30,7,anchorshift,0.15624994039535522,0.10937500093132257
shuffled_labels,30,7,driftgate,0.0625,0.10937500093132257
shuffled_labels,30,7,fluxpatch,0.09375002980232239,0.10937500093132257
shuffled_labels,30,7,motifbridge,0.031249970197677612,0.10937500093132257
shuffled_labels,30,7,phasenest,0.18750003725290298,0.10937500093132257
shuffled_labels,30,7,phasesar,0.0625000149011612,0.10937500093132257
shuffled_labels,30,7,quorumweave,0.0937499850988388,0.10937500093132257
shuffled_labels,30,7,shardbloom,0.1875000298023224,0.10937500093132257
shuffled_labels,30,8,anchorshift,0.062499940395355225,0.07031249813735485
shuffled_labels,30,8,driftgate,-0.031250014901161194,0.07031249813735485
shuffled_labels,30,8,fluxpatch,0.09375002980232239,0.07031249813735485
shuffled_labels,30,8,motifbridge,0.03124995529651642,0.07031249813735485
shuffled_labels,30,8,phasenest,0.03125002980232239,0.07031249813735485
shuffled_labels,30,8,phasesar,0.125,0.07031249813735485
shuffled_labels,30,8,quorumweave,0.0937500149011612,0.07031249813735485
shuffled_labels,30,8,shardbloom,0.1562500298023224,0.07031249813735485
shuffled_labels,31,1,anchorshift,-2.9802322387695312e-08,-0.023437497206032276
shuffled_labels,31,1,driftgate,-0.0624999925494194,-0.023437497206032276
shuffled_labels,31,1,fluxpatch,-0.06249995529651642,-0.023437497206032276
shuffled_labels,31,1,motifbridge,-2.9802322387695312e-08,-0.023437497206032276
shuffled_labels,31,1,phasenest,-0.0625,-0.023437497206032276
shuffled_labels,31,1,phasesar,-0.03125,-0.023437497206032276
shuffled_labels,31,1,quorumweave,-0.03125,-0.023437497206032276
shuffled_labels,31,1,shardbloom,0.06250002980232239,-0.023437497206032276
shuffled_labels,31,2,anchorshift,-0.031250059604644775,-0.023437507450580597
shuffled_labels,31,2,driftgate,-0.0625,-0.023437507450580597
shuffled_labels,31,2,fluxpatch,-0.0625,-0.023437507450580597
shuffled_labels,31,2,motifbridge,-2.9802322387695312e-08,-0.023437507450580597
shuffled_labels,31,2,phasenest,-0.062499985098838806,-0.023437507450580597
shuffled_labels,31,2,phasesar,0.031250014901161194,-0.023437507450580597
shuffled_labels,31,2,quorumweave,0.0,-0.023437507450580597
shuffled_labels,31,2,shardbloom,0.0,-0.023437507450580597
shuffled_labels,31,3,anchorshift,0.03125,0.0664062425494194
shuffled_labels,31,3,driftgate,-0.03125004470348358,0.0664062425494194
shuffled_labels,31,3,fluxpatch,0.09374997019767761,0.0664062425494194
shuffled_labels,31,3,motifbridge,0.03124995529651642,0.0664062425494194
shuffled_labels,31,3,phasenest,0.15625,0.0664062425494194
shuffled_labels,31,3,phasesar,0.09375,0.0664062425494194
shuffled_labels,31,3,quorumweave,0.09375002980232239,0.0664062425494194
shuffled_labels,31,3,shardbloom,0.06250002980232239,0.0664062425494194
shuffled_labels,31,4,anchorshift,0.125,0.12499999441206455
shuffled_labels,31,4,driftgate,0.031249985098838806,0.12499999441206455
shuffled_labels,31,4,fluxpatch,0.12499997019767761,0.12499999441206455
shuffled_labels,31,4,motifbridge,0.09374997019767761,0.12499999441206455
shuffled_labels,31,4,phasenest,0.2187500298023224,0.12499999441206455
shuffled_labels,31,4,phasesar,0.125,0.12499999441206455
shuffled_labels,31,4,quorumweave,0.09375,0.12499999441206455
shuffled_labels,31,4,shardbloom,0.1875,0.12499999441206455
shuffled_labels,31,5,anchorshift,0.1562499701976776,0.12109374534338713
shuffled_labels,31,5,driftgate,0.0937499850988388,0.12109374534338713
shuffled_labels,31,5,fluxpatch,0.0625,0.12109374534338713
shuffled_labels,31,5,motifbridge,0.031249970197677612,0.12109374534338713
shuffled_labels,31,5,phasenest,0.18750003725290298,0.12109374534338713
shuffled_labels,31,5,phasesar,0.0625,0.12109374534338713
shuffled_labels,31,5,quorumweave,0.1875,0.12109374534338713
shuffled_labels,31,5,shardbloom,0.1875,0.12109374534338713
shuffled_labels,31,6,anchorshift,0.031249970197677612,0.10156250186264515
shuffled_labels,31,6,driftgate,0.0625000149011612,0.10156250186264515
shuffled_labels,31,6,fluxpatch,0.06250004470348358,0.10156250186264515
shuffled_labels,31,6,motifbridge,0.031249970197677612,0.10156250186264515
shuffled_labels,31,6,phasenest,0.2812499850988388,0.10156250186264515
shuffled_labels,31,6,phasesar,0.0625,0.10156250186264515
shuffled_labels,31,6,quorumweave,0.15625,0.10156250186264515
shuffled_labels,31,6,shardbloom,0.1250000298023224,0.10156250186264515
shuffled_labels,31,7,anchorshift,0.06249995529651642,0.14453123696148396
shuffled_labels,31,7,driftgate,0.09375,0.14453123696148396
shuffled_labels,31,7,fluxpatch,0.12499997019767761,0.14453123696148396
shuffled_labels,31,7,motifbridge,0.06249997019767761,0.14453123696148396
shuffled_labels,31,7,phasenest,0.34375,0.14453123696148396
shuffled_labels,31,7,phasesar,0.09374997019767761,0.14453123696148396
shuffled_labels,31,7,quorumweave,0.1875,0.14453123696148396
shuffled_labels,31,7,shardbloom,0.1875000298023224,0.14453123696148396
shuffled_labels,31,8,anchorshift,0.06249997019767761,0.14843750186264515
shuffled_labels,31,8,driftgate,0.1250000298023224,0.14843750186264515
shuffled_labels,31,8,fluxpatch,0.125,0.14843750186264515
shuffled_labels,31,8,motifbridge,-2.9802322387695312e-08,0.14843750186264515
shuffled_labels,31,8,phasenest,0.3124999850988388,0.14843750186264515
shuffled_labels,31,8,phasesar,0.125,0.14843750186264515
shuffled_labels,31,8,quorumweave,0.2500000298023224,0.14843750186264515
shuffled_labels,31,8,shardbloom,0.1875000298023224,0.14843750186264515
shuffled_labels,32,1,anchorshift,0.031249970197677612,0.07031249068677425
shuffled_labels,32,1,driftgate,-1.4901161193847656e-08,0.07031249068677425
shuffled_labels,32,1,fluxpatch,0.1562499850988388,0.07031249068677425
shuffled_labels,32,1,motifbridge,0.06249997019767761,0.07031249068677425
shuffled_labels,32,1,phasenest,0.0625,0.07031249068677425
shuffled_labels,32,1,phasesar,0.0937499850988388,0.07031249068677425
shuffled_labels,32,1,quorumweave,0.09375,0.07031249068677425
shuffled_labels,32,1,shardbloom,0.06250002980232239,0.07031249068677425
shuffled_labels,32,2,anchorshift,0.03125002980232239,0.046875
shuffled_labels,32,2,driftgate,0.031249985098838806,0.046875
shuffled_labels,32,2,fluxpatch,0.0625,0.046875
shuffled_labels,32,2,motifbridge,0.031249970197677612,0.046875
shuffled_labels,32,2,phasenest,0.125,0.046875
shuffled_labels,32,2,phasesar,-1.4901161193847656e-08,0.046875
shuffled_labels,32,2,quorumweave,0.03125,0.046875
shuffled_labels,32,2,shardbloom,0.06250002980232239,0.046875
shuffled_labels,32,3,anchorshift,0.06249997019767761,-0.003906251862645149
shuffled_labels,32,3,driftgate,0.0,-0.003906251862645149
shuffled_labels,32,3,fluxpatch,5.960464477539063e-08,-0.003906251862645149
shuffled_labels,32,3,motifbridge,-0.03125002980232239,-0.003906251862645149
shuffled_labels,32,3,phasenest,-0.09375,-0.003906251862645149
shuffled_labels,32,3,phasesar,-0.031250014901161194,-0.003906251862645149
shuffled_labels,32,3,quorumweave,0.06249997019767761,-0.003906251862645149
shuffled_labels,32,3,shardbloom,2.9802322387695312e-08,-0.003906251862645149
shuffled_labels,32,4,anchorshift,0.031249970197677612,-0.011718753725290298
shuffled_labels,32,4,driftgate,-0.03125,-0.011718753725290298
shuffled_labels,32,4,fluxpatch,0.03125,-0.011718753725290298
shuffled_labels,32,4,motifbridge,-0.03125,-0.011718753725290298
shuffled_labels,32,4,phasenest,-0.15625,-0.011718753725290298
shuffled_labels,32,4,phasesar,0.03125,-0.011718753725290298
shuffled_labels,32,4,quorumweave,0.031249970197677612,-0.011718753725290298
shuffled_labels,32,4,shardbloom,2.9802322387695312e-08,-0.011718753725290298
shuffled_labels,32,5,anchorshift,0.06249997019767761,-0.015625005587935448
shuffled_labels,32,5,driftgate,0.031250014901161194,-0.015625005587935448
shuffled_labels,32,5,fluxpatch,-0.0625,-0.015625005587935448
shuffled_labels,32,5,motifbridge,-0.09375002980232239,-0.015625005587935448
shuffled_labels,32,5,phasenest,-0.09375,-0.015625005587935448
shuffled_labels,32,5,phasesar,-0.0625,-0.015625005587935448
shuffled_labels,32,5,quorumweave,0.031249970197677612,-0.015625005587935448
shuffled_labels,32,5,shardbloom,0.06250002980232239,-0.015625005587935448
shuffled_labels,32,6,anchorshift,0.09374997019767761,-0.031249995343387127
shuffled_labels,32,6,driftgate,-0.09375,-0.031249995343387127
shuffled_labels,32,6,fluxpatch,-0.09375,-0.031249995343387127
shuffled_labels,32,6,motifbridge,-2.9802322387695312e-08,-0.031249995343387127
shuffled_labels,32,6,phasenest,-0.0625,-0.031249995343387127
shuffled_labels,32,6,phasesar,-0.0625,-0.031249995343387127
shuffled_labels,32,6,quorumweave,7.450580596923828e-09,-0.031249995343387127
shuffled_labels,32,6,shardbloom,-0.031249910593032837,-0.031249995343387127
shuffled_labels,32,7,anchorshift,0.09374997019767761,0.07812500279396772
shuffled_labels,32,7,driftgate,0.125,0.07812500279396772
shuffled_labels,32,7,fluxpatch,0.06250005215406418,0.07812500279396772
shuffled_labels,32,7,motifbridge,-0.031250014901161194,0.07812500279396772
shuffled_labels,32,7,phasenest,0.031250014901161194,0.07812500279396772
shuffled_labels,32,7,phasesar,0.0625,0.07812500279396772
shuffled_labels,32,7,quorumweave,0.12499997019767761,0.07812500279396772
shuffled_labels,32,7,shardbloom,0.1562500298023224,0.07812500279396772
shuffled_labels,32,8,anchorshift,0.03125,0.0351562574505806
shuffled_labels,32,8,driftgate,0.09375,0.0351562574505806
shuffled_labels,32,8,fluxpatch,0.0,0.0351562574505806
shuffled_labels,32,8,motifbridge,-0.06250002980232239,0.0351562574505806
shuffled_labels,32,8,phasenest,-0.06249992549419403,0.0351562574505806
shuffled_labels,32,8,phasesar,-1.4901161193847656e-08,0.0351562574505806
shuffled_labels,32,8,quorumweave,0.0625,0.0351562574505806
shuffled_labels,32,8,shardbloom,0.2187500298023224,0.0351562574505806
shuffled_labels,33,1,anchorshift,0.031249970197677612,0.007812498137354851
shuffled_labels,33,1,driftgate,-0.0625000149011612,0.007812498137354851
shuffled_labels,33,1,fluxpatch,-1.4901161193847656e-08,0.007812498137354851
shuffled_labels,33,1,motifbridge,2.9802322387695312e-08,0.007812498137354851
shuffled_labels,33,1,phasenest,0.031249985098838806,0.007812498137354851
shuffled_labels,33,1,phasesar,-0.03125,0.007812498137354851
shuffled_labels,33,1,quorumweave,0.03125,0.007812498137354851
shuffled_labels,33,1,shardbloom,0.06250002980232239,0.007812498137354851
shuffled_labels,33,2,anchorshift,-5.960464477539063e-08,0.03124998975545168
shuffled_labels,33,2,driftgate,0.0,0.03124998975545168
shuffled_labels,33,2,fluxpatch,0.09375,0.03124998975545168
shuffled_labels,33,2,motifbridge,0.031249940395355225,0.03124998975545168
shuffled_labels,33,2,phasenest,0.0,0.03124998975545168
shuffled_labels,33,2,phasesar,0.03125,0.03124998975545168
shuffled_labels,33,2,quorumweave,7.450580596923828e-09,0.03124998975545168
shuffled_labels,33,2,shardbloom,0.09375002980232239,0.03124998975545168
shuffled_labels,33,3,anchorshift,0.031249940395355225,-0.00390625
shuffled_labels,33,3,driftgate,-0.06249997019767761,-0.00390625
shuffled_labels,33,3,fluxpatch,0.0,-0.00390625
shuffled_labels,33,3,motifbridge,-0.0625,-0.00390625
shuffled_labels,33,3,phasenest,-0.0625,-0.00390625
shuffled_labels,33,3,phasesar,-0.03125,-0.00390625
shuffled_labels,33,3,quorumweave,0.0,-0.00390625
shuffled_labels,33,3,shardbloom,0.1562500298023224,-0.00390625
shuffled_labels,33,4,anchorshift,0.031249970197677612,-0.01953125186264515
shuffled_labels,33,4,driftgate,-0.09375,-0.01953125186264515
shuffled_labels,33,4,fluxpatch,0.0625,-0.01953125186264515
shuffled_labels,33,4,motifbridge,-0.03125002980232239,-0.01953125186264515
shuffled_labels,33,4,phasenest,-0.1249999850988388,-0.01953125186264515
shuffled_labels,33,4,phasesar,-0.031249985098838806,-0.01953125186264515
shuffled_labels,33,4,quorumweave,-0.0625000149011612,-0.01953125186264515
shuffled_labels,33,4,shardbloom,0.09375002980232239,-0.01953125186264515
shuffled_labels,33,5,anchorshift,0.06249997019767761,0.1796875
shuffled_labels,33,5,driftgate,0.1875000298023224,0.1796875
shuffled_labels,33,5,fluxpatch,0.21875,0.1796875
shuffled_labels,33,5,motifbridge,0.031249985098838806,0.1796875
shuffled_labels,33,5,phasenest,0.2812500149011612,0.1796875
shuffled_labels,33,5,phasesar,0.15625,0.1796875
shuffled_labels,33,5,quorumweave,0.2187499701976776,0.1796875
shuffled_labels,33,5,shardbloom,0.2812500298023224,0.1796875
shuffled_labels,33,6,anchorshift,0.09374997019767761,0.1757812574505806
shuffled_labels,33,6,driftgate,0.15625,0.1757812574505806
shuffled_labels,33,6,fluxpatch,0.21875,0.1757812574505806
shuffled_labels,33,6,motifbridge,0.03124997764825821,0.1757812574505806
shuffled_labels,33,6,phasenest,0.18750003725290298,0.1757812574505806
shuffled_labels,33,6,phasesar,0.1875000149011612,0.1757812574505806
shuffled_labels,33,6,quorumweave,0.25,0.1757812574505806
shuffled_labels,33,6,shardbloom,0.2812500596046448,0.1757812574505806
shuffled_labels,33,7,anchorshift,0.09374997019767761,0.1796874925494194
shuffled_labels,33,7,driftgate,0.125,0.1796874925494194
shuffled_labels,33,7,fluxpatch,0.28125,0.1796874925494194
shuffled_labels,33,7,motifbridge,-2.9802322387695312e-08,0.1796874925494194
shuffled_labels,33,7,phasenest,0.1874999850988388,0.1796874925494194
shuffled_labels,33,7,phasesar,0.2187499850988388,0.1796874925494194
shuffled_labels,33,7,quorumweave,0.21875,0.1796874925494194
shuffled_labels,33,7,shardbloom,0.3125000298023224,0.1796874925494194
shuffled_labels,33,8,anchorshift,0.06249997019767761,0.1835937462747097
shuffled_labels,33,8,driftgate,0.21875,0.1835937462747097
shuffled_labels,33,8,fluxpatch,0.2499999701976776,0.1835937462747097
shuffled_labels,33,8,motifbridge,-0.06250004470348358,0.1835937462747097
shuffled_labels,33,8,phasenest,0.3125,0.1835937462747097
shuffled_labels,33,8,phasesar,0.1250000149011612,0.1835937462747097
shuffled_labels,33,8,quorumweave,0.2187500298023224,0.1835937462747097
shuffled_labels,33,8,shardbloom,0.3437500298023224,0.1835937462747097
shuffled_labels,34,1,anchorshift,-0.031250059604644775,-0.011718749068677425
shuffled_labels,34,1,driftgate,0.0,-0.011718749068677425
shuffled_labels,34,1,fluxpatch,-0.03125,-0.011718749068677425
shuffled_labels,34,1,motifbridge,0.062499985098838806,-0.011718749068677425
shuffled_labels,34,1,phasenest,-0.031249970197677612,-0.011718749068677425
shuffled_labels,34,1,phasesar,-0.062499985098838806,-0.011718749068677425
shuffled_labels,34,1,quorumweave,-0.0624999925494194,-0.011718749068677425
shuffled_labels,34,1,shardbloom,0.06250002980232239,-0.011718749068677425
shuffled_labels,34,2,anchorshift,-0.031250059604644775,0.03906249441206455
shuffled_labels,34,2,driftgate,0.0,0.03906249441206455
shuffled_labels,34,2,fluxpatch,0.0625,0.03906249441206455
shuffled_labels,34,2,motifbridge,0.03124995529651642,0.03906249441206455
shuffled_labels,34,2,phasenest,0.0625000149011612,0.03906249441206455
shuffled_labels,34,2,phasesar,0.03125,0.03906249441206455
shuffled_labels,34,2,quorumweave,0.031250014901161194,0.03906249441206455
shuffled_labels,34,2,shardbloom,0.1250000298023224,0.03906249441206455
shuffled_labels,34,3,anchorshift,0.09374994039535522,0.06640624068677425
shuffled_labels,34,3,driftgate,0.031250014901161194,0.06640624068677425
shuffled_labels,34,3,fluxpatch,0.09375,0.06640624068677425
shuffled_labels,34,3,motifbridge,0.031249970197677612,0.06640624068677425
shuffled_labels,34,3,phasenest,0.09375,0.06640624068677425
shuffled_labels,34,3,phasesar,0.0625,0.06640624068677425
shuffled_labels,34,3,quorumweave,0.0,0.06640624068677425
shuffled_labels,34,3,shardbloom,0.125,0.06640624068677425
shuffled_labels,34,4,anchorshift,0.06249997019767761,0.06640624441206455
shuffled_labels,34,4,driftgate,0.03125,0.06640624441206455
shuffled_labels,34,4,fluxpatch,0.09374997019767761,0.06640624441206455
shuffled_labels,34,4,motifbridge,0.06249997019767761,0.06640624441206455
shuffled_labels,34,4,phasenest,0.0937500149011612,0.06640624441206455
shuffled_labels,34,4,phasesar,0.03125,0.06640624441206455
shuffled_labels,34,4,quorumweave,0.0,0.06640624441206455
shuffled_labels,34,4,shardbloom,0.1562500298023224,0.06640624441206455
shuffled_labels,34,5,anchorshift,0.0,0.16406249813735485
shuffled_labels,34,5,driftgate,0.0625,0.16406249813735485
shuffled_labels,34,5,fluxpatch,0.3124999850988388,0.16406249813735485
shuffled_labels,34,5,motifbridge,0.09374997019767761,0.16406249813735485
shuffled_labels,34,5,phasenest,0.28125,0.16406249813735485
shuffled_labels,34,5,phasesar,0.1874999701976776,0.16406249813735485
shuffled_labels,34,5,quorumweave,0.15625,0.16406249813735485
shuffled_labels,34,5,shardbloom,0.21875005960464478,0.16406249813735485
shuffled_labels,34,6,anchorshift,0.031249970197677612,0.17578123696148396
shuffled_labels,34,6,driftgate,0.21875,0.17578123696148396
shuffled_labels,34,6,fluxpatch,0.25,0.17578123696148396
shuffled_labels,34,6,motifbridge,0.12499997019767761,0.17578123696148396
shuffled_labels,34,6,phasenest,0.2499999701976776,0.17578123696148396
shuffled_labels,34,6,phasesar,0.2499999850988388,0.17578123696148396
shuffled_labels,34,6,quorumweave,0.09374997019767761,0.17578123696148396
shuffled_labels,34,6,shardbloom,0.1875000298023224,0.17578123696148396
shuffled_labels,34,7,anchorshift,0.09374997019767761,0.17187499441206455
shuffled_labels,34,7,driftgate,0.1562499701976776,0.17187499441206455
shuffled_labels,34,7,fluxpatch,0.25,0.17187499441206455
shuffled_labels,34,7,motifbridge,0.062499985098838806,0.17187499441206455
shuffled_labels,34,7,phasenest,0.1875,0.17187499441206455
shuffled_labels,34,7,phasesar,0.28125,0.17187499441206455
shuffled_labels,34,7,quorumweave,0.125,0.17187499441206455
shuffled_labels,34,7,shardbloom,0.2187500298023224,0.17187499441206455
shuffled_labels,34,8,anchorshift,0.09374997019767761,0.17187499441206455
shuffled_labels,34,8,driftgate,0.09375,0.17187499441206455
shuffled_labels,34,8,fluxpatch,0.2499999701976776,0.17187499441206455
shuffled_labels,34,8,motifbridge,0.09374997019767761,0.17187499441206455
shuffled_labels,34,8,phasenest,0.2499999850988388,0.17187499441206455
shuffled_labels,34,8,phasesar,0.21875,0.17187499441206455
shuffled_labels,34,8,quorumweave,0.15625,0.17187499441206455
shuffled_labels,34,8,shardbloom,0.21875005960464478,0.17187499441206455
shuffled_labels,35,1,anchorshift,-5.960464477539063e-08,0.0078125
shuffled_labels,35,1,driftgate,-0.09375,0.0078125
shuffled_labels,35,1,fluxpatch,0.03125002980232239,0.0078125
shuffled_labels,35,1,motifbridge,-0.03125002980232239,0.0078125
shuffled_labels,35,1,phasenest,0.0625,0.0078125
shuffled_labels,35,1,phasesar,0.03125,0.0078125
shuffled_labels,35,1,quorumweave,0.0625,0.0078125
shuffled_labels,35,1,shardbloom,5.960464477539063e-08,0.0078125
shuffled_labels,35,2,anchorshift,0.031249970197677612,0.007812498137354851
shuffled_labels,35,2,driftgate,-0.06249997019767761,0.007812498137354851
shuffled_labels,35,2,fluxpatch,0.0,0.007812498137354851
shuffled_labels,35,2,motifbridge,0.06249997019767761,0.007812498137354851
shuffled_labels,35,2,phasenest,0.031249985098838806,0.007812498137354851
shuffled_labels,35,2,phasesar,0.03125,0.007812498137354851
shuffled_labels,35,2,quorumweave,0.0,0.007812498137354851
shuffled_labels,35,2,shardbloom,-0.031249970197677612,0.007812498137354851
shuffled_labels,35,3,anchorshift,-2.9802322387695312e-08,-0.0234375
shuffled_labels,35,3,driftgate,-0.09375,-0.0234375
shuffled_labels,35,3,fluxpatch,0.0,-0.0234375
shuffled_labels,35,3,motifbridge,-1.4901161193847656e-08,-0.0234375
shuffled_labels,35,3,phasenest,-0.0625,-0.0234375
shuffled_labels,35,3,phasesar,0.0,-0.0234375
shuffled_labels,35,3,quorumweave,1.4901161193847656e-08,-0.0234375
shuffled_labels,35,3,shardbloom,-0.031249970197677612,-0.0234375
shuffled_labels,35,4,anchorshift,0.031249970197677612,-5.587935447692871e-09
shuffled_labels,35,4,driftgate,-0.09375,-5.587935447692871e-09
shuffled_labels,35,4,fluxpatch,0.0,-5.587935447692871e-09
shuffled_labels,35,4,motifbridge,-2.9802322387695312e-08,-5.587935447692871e-09
shuffled_labels,35,4,phasenest,0.0,-5.587935447692871e-09
shuffled_labels,35,4,phasesar,0.09375,-5.587935447692871e-09
shuffled_labels,35,4,quorumweave,-0.0625000149011612,-5.587935447692871e-09
shuffled_labels,35,4,shardbloom,0.03125002980232239,-5.587935447692871e-09
shuffled_labels,35,5,anchorshift,0.12499997019767761,0.0468749925494194
shuffled_labels,35,5,driftgate,-0.03125,0.0468749925494194
shuffled_labels,35,5,fluxpatch,-0.03125,0.0468749925494194
shuffled_labels,35,5,motifbridge,0.031249970197677612,0.0468749925494194
shuffled_labels,35,5,phasenest,0.06250002980232239,0.0468749925494194
shuffled_labels,35,5,phasesar,0.0937499850988388,0.0468749925494194
shuffled_labels,35,5,quorumweave,-1.4901161193847656e-08,0.0468749925494194
shuffled_labels,35,5,shardbloom,0.125,0.0468749925494194
shuffled_labels,35,6,anchorshift,0.031249940395355225,0.03906248323619366
shuffled_labels,35,6,driftgate,-0.06250002980232239,0.03906248323619366
shuffled_labels,35,6,fluxpatch,0.03125,0.03906248323619366
shuffled_labels,35,6,motifbridge,-0.03125004470348358,0.03906248323619366
shuffled_labels,35,6,phasenest,0.0625,0.03906248323619366
shuffled_labels,35,6,phasesar,0.1562499701976776,0.03906248323619366
shuffled_labels,35,6,quorumweave,0.03125,0.03906248323619366
shuffled_labels,35,6,shardbloom,0.09375002980232239,0.03906248323619366
shuffled_labels,35,7,anchorshift,-2.9802322387695312e-08,-0.00781250186264515
shuffled_labels,35,7,driftgate,-0.0937499850988388,-0.00781250186264515
shuffled_labels,35,7,fluxpatch,0.03125,-0.00781250186264515
shuffled_labels,35,7,motifbridge,-0.09375004470348358,-0.00781250186264515
shuffled_labels,35,7,phasenest,0.031249970197677612,-0.00781250186264515
shuffled_labels,35,7,phasesar,0.0937500149011612,-0.00781250186264515
shuffled_labels,35,7,quorumweave,-0.06249997019767761,-0.00781250186264515
shuffled_labels,35,7,shardbloom,0.03125002980232239,-0.00781250186264515
shuffled_labels,35,8,anchorshift,2.9802322387695312e-08,0.01171875
shuffled_labels,35,8,driftgate,-2.9802322387695312e-08,0.01171875
shuffled_labels,35,8,fluxpatch,-0.03125,0.01171875
shuffled_labels,35,8,motifbridge,-0.031250014901161194,0.01171875
shuffled_labels,35,8,phasenest,0.0625,0.01171875
shuffled_labels,35,8,phasesar,0.062499985098838806,0.01171875
shuffled_labels,35,8,quorumweave,-0.03125,0.01171875
shuffled_labels,35,8,shardbloom,0.06250002980232239,0.01171875
shuffled_labels,36,1,anchorshift,-0.03125002980232239,0.015624992549419403
shuffled_labels,36,1,driftgate,-0.0625,0.015624992549419403
shuffled_labels,36,1,fluxpatch,0.125,0.015624992549419403
shuffled_labels,36,1,motifbridge,-2.9802322387695312e-08,0.015624992549419403
shuffled_labels,36,1,phasenest,0.031249985098838806,0.015624992549419403
shuffled_labels,36,1,phasesar,0.03125,0.015624992549419403
shuffled_labels,36,1,quorumweave,-0.031250014901161194,0.015624992549419403
shuffled_labels,36,1,shardbloom,0.06250002980232239,0.015624992549419403
shuffled_labels,36,2,anchorshift,-2.9802322387695312e-08,-0.0390624925494194
shuffled_labels,36,2,driftgate,0.0,-0.0390624925494194
shuffled_labels,36,2,fluxpatch,-0.03125,-0.0390624925494194
shuffled_labels,36,2,motifbridge,-0.031250014901161194,-0.0390624925494194
shuffled_labels,36,2,phasenest,-0.1562500149011612,-0.0390624925494194
shuffled_labels,36,2,phasesar,-0.031249910593032837,-0.0390624925494194
shuffled_labels,36,2,quorumweave,-0.0625,-0.0390624925494194
shuffled_labels,36,2,shardbloom,2.9802322387695312e-08,-0.0390624925494194
shuffled_labels,36,3,anchorshift,0.09374997019767761,0.02734374813735485
shuffled_labels,36,3,driftgate,0.0,0.02734374813735485
shuffled_labels,36,3,fluxpatch,0.09375,0.02734374813735485
shuffled_labels,36,3,motifbridge,0.03125,0.02734374813735485
shuffled_labels,36,3,phasenest,-0.03125,0.02734374813735485
shuffled_labels,36,3,phasesar,0.062499985098838806,0.02734374813735485
shuffled_labels,36,3,quorumweave,-0.0625,0.02734374813735485
shuffled_labels,36,3,shardbloom,0.03125002980232239,0.02734374813735485
shuffled_labels,36,4,anchorshift,0.031249970197677612,0.0468749925494194
shuffled_labels,36,4,driftgate,-2.9802322387695312e-08,0.0468749925494194
shuffled_labels,36,4,fluxpatch,0.0625,0.0468749925494194
shuffled_labels,36,4,motifbridge,-2.9802322387695312e-08,0.0468749925494194
shuffled_labels,36,4,phasenest,0.09375,0.0468749925494194
shuffled_labels,36,4,phasesar,0.09375,0.0468749925494194
shuffled_labels,36,4,quorumweave,0.0,0.0468749925494194
shuffled_labels,36,4,shardbloom,0.09375002980232239,0.0468749925494194
shuffled_labels,36,5,anchorshift,0.031249970197677612,0.1171875
shuffled_labels,36,5,driftgate,1.4901161193847656e-08,0.1171875
shuffled_labels,36,5,fluxpatch,0.1875,0.1171875
shuffled_labels,36,5,motifbridge,0.06249997019767761,0.1171875
shuffled_labels,36,5,phasenest,0.1875,0.1171875
shuffled_labels,36,5,phasesar,0.1875000149011612,0.1171875
shuffled_labels,36,5,quorumweave,0.0625,0.1171875
shuffled_labels,36,5,shardbloom,0.2187500298023224,0.1171875
shuffled_labels,36,6,anchorshift,-2.9802322387695312e-08,0.1249999962747097
shuffled_labels,36,6,driftgate,0.125,0.1249999962747097
shuffled_labels,36,6,fluxpatch,0.1875,0.1249999962747097
shuffled_labels,36,6,motifbridge,0.031249970197677612,0.1249999962747097
shuffled_labels,36,6,phasenest,0.1875,0.1249999962747097
shuffled_labels,36,6,phasesar,0.125,0.1249999962747097
shuffled_labels,36,6,quorumweave,0.125,0.1249999962747097
shuffled_labels,36,6,shardbloom,0.2187500298023224,0.1249999962747097
shuffled_labels,36,7,anchorshift,0.06249997019767761,0.14062499813735485
shuffled_labels,36,7,driftgate,0.09374997019767761,0.14062499813735485
shuffled_labels,36,7,fluxpatch,0.2187500298023224,0.14062499813735485
shuffled_labels,36,7,motifbridge,-2.9802322387695312e-08,0.14062499813735485
shuffled_labels,36,7,phasenest,0.2187500149011612,0.14062499813735485
shuffled_labels,36,7,phasesar,0.1249999850988388,0.14062499813735485
shuffled_labels,36,7,quorumweave,0.1875000149011612,0.14062499813735485
shuffled_labels,36,7,shardbloom,0.2187500298023224,0.14062499813735485
shuffled_labels,36,8,anchorshift,0.09374997019767761,0.1210937462747097
shuffled_labels,36,8,driftgate,0.0625,0.1210937462747097
shuffled_labels,36,8,fluxpatch,0.1875,0.1210937462747097
shuffled_labels,36,8,motifbridge,0.031249970197677612,0.1210937462747097
shuffled_labels,36,8,phasenest,0.1875,0.1210937462747097
shuffled_labels,36,8,phasesar,0.125,0.1210937462747097
shuffled_labels,36,8,quorumweave,0.09375,0.1210937462747097
shuffled_labels,36,8,shardbloom,0.1875000298023224,0.1210937462747097
shuffled_labels,37,1,anchorshift,0.031249970197677612,0.0273437462747097
shuffled_labels,37,1,driftgate,-0.0937499850988388,0.0273437462747097
shuffled_labels,37,1,fluxpatch,0.09375,0.0273437462747097
shuffled_labels,37,1,motifbridge,-0.03125002980232239,0.0273437462747097
shuffled_labels,37,1,phasenest,0.0625,0.0273437462747097
shuffled_labels,37,1,phasesar,0.0937499850988388,0.0273437462747097
shuffled_labels,37,1,quorumweave,0.03125,0.0273437462747097
shuffled_labels,37,1,shardbloom,0.03125002980232239,0.0273437462747097
shuffled_labels,37,2,anchorshift,-2.9802322387695312e-08,0.03906249813735485
shuffled_labels,37,2,driftgate,0.0,0.03906249813735485
shuffled_labels,37,2,fluxpatch,0.03125,0.03906249813735485
shuffled_labels,37,2,motifbridge,-0.031250014901161194,0.03906249813735485
shuffled_labels,37,2,phasenest,0.0625,0.03906249813735485
shuffled_labels,37,2,phasesar,0.125,0.03906249813735485
shuffled_labels,37,2,quorumweave,0.0625,0.03906249813735485
shuffled_labels,37,2,shardbloom,0.06250002980232239,0.03906249813735485
shuffled_labels,37,3,anchorshift,-0.03125002980232239,0.007812490686774254
shuffled_labels,37,3,driftgate,0.0,0.007812490686774254
shuffled_labels,37,3,fluxpatch,-0.06250002980232239,0.007812490686774254
shuffled_labels,37,3,motifbridge,-0.03125002980232239,0.007812490686774254
shuffled_labels,37,3,phasenest,0.03125,0.007812490686774254
shuffled_labels,37,3,phasesar,0.1249999850988388,0.007812490686774254
shuffled_labels,37,3,quorumweave,0.0,0.007812490686774254
shuffled_labels,37,3,shardbloom,0.03125002980232239,0.007812490686774254
shuffled_labels,37,4,anchorshift,0.09374997019767761,0.027343744412064552
shuffled_labels,37,4,driftgate,-0.06250002980232239,0.027343744412064552
shuffled_labels,37,4,fluxpatch,0.03125008940696716,0.027343744412064552
shuffled_labels,37,4,motifbridge,-0.06250004470348358,0.027343744412064552
shuffled_labels,37,4,phasenest,-2.9802322387695312e-08,0.027343744412064552
shuffled_labels,37,4,phasesar,0.031249985098838806,0.027343744412064552
shuffled_labels,37,4,quorumweave,0.0937499850988388,0.027343744412064552
shuffled_labels,37,4,shardbloom,0.09375002980232239,0.027343744412064552
shuffled_labels,37,5,anchorshift,0.1562499701976776,0.09375
shuffled_labels,37,5,driftgate,0.0937499850988388,0.09375
shuffled_labels,37,5,fluxpatch,0.03125002980232239,0.09375
shuffled_labels,37,5,motifbridge,0.062499985098838806,0.09375
shuffled_labels,37,5,phasenest,0.15625,0.09375
shuffled_labels,37,5,phasesar,-0.03125,0.09375
shuffled_labels,37,5,quorumweave,0.125,0.09375
shuffled_labels,37,5,shardbloom,0.1562500298023224,0.09375
shuffled_labels,37,6,anchorshift,0.09374994039535522,0.0820312425494194
shuffled_labels,37,6,driftgate,0.0625,0.0820312425494194
shuffled_labels,37,6,fluxpatch,0.03125,0.0820312425494194
shuffled_labels,37,6,motifbridge,0.06249995529651642,0.0820312425494194
shuffled_labels,37,6,phasenest,0.2187500298023224,0.0820312425494194
shuffled_labels,37,6,phasesar,-0.03125,0.0820312425494194
shuffled_labels,37,6,quorumweave,0.0937499850988388,0.0820312425494194
shuffled_labels,37,6,shardbloom,0.1250000298023224,0.0820312425494194
shuffled_labels,37,7,anchorshift,0.06249997019767761,0.12109376024454832
shuffled_labels,37,7,driftgate,0.09375002980232239,0.12109376024454832
shuffled_labels,37,7,fluxpatch,0.0625,0.12109376024454832
shuffled_labels,37,7,motifbridge,0.09374997764825821,0.12109376024454832
shuffled_labels,37,7,phasenest,0.15625,0.12109376024454832
shuffled_labels,37,7,phasesar,0.1562500298023224,0.12109376024454832
shuffled_labels,37,7,quorumweave,0.1875,0.12109376024454832
shuffled_labels,37,7,shardbloom,0.15625007450580597,0.12109376024454832
shuffled_labels,37,8,anchorshift,0.15624994039535522,0.1406249962747097
shuffled_labels,37,8,driftgate,0.0937500149011612,0.1406249962747097
shuffled_labels,37,8,fluxpatch,0.0625,0.1406249962747097
shuffled_labels,37,8,motifbridge,0.06249997019767761,0.1406249962747097
shuffled_labels,37,8,phasenest,0.1875,0.1406249962747097
shuffled_labels,37,8,phasesar,0.1250000149011612,0.1406249962747097
shuffled_labels,37,8,quorumweave,0.21875,0.1406249962747097
shuffled_labels,37,8,shardbloom,0.2187500298023224,0.1406249962747097
shuffled_labels,38,1,anchorshift,0.031249940395355225,-2.0489096641540527e-08
shuffled_labels,38,1,driftgate,-1.4901161193847656e-08,-2.0489096641540527e-08
shuffled_labels,38,1,fluxpatch,0.0625,-2.0489096641540527e-08
shuffled_labels,38,1,motifbridge,-0.03125002980232239,-2.0489096641540527e-08
shuffled_labels,38,1,phasenest,-0.09375002980232239,-2.0489096641540527e-08
shuffled_labels,38,1,phasesar,-0.03125002980232239,-2.0489096641540527e-08
shuffled_labels,38,1,quorumweave,-0.03125,-2.0489096641540527e-08
shuffled_labels,38,1,shardbloom,0.09375,-2.0489096641540527e-08
shuffled_labels,38,2,anchorshift,0.125,0.1171875037252903
shuffled_labels,38,2,driftgate,0.1250000149011612,0.1171875037252903
shuffled_labels,38,2,fluxpatch,0.15625,0.1171875037252903
shuffled_labels,38,2,motifbridge,-2.9802322387695312e-08,0.1171875037252903
shuffled_labels,38,2,phasenest,0.0937500149011612,0.1171875037252903
shuffled_labels,38,2,phasesar,0.1249999850988388,0.1171875037252903
shuffled_labels,38,2,quorumweave,0.0937500149011612,0.1171875037252903
shuffled_labels,38,2,shardbloom,0.2187500298023224,0.1171875037252903
shuffled_labels,38,3,anchorshift,0.1875,0.12109375
shuffled_labels,38,3,driftgate,0.03125,0.12109375
shuffled_labels,38,3,fluxpatch,0.1875,0.12109375
shuffled_labels,38,3,motifbridge,0.031249985098838806,0.12109375
shuffled_labels,38,3,phasenest,0.15625,0.12109375
shuffled_labels,38,3,phasesar,0.125,0.12109375
shuffled_labels,38,3,quorumweave,0.0625000149011612,0.12109375
shuffled_labels,38,3,shardbloom,0.1875,0.12109375
shuffled_labels,38,4,anchorshift,0.15624991059303284,0.1249999850988388
shuffled_labels,38,4,driftgate,0.062499985098838806,0.1249999850988388
shuffled_labels,38,4,fluxpatch,0.1875,0.1249999850988388
shuffled_labels,38,4,motifbridge,0.09374997019767761,0.1249999850988388
shuffled_labels,38,4,phasenest,0.15625,0.1249999850988388
shuffled_labels,38,4,phasesar,0.1249999850988388,0.1249999850988388
shuffled_labels,38,4,quorumweave,0.09375,0.1249999850988388
shuffled_labels,38,4,shardbloom,0.1250000298023224,0.1249999850988388
shuffled_labels,38,5,anchorshift,0.1562500298023224,0.19921874441206455
shuffled_labels,38,5,driftgate,0.1875000149011612,0.19921874441206455
shuffled_labels,38,5,fluxpatch,0.28125,0.19921874441206455
shuffled_labels,38,5,motifbridge,0.12499995529651642,0.19921874441206455
shuffled_labels,38,5,phasenest,0.2812499925494194,0.19921874441206455
shuffled_labels,38,5,phasesar,0.1875,0.19921874441206455
shuffled_labels,38,5,quorumweave,0.15624996274709702,0.19921874441206455
shuffled_labels,38,5,shardbloom,0.21875,0.19921874441206455
shuffled_labels,38,6,anchorshift,0.15625,0.19531249906867743
shuffled_labels,38,6,driftgate,0.1562500149011612,0.19531249906867743
shuffled_labels,38,6,fluxpatch,0.2812499850988388,0.19531249906867743
shuffled_labels,38,6,motifbridge,0.09374997019767761,0.19531249906867743
shuffled_labels,38,6,phasenest,0.3125,0.19531249906867743
shuffled_labels,38,6,phasesar,0.15625,0.19531249906867743
shuffled_labels,38,6,quorumweave,0.2187499925494194,0.19531249906867743
shuffled_labels,38,6,shardbloom,0.1875000298023224,0.19531249906867743
shuffled_labels,38,7,anchorshift,0.1874999701976776,0.2109375037252903
shuffled_labels,38,7,driftgate,0.15625004470348358,0.2109375037252903
shuffled_labels,38,7,fluxpatch,0.25,0.2109375037252903
shuffled_labels,38,7,motifbridge,0.09374995529651642,0.2109375037252903
shuffled_labels,38,7,phasenest,0.375,0.2109375037252903
shuffled_labels,38,7,phasesar,0.21875,0.2109375037252903
shuffled_labels,38,7,quorumweave,0.2187500298023224,0.2109375037252903
shuffled_labels,38,7,shardbloom,0.1875000298023224,0.2109375037252903
shuffled_labels,38,8,anchorshift,0.1874999701976776,0.2343749888241291
shuffled_labels,38,8,driftgate,0.1875,0.2343749888241291
shuffled_labels,38,8,fluxpatch,0.3124999850988388,0.2343749888241291
shuffled_labels,38,8,motifbridge,0.1874999701976776,0.2343749888241291
shuffled_labels,38,8,phasenest,0.3125,0.2343749888241291
shuffled_labels,38,8,phasesar,0.21875,0.2343749888241291
shuffled_labels,38,8,quorumweave,0.21874995529651642,0.2343749888241291
shuffled_labels,38,8,shardbloom,0.2500000298023224,0.2343749888241291
shuffled_labels,39,1,anchorshift,0.09374997019767761,0.01953123789280653
shuffled_labels,39,1,driftgate,-0.0312500074505806,0.01953123789280653
shuffled_labels,39,1,fluxpatch,0.03125,0.01953123789280653
shuffled_labels,39,1,motifbridge,0.031249970197677612,0.01953123789280653
shuffled_labels,39,1,phasenest,-0.03125,0.01953123789280653
shuffled_labels,39,1,phasesar,0.031249970197677612,0.01953123789280653
shuffled_labels,39,1,quorumweave,0.03125,0.01953123789280653
shuffled_labels,39,1,shardbloom,0.0,0.01953123789280653
shuffled_labels,39,2,anchorshift,0.12499997019767761,0.050781250931322575
shuffled_labels,39,2,driftgate,0.0,0.050781250931322575
shuffled_labels,39,2,fluxpatch,0.09374997019767761,0.050781250931322575
shuffled_labels,39,2,motifbridge,-0.09375002980232239,0.050781250931322575
shuffled_labels,39,2,phasenest,0.031250059604644775,0.050781250931322575
shuffled_labels,39,2,phasesar,0.03125,0.050781250931322575
shuffled_labels,39,2,quorumweave,0.0312500074505806,0.050781250931322575
shuffled_labels,39,2,shardbloom,0.1875000298023224,0.050781250931322575
shuffled_labels,39,3,anchorshift,0.1562499701976776,0.03906250558793545
shuffled_labels,39,3,driftgate,-0.062499985098838806,0.03906250558793545
shuffled_labels,39,3,fluxpatch,0.03125002980232239,0.03906250558793545
shuffled_labels,39,3,motifbridge,-0.06250004470348358,0.03906250558793545
shuffled_labels,39,3,phasenest,0.031249985098838806,0.03906250558793545
shuffled_labels,39,3,phasesar,0.0625,0.03906250558793545
shuffled_labels,39,3,quorumweave,0.03125,0.03906250558793545
shuffled_labels,39,3,shardbloom,0.12500008940696716,0.03906250558793545
shuffled_labels,39,4,anchorshift,0.09374997019767761,0.019531255587935448
shuffled_labels,39,4,driftgate,-0.0625,0.019531255587935448
shuffled_labels,39,4,fluxpatch,0.06250005960464478,0.019531255587935448
shuffled_labels,39,4,motifbridge,-0.06250002980232239,0.019531255587935448
shuffled_labels,39,4,phasenest,0.031250014901161194,0.019531255587935448
shuffled_labels,39,4,phasesar,0.031250014901161194,0.019531255587935448
shuffled_labels,39,4,quorumweave,-0.031250014901161194,0.019531255587935448
shuffled_labels,39,4,shardbloom,0.09375002980232239,0.019531255587935448
shuffled_labels,39,5,anchorshift,0.06249997019767761,0.007812498137354851
shuffled_labels,39,5,driftgate,-0.03125,0.007812498137354851
shuffled_labels,39,5,fluxpatch,0.03125,0.007812498137354851
shuffled_labels,39,5,motifbridge,-0.031250014901161194,0.007812498137354851
shuffled_labels,39,5,phasenest,-0.031249985098838806,0.007812498137354851
shuffled_labels,39,5,phasesar,0.0,0.007812498137354851
shuffled_labels,39,5,quorumweave,-1.4901161193847656e-08,0.007812498137354851
shuffled_labels,39,5,shardbloom,0.06250002980232239,0.007812498137354851
shuffled_labels,39,6,anchorshift,-2.9802322387695312e-08,0.03515625651925802
shuffled_labels,39,6,driftgate,0.031250014901161194,0.03515625651925802
shuffled_labels,39,6,fluxpatch,0.03125002980232239,0.03515625651925802
shuffled_labels,39,6,motifbridge,-2.9802322387695312e-08,0.03515625651925802
shuffled_labels,39,6,phasenest,0.0625000074505806,0.03515625651925802
shuffled_labels,39,6,phasesar,0.0625,0.03515625651925802
shuffled_labels,39,6,quorumweave,-0.06249997019767761,0.03515625651925802
shuffled_labels,39,6,shardbloom,0.1562500298023224,0.03515625651925802
shuffled_labels,39,7,anchorshift,-0.03125002980232239,0.0585937537252903
shuffled_labels,39,7,driftgate,-0.031249985098838806,0.0585937537252903
shuffled_labels,39,7,fluxpatch,0.03125,0.0585937537252903
shuffled_labels,39,7,motifbridge,0.06249997019767761,0.0585937537252903
shuffled_labels,39,7,phasenest,0.1562500149011612,0.0585937537252903
shuffled_labels,39,7,phasesar,0.09375,0.0585937537252903
shuffled_labels,39,7,quorumweave,0.03125002980232239,0.0585937537252903
shuffled_labels,39,7,shardbloom,0.1562500298023224,0.0585937537252903
shuffled_labels,39,8,anchorshift,0.062499940395355225,0.08984374441206455
shuffled_labels,39,8,driftgate,0.09375002980232239,0.08984374441206455
shuffled_labels,39,8,fluxpatch,0.03125,0.08984374441206455
shuffled_labels,39,8,motifbridge,-2.9802322387695312e-08,0.08984374441206455
shuffled_labels,39,8,phasenest,0.1249999850988388,0.08984374441206455
shuffled_labels,39,8,phasesar,0.125,0.08984374441206455
shuffled_labels,39,8,quorumweave,0.0625,0.08984374441206455
shuffled_labels,39,8,shardbloom,0.2187500298023224,0.08984374441206455
shuffled_labels,40,1,anchorshift,-0.06249997019767761,0.007812503725290298
shuffled_labels,40,1,driftgate,-0.03125,0.007812503725290298
shuffled_labels,40,1,fluxpatch,0.0,0.007812503725290298
shuffled_labels,40,1,motifbridge,0.031249970197677612,0.007812503725290298
shuffled_labels,40,1,phasenest,0.06250002980232239,0.007812503725290298
shuffled_labels,40,1,phasesar,-0.03125,0.007812503725290298
shuffled_labels,40,1,quorumweave,0.0625,0.007812503725290298
shuffled_labels,40,1,shardbloom,0.03125,0.007812503725290298
shuffled_labels,40,2,anchorshift,0.0,-0.007812498137354851
shuffled_labels,40,2,driftgate,-0.062499985098838806,-0.007812498137354851
shuffled_labels,40,2,fluxpatch,-0.0937500149011612,-0.007812498137354851
shuffled_labels,40,2,motifbridge,-1.4901161193847656e-08,-0.007812498137354851
shuffled_labels,40,2,phasenest,0.0,-0.007812498137354851
shuffled_labels,40,2,phasesar,0.0,-0.007812498137354851
shuffled_labels,40,2,quorumweave,0.0,-0.007812498137354851
shuffled_labels,40,2,shardbloom,0.09375002980232239,-0.007812498137354851
shuffled_labels,40,3,anchorshift,0.03125002980232239,-0.003906251862645149
shuffled_labels,40,3,driftgate,0.03125,-0.003906251862645149
shuffled_labels,40,3,fluxpatch,-0.03125,-0.003906251862645149
shuffled_labels,40,3,motifbridge,0.031249940395355225,-0.003906251862645149
shuffled_labels,40,3,phasenest,-0.031250014901161194,-0.003906251862645149
shuffled_labels,40,3,phasesar,0.0,-0.003906251862645149
shuffled_labels,40,3,quorumweave,-0.0625,-0.003906251862645149
shuffled_labels,40,3,shardbloom,2.9802322387695312e-08,-0.003906251862645149
shuffled_labels,40,4,anchorshift,-0.03125002980232239,1.862645149230957e-09
shuffled_labels,40,4,driftgate,0.0625,1.862645149230957e-09
shuffled_labels,40,4,fluxpatch,-0.0625,1.862645149230957e-09
shuffled_labels,40,4,motifbridge,-0.03125002980232239,1.862645149230957e-09
shuffled_labels,40,4,phasenest,-0.03124995529651642,1.862645149230957e-09
shuffled_labels,40,4,phasesar,-0.0625,1.862645149230957e-09
shuffled_labels,40,4,quorumweave,0.0625,1.862645149230957e-09
shuffled_labels,40,4,shardbloom,0.09375002980232239,1.862645149230957e-09
shuffled_labels,40,5,anchorshift,0.0,0.031249997206032276
shuffled_labels,40,5,driftgate,0.0625000149011612,0.031249997206032276
shuffled_labels,40,5,fluxpatch,-1.4901161193847656e-08,0.031249997206032276
shuffled_labels,40,5,motifbridge,0.03124995529651642,0.031249997206032276
shuffled_labels,40,5,phasenest,0.0312500074505806,0.031249997206032276
shuffled_labels,40,5,phasesar,0.0625,0.031249997206032276
shuffled_labels,40,5,quorumweave,0.03125,0.031249997206032276
shuffled_labels,40,5,shardbloom,0.031250014901161194,0.031249997206032276
shuffled_labels,40,6,anchorshift,-0.031250059604644775,0.015624996274709702
shuffled_labels,40,6,driftgate,0.031249985098838806,0.015624996274709702
shuffled_labels,40,6,fluxpatch,-0.0937499850988388,0.015624996274709702
shuffled_labels,40,6,motifbridge,-0.03125,0.015624996274709702
shuffled_labels,40,6,phasenest,0.0,0.015624996274709702
shuffled_labels,40,6,phasesar,0.0625,0.015624996274709702
shuffled_labels,40,6,quorumweave,0.09375,0.015624996274709702
shuffled_labels,40,6,shardbloom,0.09375002980232239,0.015624996274709702
shuffled_labels,40,7,anchorshift,0.031249940395355225,0.062499990686774254
shuffled_labels,40,7,driftgate,0.125,0.062499990686774254
shuffled_labels,40,7,fluxpatch,0.031249985098838806,0.062499990686774254
shuffled_labels,40,7,motifbridge,-2.9802322387695312e-08,0.062499990686774254
shuffled_labels,40,7,phasenest,0.09375,0.062499990686774254
shuffled_labels,40,7,phasesar,0.03125,0.062499990686774254
shuffled_labels,40,7,quorumweave,0.0625,0.062499990686774254
shuffled_labels,40,7,shardbloom,0.1250000298023224,0.062499990686774254
shuffled_labels,40,8,anchorshift,-5.960464477539063e-08,0.0742187425494194
shuffled_labels,40,8,driftgate,0.0937500149011612,0.0742187425494194
shuffled_labels,40,8,fluxpatch,0.03125002980232239,0.0742187425494194
shuffled_labels,40,8,motifbridge,-4.470348358154297e-08,0.0742187425494194
shuffled_labels,40,8,phasenest,0.1562499701976776,0.0742187425494194
shuffled_labels,40,8,phasesar,0.0,0.0742187425494194
shuffled_labels,40,8,quorumweave,0.09375,0.0742187425494194
shuffled_labels,40,8,shardbloom,0.2187500298023224,0.0742187425494194
shuffled_labels,41,1,anchorshift,0.062499940395355225,0.0781249925494194
shuffled_labels,41,1,driftgate,0.06250002980232239,0.0781249925494194
shuffled_labels,41,1,fluxpatch,0.03125,0.0781249925494194
shuffled_labels,41,1,motifbridge,0.12499994039535522,0.0781249925494194
shuffled_labels,41,1,phasenest,0.125,0.0781249925494194
shuffled_labels,41,1,phasesar,0.03125,0.0781249925494194
shuffled_labels,41,1,quorumweave,0.0625,0.0781249925494194
shuffled_labels,41,1,shardbloom,0.1250000298023224,0.0781249925494194
shuffled_labels,41,2,anchorshift,-2.9802322387695312e-08,0.003906242549419403
shuffled_labels,41,2,driftgate,1.4901161193847656e-08,0.003906242549419403
shuffled_labels,41,2,fluxpatch,-0.03125002980232239,0.003906242549419403
shuffled_labels,41,2,motifbridge,-2.9802322387695312e-08,0.003906242549419403
shuffled_labels,41,2,phasenest,0.031250014901161194,0.003906242549419403
shuffled_labels,41,2,phasesar,-0.0625,0.003906242549419403
shuffled_labels,41,2,quorumweave,-0.03125002980232239,0.003906242549419403
shuffled_labels,41,2,shardbloom,0.1250000298023224,0.003906242549419403
shuffled_labels,41,3,anchorshift,-2.9802322387695312e-08,0.03125000558793545
shuffled_labels,41,3,driftgate,0.0,0.03125000558793545
shuffled_labels,41,3,fluxpatch,0.0625,0.03125000558793545
shuffled_labels,41,3,motifbridge,-0.03125002980232239,0.03125000558793545
shuffled_labels,41,3,phasenest,-0.03124992549419403,0.03125000558793545
shuffled_labels,41,3,phasesar,0.09375,0.03125000558793545
shuffled_labels,41,3,quorumweave,0.0,0.03125000558793545
shuffled_labels,41,3,shardbloom,0.1562500298023224,0.03125000558793545
shuffled_labels,41,4,anchorshift,0.09374997019767761,0.0390624925494194
shuffled_labels,41,4,driftgate,0.0,0.0390624925494194
shuffled_labels,41,4,fluxpatch,-0.0625,0.0390624925494194
shuffled_labels,41,4,motifbridge,-0.031250059604644775,0.0390624925494194
shuffled_labels,41,4,phasenest,0.09375,0.0390624925494194
shuffled_labels,41,4,phasesar,0.0625,0.0390624925494194
shuffled_labels,41,4,quorumweave,0.03125,0.0390624925494194
shuffled_labels,41,4,shardbloom,0.1250000298023224,0.0390624925494194
shuffled_labels,41,5,anchorshift,0.03125,0.06250000186264515
shuffled_labels,41,5,driftgate,0.0,0.06250000186264515
shuffled_labels,41,5,fluxpatch,0.031249985098838806,0.06250000186264515
shuffled_labels,41,5,motifbridge,-0.03125,0.06250000186264515
shuffled_labels,41,5,phasenest,0.09375,0.06250000186264515
shuffled_labels,41,5,phasesar,0.09375,0.06250000186264515
shuffled_labels,41,5,quorumweave,0.125,0.06250000186264515
shuffled_labels,41,5,shardbloom,0.1562500298023224,0.06250000186264515
shuffled_labels,41,6,anchorshift,0.12499997019767761,0.08593750558793545
shuffled_labels,41,6,driftgate,0.09375,0.08593750558793545
shuffled_labels,41,6,fluxpatch,0.031250059604644775,0.08593750558793545
shuffled_labels,41,6,motifbridge,-1.4901161193847656e-08,0.08593750558793545
shuffled_labels,41,6,phasenest,0.125,0.08593750558793545
shuffled_labels,41,6,phasesar,0.0625,0.08593750558793545
shuffled_labels,41,6,quorumweave,0.125,0.08593750558793545
shuffled_labels,41,6,shardbloom,0.1250000298023224,0.08593750558793545
shuffled_labels,41,7,anchorshift,0.12499997019767761,0.1015624925494194
shuffled_labels,41,7,driftgate,0.0937499850988388,0.1015624925494194
shuffled_labels,41,7,fluxpatch,0.031249985098838806,0.1015624925494194
shuffled_labels,41,7,motifbridge,-2.9802322387695312e-08,0.1015624925494194
shuffled_labels,41,7,phasenest,0.15625,0.1015624925494194
shuffled_labels,41,7,phasesar,0.0625,0.1015624925494194
shuffled_labels,41,7,quorumweave,0.09375,0.1015624925494194
shuffled_labels,41,7,shardbloom,0.2500000298023224,0.1015624925494194
shuffled_labels,41,8,anchorshift,0.1562500298023224,0.04296875465661287
shuffled_labels,41,8,driftgate,1.4901161193847656e-08,0.04296875465661287
shuffled_labels,41,8,fluxpatch,-7.450580596923828e-09,0.04296875465661287
shuffled_labels,41,8,motifbridge,-0.03125002980232239,0.04296875465661287
shuffled_labels,41,8,phasenest,0.125,0.04296875465661287
shuffled_labels,41,8,phasesar,0.0,0.04296875465661287
shuffled_labels,41,8,quorumweave,0.0625,0.04296875465661287
shuffled_labels,41,8,shardbloom,0.03125002980232239,0.04296875465661287
shuffled_labels,42,1,anchorshift,-2.9802322387695312e-08,-0.007812494412064552
shuffled_labels,42,1,driftgate,-0.031249985098838806,-0.007812494412064552
shuffled_labels,42,1,fluxpatch,0.06250002980232239,-0.007812494412064552
shuffled_labels,42,1,motifbridge,-0.03125002980232239,-0.007812494412064552
shuffled_labels,42,1,phasenest,0.03125,-0.007812494412064552
shuffled_labels,42,1,phasesar,-0.03125,-0.007812494412064552
shuffled_labels,42,1,quorumweave,-0.06249997019767761,-0.007812494412064552
shuffled_labels,42,1,shardbloom,2.9802322387695312e-08,-0.007812494412064552
shuffled_labels,42,2,anchorshift,0.06249997019767761,0.011718744412064552
shuffled_labels,42,2,driftgate,-0.0937499850988388,0.011718744412064552
shuffled_labels,42,2,fluxpatch,0.0625,0.011718744412064552
shuffled_labels,42,2,motifbridge,0.031249940395355225,0.011718744412064552
shuffled_labels,42,2,phasenest,0.031249985098838806,0.011718744412064552
shuffled_labels,42,2,phasesar,0.0,0.011718744412064552
shuffled_labels,42,2,quorumweave,-0.031249985098838806,0.011718744412064552
shuffled_labels,42,2,shardbloom,0.03125002980232239,0.011718744412064552
shuffled_labels,42,3,anchorshift,0.062499940395355225,0.06640624161809683
shuffled_labels,42,3,driftgate,0.0,0.06640624161809683
shuffled_labels,42,3,fluxpatch,0.0625,0.06640624161809683
shuffled_labels,42,3,motifbridge,0.09374997019767761,0.06640624161809683
shuffled_labels,42,3,phasenest,0.1562499701976776,0.06640624161809683
shuffled_labels,42,3,phasesar,0.0625,0.06640624161809683
shuffled_labels,42,3,quorumweave,1.4901161193847656e-08,0.06640624161809683
shuffled_labels,42,3,shardbloom,0.09375003725290298,0.06640624161809683
shuffled_labels,42,4,anchorshift,0.03125,0.08984374534338713
shuffled_labels,42,4,driftgate,0.09375,0.08984374534338713
shuffled_labels,42,4,fluxpatch,0.125,0.08984374534338713
shuffled_labels,42,4,motifbridge,0.06249995529651642,0.08984374534338713
shuffled_labels,42,4,phasenest,0.09374997019767761,0.08984374534338713
shuffled_labels,42,4,phasesar,0.125,0.08984374534338713
shuffled_labels,42,4,quorumweave,0.09374997019767761,0.08984374534338713
shuffled_labels,42,4,shardbloom,0.09375006705522537,0.08984374534338713
shuffled_labels,42,5,anchorshift,0.0625,0.0976562462747097
shuffled_labels,42,5,driftgate,0.09375,0.0976562462747097
shuffled_labels,42,5,fluxpatch,0.1562499701976776,0.0976562462747097
shuffled_labels,42,5,motifbridge,0.031249970197677612,0.0976562462747097
shuffled_labels,42,5,phasenest,0.062499985098838806,0.0976562462747097
shuffled_labels,42,5,phasesar,0.1249999925494194,0.0976562462747097
shuffled_labels,42,5,quorumweave,0.1562500149011612,0.0976562462747097
shuffled_labels,42,5,shardbloom,0.09375003725290298,0.0976562462747097
shuffled_labels,42,6,anchorshift,-5.960464477539063e-08,0.039062490686774254
shuffled_labels,42,6,driftgate,0.031250014901161194,0.039062490686774254
shuffled_labels,42,6,fluxpatch,0.09375,0.039062490686774254
shuffled_labels,42,6,motifbridge,-0.03125002980232239,0.039062490686774254
shuffled_labels,42,6,phasenest,0.09375,0.039062490686774254
shuffled_labels,42,6,phasesar,0.0625,0.039062490686774254
shuffled_labels,42,6,quorumweave,0.0,0.039062490686774254
shuffled_labels,42,6,shardbloom,0.0625,0.039062490686774254
shuffled_labels,42,7,anchorshift,0.09374997019767761,0.0703124962747097
shuffled_labels,42,7,driftgate,0.0,0.0703124962747097
shuffled_labels,42,7,fluxpatch,0.1250000298023224,0.0703124962747097
shuffled_labels,42,7,motifbridge,0.031249970197677612,0.0703124962747097
shuffled_labels,42,7,phasenest,0.09375,0.0703124962747097
shuffled_labels,42,7,phasesar,0.125,0.0703124962747097
shuffled_labels,42,7,quorumweave,0.09375,0.0703124962747097
shuffled_labels,42,7,shardbloom,0.0,0.0703124962747097
shuffled_labels,42,8,anchorshift,-2.9802322387695312e-08,0.08203124813735485
shuffled_labels,42,8,driftgate,0.0937500149011612,0.08203124813735485
shuffled_labels,42,8,fluxpatch,0.09375,0.08203124813735485
shuffled_labels,42,8,motifbridge,-1.4901161193847656e-08,0.08203124813735485
shuffled_labels,42,8,phasenest,0.125,0.08203124813735485
shuffled_labels,42,8,phasesar,0.1874999850988388,0.08203124813735485
shuffled_labels,42,8,quorumweave,0.0625,0.08203124813735485
shuffled_labels,42,8,shardbloom,0.09375002980232239,0.08203124813735485
shuffled_labels,43,1,anchorshift,-0.06250002980232239,-0.031250002793967724
shuffled_labels,43,1,driftgate,-0.06250002235174179,-0.031250002793967724
shuffled_labels,43,1,fluxpatch,0.031249985098838806,-0.031250002793967724
shuffled_labels,43,1,motifbridge,1.4901161193847656e-08,-0.031250002793967724
shuffled_labels,43,1,phasenest,-0.06249997019767761,-0.031250002793967724
shuffled_labels,43,1,phasesar,-0.0625,-0.031250002793967724
shuffled_labels,43,1,quorumweave,-0.03125,-0.031250002793967724
shuffled_labels,43,1,shardbloom,0.0,-0.031250002793967724
shuffled_labels,43,2,anchorshift,-0.031250059604644775,-0.01562501024454832
shuffled_labels,43,2,driftgate,-0.0937500074505806,-0.01562501024454832
shuffled_labels,43,2,fluxpatch,-0.031250014901161194,-0.01562501024454832
shuffled_labels,43,2,motifbridge,0.031249970197677612,-0.01562501024454832
shuffled_labels,43,2,phasenest,0.03125,-0.01562501024454832
shuffled_labels,43,2,phasesar,-0.0625,-0.01562501024454832
shuffled_labels,43,2,quorumweave,-0.03125,-0.01562501024454832
shuffled_labels,43,2,shardbloom,0.06250002980232239,-0.01562501024454832
shuffled_labels,43,3,anchorshift,0.06249997019767761,0.03515625465661287
shuffled_labels,43,3,driftgate,-0.03125,0.03515625465661287
shuffled_labels,43,3,fluxpatch,0.06250005960464478,0.03515625465661287
shuffled_labels,43,3,motifbridge,0.06249997019767761,0.03515625465661287
shuffled_labels,43,3,phasenest,-0.031249992549419403,0.03515625465661287
shuffled_labels,43,3,phasesar,0.125,0.03515625465661287
shuffled_labels,43,3,quorumweave,0.0,0.03515625465661287
shuffled_labels,43,3,shardbloom,0.03125002980232239,0.03515625465661287
shuffled_labels,43,4,anchorshift,0.12499997019767761,0.0351562425494194
shuffled_labels,43,4,driftgate,-1.4901161193847656e-08,0.0351562425494194
shuffled_labels,43,4,fluxpatch,0.062499985098838806,0.0351562425494194
shuffled_labels,43,4,motifbridge,-2.9802322387695312e-08,0.0351562425494194
shuffled_labels,43,4,phasenest,0.0,0.0351562425494194
shuffled_labels,43,4,phasesar,0.0,0.0351562425494194
shuffled_labels,43,4,quorumweave,0.0,0.0351562425494194
shuffled_labels,43,4,shardbloom,0.09375002980232239,0.0351562425494194
shuffled_labels,43,5,anchorshift,0.031249970197677612,0.046875002793967724
shuffled_labels,43,5,driftgate,0.0,0.046875002793967724
shuffled_labels,43,5,fluxpatch,0.0625,0.046875002793967724
shuffled_labels,43,5,motifbridge,0.09374997019767761,0.046875002793967724
shuffled_labels,43,5,phasenest,-1.4901161193847656e-08,0.046875002793967724
shuffled_labels,43,5,phasesar,0.0625000074505806,0.046875002793967724
shuffled_labels,43,5,quorumweave,0.0,0.046875002793967724
shuffled_labels,43,5,shardbloom,0.12500008940696716,0.046875002793967724
shuffled_labels,43,6,anchorshift,0.03125,0.03515625186264515
shuffled_labels,43,6,driftgate,0.03125,0.03515625186264515
shuffled_labels,43,6,fluxpatch,0.03125,0.03515625186264515
shuffled_labels,43,6,motifbridge,0.06249997019767761,0.03515625186264515
shuffled_labels,43,6,phasenest,-0.03125,0.03515625186264515
shuffled_labels,43,6,phasesar,0.0625000149011612,0.03515625186264515
shuffled_labels,43,6,quorumweave,0.03125,0.03515625186264515
shuffled_labels,43,6,shardbloom,0.06250002980232239,0.03515625186264515
shuffled_labels,43,7,anchorshift,0.09374997019767761,0.05078124348074198
shuffled_labels,43,7,driftgate,0.0625,0.05078124348074198
shuffled_labels,43,7,fluxpatch,0.0937500149011612,0.05078124348074198
shuffled_labels,43,7,motifbridge,-3.725290298461914e-08,0.05078124348074198
shuffled_labels,43,7,phasenest,-0.03125,0.05078124348074198
shuffled_labels,43,7,phasesar,0.03125,0.05078124348074198
shuffled_labels,43,7,quorumweave,-2.9802322387695312e-08,0.05078124348074198
shuffled_labels,43,7,shardbloom,0.1562500298023224,0.05078124348074198
shuffled_labels,43,8,anchorshift,0.031249970197677612,0.02734375186264515
shuffled_labels,43,8,driftgate,0.03125,0.02734375186264515
shuffled_labels,43,8,fluxpatch,0.0,0.02734375186264515
shuffled_labels,43,8,motifbridge,-0.0625000149011612,0.02734375186264515
shuffled_labels,43,8,phasenest,0.0625000149011612,0.02734375186264515
shuffled_labels,43,8,phasesar,0.0625,0.02734375186264515
shuffled_labels,43,8,quorumweave,2.9802322387695312e-08,0.02734375186264515
shuffled_labels,43,8,shardbloom,0.0937500149011612,0.02734375186264515
shuffled_labels,44,1,anchorshift,0.031249970197677612,-0.01953124813735485
shuffled_labels,44,1,driftgate,-0.09375,-0.01953124813735485
shuffled_labels,44,1,fluxpatch,-0.0625,-0.01953124813735485
shuffled_labels,44,1,motifbridge,0.031249970197677612,-0.01953124813735485
shuffled_labels,44,1,phasenest,-1.4901161193847656e-08,-0.01953124813735485
shuffled_labels,44,1,phasesar,-0.062499940395355225,-0.01953124813735485
shuffled_labels,44,1,quorumweave,0.03125,-0.01953124813735485
shuffled_labels,44,1,shardbloom,-0.031249970197677612,-0.01953124813735485
shuffled_labels,44,2,anchorshift,0.062499940395355225,0.0703124888241291
shuffled_labels,44,2,driftgate,0.06249997019767761,0.0703124888241291
shuffled_labels,44,2,fluxpatch,0.09375,0.0703124888241291
shuffled_labels,44,2,motifbridge,0.03124995529651642,0.0703124888241291
shuffled_labels,44,2,phasenest,0.125,0.0703124888241291
shuffled_labels,44,2,phasesar,0.1250000149011612,0.0703124888241291
shuffled_labels,44,2,quorumweave,0.0625,0.0703124888241291
shuffled_labels,44,2,shardbloom,2.9802322387695312e-08,0.0703124888241291
shuffled_labels,44,3,anchorshift,0.09374997019767761,0.07812500838190317
shuffled_labels,44,3,driftgate,0.125,0.07812500838190317
shuffled_labels,44,3,fluxpatch,0.0625,0.07812500838190317
shuffled_labels,44,3,motifbridge,0.0625,0.07812500838190317
shuffled_labels,44,3,phasenest,0.12500005215406418,0.07812500838190317
shuffled_labels,44,3,phasesar,0.0625000149011612,0.07812500838190317
shuffled_labels,44,3,quorumweave,0.03125,0.07812500838190317
shuffled_labels,44,3,shardbloom,0.06250002980232239,0.07812500838190317
shuffled_labels,44,4,anchorshift,0.12499997019767761,0.08203124441206455
shuffled_labels,44,4,driftgate,-0.03125,0.08203124441206455
shuffled_labels,44,4,fluxpatch,0.125,0.08203124441206455
shuffled_labels,44,4,motifbridge,0.031249970197677612,0.08203124441206455
shuffled_labels,44,4,phasenest,0.1875,0.08203124441206455
shuffled_labels,44,4,phasesar,0.0625,0.08203124441206455
shuffled_labels,44,4,quorumweave,0.062499985098838806,0.08203124441206455
shuffled_labels,44,4,shardbloom,0.09375002980232239,0.08203124441206455
shuffled_labels,44,5,anchorshift,0.12499997019767761,0.12109374720603228
shuffled_labels,44,5,driftgate,0.0625,0.12109374720603228
shuffled_labels,44,5,fluxpatch,0.15625,0.12109374720603228
shuffled_labels,44,5,motifbridge,0.031249970197677612,0.12109374720603228
shuffled_labels,44,5,phasenest,0.1875000074505806,0.12109374720603228
shuffled_labels,44,5,phasesar,0.1875,0.12109374720603228
shuffled_labels,44,5,quorumweave,0.125,0.12109374720603228
shuffled_labels,44,5,shardbloom,0.09375002980232239,0.12109374720603228
shuffled_labels,44,6,anchorshift,0.125,0.12890625279396772
shuffled_labels,44,6,driftgate,0.0937500149011612,0.12890625279396772
shuffled_labels,44,6,fluxpatch,0.1875,0.12890625279396772
shuffled_labels,44,6,motifbridge,0.031249970197677612,0.12890625279396772
shuffled_labels,44,6,phasenest,0.0625000074505806,0.12890625279396772
shuffled_labels,44,6,phasesar,0.21875,0.12890625279396772
shuffled_labels,44,6,quorumweave,0.15625,0.12890625279396772
shuffled_labels,44,6,shardbloom,0.1562500298023224,0.12890625279396772
shuffled_labels,44,7,anchorshift,0.12499994039535522,0.10937499441206455
shuffled_labels,44,7,driftgate,0.0625000149011612,0.10937499441206455
shuffled_labels,44,7,fluxpatch,0.1875,0.10937499441206455
shuffled_labels,44,7,motifbridge,0.031249970197677612,0.10937499441206455
shuffled_labels,44,7,phasenest,0.125,0.10937499441206455
shuffled_labels,44,7,phasesar,0.15625,0.10937499441206455
shuffled_labels,44,7,quorumweave,0.0625,0.10937499441206455
shuffled_labels,44,7,shardbloom,0.1250000298023224,0.10937499441206455
shuffled_labels,44,8,anchorshift,0.1562500298023224,0.10937499441206455
shuffled_labels,44,8,driftgate,0.06249997019767761,0.10937499441206455
shuffled_labels,44,8,fluxpatch,0.09375,0.10937499441206455
shuffled_labels,44,8,motifbridge,0.06249995529651642,0.10937499441206455
shuffled_labels,44,8,phasenest,0.125,0.10937499441206455
shuffled_labels,44,8,phasesar,0.09375,0.10937499441206455
shuffled_labels,44,8,quorumweave,0.1562499701976776,0.10937499441206455
shuffled_labels,44,8,shardbloom,0.1250000298023224,0.10937499441206455
shuffled_labels,45,1,anchorshift,-0.0625,-0.019531244412064552
shuffled_labels,45,1,driftgate,0.03125,-0.019531244412064552
shuffled_labels,45,1,fluxpatch,0.03125,-0.019531244412064552
shuffled_labels,45,1,motifbridge,2.9802322387695312e-08,-0.019531244412064552
shuffled_labels,45,1,phasenest,-0.0625000149011612,-0.019531244412064552
shuffled_labels,45,1,phasesar,0.0,-0.019531244412064552
shuffled_labels,45,1,quorumweave,-0.0625,-0.019531244412064552
shuffled_labels,45,1,shardbloom,-0.031249970197677612,-0.019531244412064552
shuffled_labels,45,2,anchorshift,0.031250059604644775,0.06250001210719347
shuffled_labels,45,2,driftgate,0.1250000298023224,0.06250001210719347
shuffled_labels,45,2,fluxpatch,0.0625,0.06250001210719347
shuffled_labels,45,2,motifbridge,-2.2351741790771484e-08,0.06250001210719347
shuffled_labels,45,2,phasenest,0.09375,0.06250001210719347
shuffled_labels,45,2,phasesar,0.0625,0.06250001210719347
shuffled_labels,45,2,quorumweave,0.0625,0.06250001210719347
shuffled_labels,45,2,shardbloom,0.06250002980232239,0.06250001210719347
shuffled_labels,45,3,anchorshift,0.06249991059303284,0.07031248696148396
shuffled_labels,45,3,driftgate,0.03125,0.07031248696148396
shuffled_labels,45,3,fluxpatch,0.125,0.07031248696148396
shuffled_labels,45,3,motifbridge,0.031249970197677612,0.07031248696148396
shuffled_labels,45,3,phasenest,0.09375,0.07031248696148396
shuffled_labels,45,3,phasesar,0.062499985098838806,0.07031248696148396
shuffled_labels,45,3,quorumweave,0.0625,0.07031248696148396
shuffled_labels,45,3,shardbloom,0.09375002980232239,0.07031248696148396
shuffled_labels,45,4,anchorshift,0.06249997019767761,0.0195312462747097
shuffled_labels,45,4,driftgate,-0.031249970197677612,0.0195312462747097
shuffled_labels,45,4,fluxpatch,0.0,0.0195312462747097
shuffled_labels,45,4,motifbridge,0.031249970197677612,0.0195312462747097
shuffled_labels,45,4,phasenest,-0.0937500149011612,0.0195312462747097
shuffled_labels,45,4,phasesar,0.1249999850988388,0.0195312462747097
shuffled_labels,45,4,quorumweave,0.03125,0.0195312462747097
shuffled_labels,45,4,shardbloom,0.03125002980232239,0.0195312462747097
shuffled_labels,45,5,anchorshift,0.06249997019767761,0.16015625465661287
shuffled_labels,45,5,driftgate,0.21875,0.16015625465661287
shuffled_labels,45,5,fluxpatch,0.09375,0.16015625465661287
shuffled_labels,45,5,motifbridge,0.1562499850988388,0.16015625465661287
shuffled_labels,45,5,phasenest,0.2500000298023224,0.16015625465661287
shuffled_labels,45,5,phasesar,0.1250000223517418,0.16015625465661287
shuffled_labels,45,5,quorumweave,0.1875,0.16015625465661287
shuffled_labels,45,5,shardbloom,0.1875000298023224,0.16015625465661287
shuffled_labels,45,6,anchorshift,-2.9802322387695312e-08,0.15625000279396772
shuffled_labels,45,6,driftgate,0.1562500074505806,0.15625000279396772
shuffled_labels,45,6,fluxpatch,0.1250000149011612,0.15625000279396772
shuffled_labels,45,6,motifbridge,0.09374997019767761,0.15625000279396772
shuffled_labels,45,6,phasenest,0.250000037252903,0.15625000279396772
shuffled_labels,45,6,phasesar,0.15625,0.15625000279396772
shuffled_labels,45,6,quorumweave,0.1875,0.15625000279396772
shuffled_labels,45,6,shardbloom,0.2812500223517418,0.15625000279396772
shuffled_labels,45,7,anchorshift,0.09374997019767761,0.18359375279396772
shuffled_labels,45,7,driftgate,0.1875000074505806,0.18359375279396772
shuffled_labels,45,7,fluxpatch,0.1250000298023224,0.18359375279396772
shuffled_labels,45,7,motifbridge,0.0937499850988388,0.18359375279396772
shuffled_labels,45,7,phasenest,0.3125,0.18359375279396772
shuffled_labels,45,7,phasesar,0.125,0.18359375279396772
shuffled_labels,45,7,quorumweave,0.28125,0.18359375279396772
shuffled_labels,45,7,shardbloom,0.2500000298023224,0.18359375279396772
shuffled_labels,45,8,anchorshift,0.031249970197677612,0.16015625093132257
shuffled_labels,45,8,driftgate,0.21875,0.16015625093132257
shuffled_labels,45,8,fluxpatch,0.1874999701976776,0.16015625093132257
shuffled_labels,45,8,motifbridge,0.06249995529651642,0.16015625093132257
shuffled_labels,45,8,phasenest,0.2812500298023224,0.16015625093132257
shuffled_labels,45,8,phasesar,0.1250000149011612,0.16015625093132257
shuffled_labels,45,8,quorumweave,0.1250000298023224,0.16015625093132257
shuffled_labels,45,8,shardbloom,0.250000037252903,0.16015625093132257
shuffled_labels,46,1,anchorshift,0.0625,0.02343750186264515
shuffled_labels,46,1,driftgate,-0.0625,0.02343750186264515
shuffled_labels,46,1,fluxpatch,1.4901161193847656e-08,0.02343750186264515
shuffled_labels,46,1,motifbridge,0.031249970197677612,0.02343750186264515
shuffled_labels,46,1,phasenest,0.0625,0.02343750186264515
shuffled_labels,46,1,phasesar,0.0,0.02343750186264515
shuffled_labels,46,1,quorumweave,0.0625,0.02343750186264515
shuffled_labels,46,1,shardbloom,0.03125002980232239,0.02343750186264515
shuffled_labels,46,2,anchorshift,0.09375002980232239,0.0859375074505806
shuffled_labels,46,2,driftgate,0.0,0.0859375074505806
shuffled_labels,46,2,fluxpatch,0.09375,0.0859375074505806
shuffled_labels,46,2,motifbridge,0.031249970197677612,0.0859375074505806
shuffled_labels,46,2,phasenest,0.1562500298023224,0.0859375074505806
shuffled_labels,46,2,phasesar,0.125,0.0859375074505806
shuffled_labels,46,2,quorumweave,0.125,0.0859375074505806
shuffled_labels,46,2,shardbloom,0.06250002980232239,0.0859375074505806
shuffled_labels,46,3,anchorshift,0.1562499701976776,0.09375000186264515
shuffled_labels,46,3,driftgate,0.0,0.09375000186264515
shuffled_labels,46,3,fluxpatch,0.0937500149011612,0.09375000186264515
shuffled_labels,46,3,motifbridge,0.06249997764825821,0.09375000186264515
shuffled_labels,46,3,phasenest,0.1562500223517418,0.09375000186264515
shuffled_labels,46,3,phasesar,0.125,0.09375000186264515
shuffled_labels,46,3,quorumweave,0.0625,0.09375000186264515
shuffled_labels,46,3,shardbloom,0.09375002980232239,0.09375000186264515
shuffled_labels,46,4,anchorshift,0.12499997019767761,0.14062499441206455
shuffled_labels,46,4,driftgate,0.0625,0.14062499441206455
shuffled_labels,46,4,fluxpatch,0.12499997019767761,0.14062499441206455
shuffled_labels,46,4,motifbridge,0.06249997019767761,0.14062499441206455
shuffled_labels,46,4,phasenest,0.28125,0.14062499441206455
shuffled_labels,46,4,phasesar,0.1875000149011612,0.14062499441206455
shuffled_labels,46,4,quorumweave,0.15625,0.14062499441206455
shuffled_labels,46,4,shardbloom,0.1250000298023224,0.14062499441206455
shuffled_labels,46,5,anchorshift,0.031249940395355225,0.1132812425494194
shuffled_labels,46,5,driftgate,0.0625,0.1132812425494194
shuffled_labels,46,5,fluxpatch,0.125,0.1132812425494194
shuffled_labels,46,5,motifbridge,0.031249940395355225,0.1132812425494194
shuffled_labels,46,5,phasenest,0.2812500298023224,0.1132812425494194
shuffled_labels,46,5,phasesar,0.15625,0.1132812425494194
shuffled_labels,46,5,quorumweave,0.09375,0.1132812425494194
shuffled_labels,46,5,shardbloom,0.1250000298023224,0.1132812425494194
shuffled_labels,46,6,anchorshift,0.09374997019767761,0.17187498323619366
shuffled_labels,46,6,driftgate,0.1874999850988388,0.17187498323619366
shuffled_labels,46,6,fluxpatch,0.125,0.17187498323619366
shuffled_labels,46,6,motifbridge,0.031249940395355225,0.17187498323619366
shuffled_labels,46,6,phasenest,0.3437499701976776,0.17187498323619366
shuffled_labels,46,6,phasesar,0.1875,0.17187498323619366
shuffled_labels,46,6,quorumweave,0.1875,0.17187498323619366
shuffled_labels,46,6,shardbloom,0.21875,0.17187498323619366
shuffled_labels,46,7,anchorshift,0.06249997019767761,0.16796874813735485
shuffled_labels,46,7,driftgate,0.1875000149011612,0.16796874813735485
shuffled_labels,46,7,fluxpatch,0.1249999850988388,0.16796874813735485
shuffled_labels,46,7,motifbridge,0.0937499850988388,0.16796874813735485
shuffled_labels,46,7,phasenest,0.3125,0.16796874813735485
shuffled_labels,46,7,phasesar,0.1875,0.16796874813735485
shuffled_labels,46,7,quorumweave,0.1875,0.16796874813735485
shuffled_labels,46,7,shardbloom,0.1875000298023224,0.16796874813735485
shuffled_labels,46,8,anchorshift,0.1562499701976776,0.18749999441206455
shuffled_labels,46,8,driftgate,0.15625,0.18749999441206455
shuffled_labels,46,8,fluxpatch,0.1562500149011612,0.18749999441206455
shuffled_labels,46,8,motifbridge,0.031249940395355225,0.18749999441206455
shuffled_labels,46,8,phasenest,0.34375,0.18749999441206455
shuffled_labels,46,8,phasesar,0.25,0.18749999441206455
shuffled_labels,46,8,quorumweave,0.21875,0.18749999441206455
shuffled_labels,46,8,shardbloom,0.1875000298023224,0.18749999441206455
shuffled_labels,47,1,anchorshift,-0.03125002980232239,-0.01562500186264515
shuffled_labels,47,1,driftgate,-0.09375,-0.01562500186264515
shuffled_labels,47,1,fluxpatch,0.0,-0.01562500186264515
shuffled_labels,47,1,motifbridge,-2.9802322387695312e-08,-0.01562500186264515
shuffled_labels,47,1,phasenest,0.0,-0.01562500186264515
shuffled_labels,47,1,phasesar,1.4901161193847656e-08,-0.01562500186264515
shuffled_labels,47,1,quorumweave,-0.03125,-0.01562500186264515
shuffled_labels,47,1,shardbloom,0.03125002980232239,-0.01562500186264515
shuffled_labels,47,2,anchorshift,0.0625,0.09375
shuffled_labels,47,2,driftgate,0.09375,0.09375
shuffled_labels,47,2,fluxpatch,0.03125,0.09375
shuffled_labels,47,2,motifbridge,0.09374997019767761,0.09375
shuffled_labels,47,2,phasenest,0.1562500149011612,0.09375
shuffled_labels,47,2,phasesar,0.0937500149011612,0.09375
shuffled_labels,47,2,quorumweave,0.09375,0.09375
shuffled_labels,47,2,shardbloom,0.125,0.09375
shuffled_labels,47,3,anchorshift,0.09374994039535522,0.03906249813735485
shuffled_labels,47,3,driftgate,-0.06249997019767761,0.03906249813735485
shuffled_labels,47,3,fluxpatch,-1.4901161193847656e-08,0.03906249813735485
shuffled_labels,47,3,motifbridge,-2.9802322387695312e-08,0.03906249813735485
shuffled_labels,47,3,phasenest,0.0937500149011612,0.03906249813735485
shuffled_labels,47,3,phasesar,1.4901161193847656e-08,0.03906249813735485
shuffled_labels,47,3,quorumweave,0.125,0.03906249813735485
shuffled_labels,47,3,shardbloom,0.06250002980232239,0.03906249813735485
shuffled_labels,47,4,anchorshift,0.06249997019767761,0.031249990686774254
shuffled_labels,47,4,driftgate,-1.4901161193847656e-08,0.031249990686774254
shuffled_labels,47,4,fluxpatch,-2.9802322387695312e-08,0.031249990686774254
shuffled_labels,47,4,motifbridge,0.031249970197677612,0.031249990686774254
shuffled_labels,47,4,phasenest,0.0,0.031249990686774254
shuffled_labels,47,4,phasesar,0.0,0.031249990686774254
shuffled_labels,47,4,quorumweave,0.0,0.031249990686774254
shuffled_labels,47,4,shardbloom,0.1562500298023224,0.031249990686774254
shuffled_labels,47,5,anchorshift,0.09374997019767761,0.13671874068677425
shuffled_labels,47,5,driftgate,0.15625,0.13671874068677425
shuffled_labels,47,5,fluxpatch,0.15625,0.13671874068677425
shuffled_labels,47,5,motifbridge,0.06249995529651642,0.13671874068677425
shuffled_labels,47,5,phasenest,0.21875,0.13671874068677425
shuffled_labels,47,5,phasesar,0.0625,0.13671874068677425
shuffled_labels,47,5,quorumweave,0.15625,0.13671874068677425
shuffled_labels,47,5,shardbloom,0.1875,0.13671874068677425
shuffled_labels,47,6,anchorshift,0.09374997019767761,0.09375000186264515
shuffled_labels,47,6,driftgate,0.0937500149011612,0.09375000186264515
shuffled_labels,47,6,fluxpatch,0.06250002980232239,0.09375000186264515
shuffled_labels,47,6,motifbridge,0.031249970197677612,0.09375000186264515
shuffled_labels,47,6,phasenest,0.1875,0.09375000186264515
shuffled_labels,47,6,phasesar,0.0,0.09375000186264515
shuffled_labels,47,6,quorumweave,0.125,0.09375000186264515
shuffled_labels,47,6,shardbloom,0.1562500298023224,0.09375000186264515
shuffled_labels,47,7,anchorshift,0.12499997019767761,0.109375
shuffled_labels,47,7,driftgate,0.0625,0.109375
shuffled_labels,47,7,fluxpatch,0.0625,0.109375
shuffled_labels,47,7,motifbridge,-1.4901161193847656e-08,0.109375
shuffled_labels,47,7,phasenest,0.1875,0.109375
shuffled_labels,47,7,phasesar,0.0937500149011612,0.109375
shuffled_labels,47,7,quorumweave,0.1875,0.109375
shuffled_labels,47,7,shardbloom,0.1562500298023224,0.109375
shuffled_labels,47,8,anchorshift,0.12499994039535522,0.10937499161809683
shuffled_labels,47,8,driftgate,0.06249997764825821,0.10937499161809683
shuffled_labels,47,8,fluxpatch,0.09375,0.10937499161809683
shuffled_labels,47,8,motifbridge,0.06249997019767761,0.10937499161809683
shuffled_labels,47,8,phasenest,0.2187499701976776,0.10937499161809683
shuffled_labels,47,8,phasesar,0.031250014901161194,0.10937499161809683
shuffled_labels,47,8,quorumweave,0.1250000298023224,0.10937499161809683
shuffled_labels,47,8,shardbloom,0.1562500298023224,0.10937499161809683
shuffled_labels,48,1,anchorshift,0.15624994039535522,0.1210937425494194
shuffled_labels,48,1,driftgate,0.03125,0.1210937425494194
shuffled_labels,48,1,fluxpatch,0.1562499850988388,0.1210937425494194
shuffled_labels,48,1,motifbridge,0.06249997019767761,0.1210937425494194
shuffled_labels,48,1,phasenest,0.125,0.1210937425494194
shuffled_labels,48,1,phasesar,0.1875000149011612,0.1210937425494194
shuffled_labels,48,1,quorumweave,0.09375,0.1210937425494194
shuffled_labels,48,1,shardbloom,0.1562500298023224,0.1210937425494194
shuffled_labels,48,2,anchorshift,0.125,0.12109375186264515
shuffled_labels,48,2,driftgate,0.09375,0.12109375186264515
shuffled_labels,48,2,fluxpatch,0.125,0.12109375186264515
shuffled_labels,48,2,motifbridge,0.09374997019767761,0.12109375186264515
shuffled_labels,48,2,phasenest,0.15625,0.12109375186264515
shuffled_labels,48,2,phasesar,0.1875000149011612,0.12109375186264515
shuffled_labels,48,2,quorumweave,0.0625,0.12109375186264515
shuffled_labels,48,2,shardbloom,0.1250000298023224,0.12109375186264515
shuffled_labels,48,3,anchorshift,0.0,0.08984374813735485
shuffled_labels,48,3,driftgate,0.0625000149011612,0.08984374813735485
shuffled_labels,48,3,fluxpatch,0.09375,0.08984374813735485
shuffled_labels,48,3,motifbridge,-2.9802322387695312e-08,0.08984374813735485
shuffled_labels,48,3,phasenest,0.15625,0.08984374813735485
shuffled_labels,48,3,phasesar,0.21875,0.08984374813735485
shuffled_labels,48,3,quorumweave,0.03125,0.08984374813735485
shuffled_labels,48,3,shardbloom,0.15625,0.08984374813735485
shuffled_labels,48,4,anchorshift,0.1875,0.16406249441206455
shuffled_labels,48,4,driftgate,0.1250000149011612,0.16406249441206455
shuffled_labels,48,4,fluxpatch,0.15625,0.16406249441206455
shuffled_labels,48,4,motifbridge,-2.9802322387695312e-08,0.16406249441206455
shuffled_labels,48,4,phasenest,0.3124999403953552,0.16406249441206455
shuffled_labels,48,4,phasesar,0.21875,0.16406249441206455
shuffled_labels,48,4,quorumweave,0.09375,0.16406249441206455
shuffled_labels,48,4,shardbloom,0.2187500298023224,0.16406249441206455
shuffled_labels,48,5,anchorshift,0.12499994039535522,0.16015625
shuffled_labels,48,5,driftgate,0.1250000298023224,0.16015625
shuffled_labels,48,5,fluxpatch,0.15625,0.16015625
shuffled_labels,48,5,motifbridge,0.031249970197677612,0.16015625
shuffled_labels,48,5,phasenest,0.2500000298023224,0.16015625
shuffled_labels,48,5,phasesar,0.21875,0.16015625
shuffled_labels,48,5,quorumweave,0.15625,0.16015625
shuffled_labels,48,5,shardbloom,0.2187500298023224,0.16015625
shuffled_labels,48,6,anchorshift,0.12499994039535522,0.1796874888241291
shuffled_labels,48,6,driftgate,0.2187499850988388,0.1796874888241291
shuffled_labels,48,6,fluxpatch,0.1875,0.1796874888241291
shuffled_labels,48,6,motifbridge,0.03124995529651642,0.1796874888241291
shuffled_labels,48,6,phasenest,0.3125,0.1796874888241291
shuffled_labels,48,6,phasesar,0.1875,0.1796874888241291
shuffled_labels,48,6,quorumweave,0.125,0.1796874888241291
shuffled_labels,48,6,shardbloom,0.2500000298023224,0.1796874888241291
shuffled_labels,48,7,anchorshift,0.031249970197677612,0.28124999813735485
shuffled_labels,48,7,driftgate,0.28125,0.28124999813735485
shuffled_labels,48,7,fluxpatch,0.2812500149011612,0.28124999813735485
shuffled_labels,48,7,motifbridge,0.1874999850988388,0.28124999813735485
shuffled_labels,48,7,phasenest,0.4062499552965164,0.28124999813735485
shuffled_labels,48,7,phasesar,0.3750000149011612,0.28124999813735485
shuffled_labels,48,7,quorumweave,0.3125,0.28124999813735485
shuffled_labels,48,7,shardbloom,0.3750000447034836,0.28124999813735485
shuffled_labels,48,8,anchorshift,0.0937499850988388,0.265625
shuffled_labels,48,8,driftgate,0.3125000298023224,0.265625
shuffled_labels,48,8,fluxpatch,0.1875,0.265625
shuffled_labels,48,8,motifbridge,0.06249997019767761,0.265625
shuffled_labels,48,8,phasenest,0.40625,0.265625
shuffled_labels,48,8,phasesar,0.3749999850988388,0.265625
shuffled_labels,48,8,quorumweave,0.25,0.265625
shuffled_labels,48,8,shardbloom,0.4375000298023224,0.265625
shuffled_labels,49,1,anchorshift,-0.06250002980232239,-0.007812505587935448
shuffled_labels,49,1,driftgate,-0.0937500149011612,-0.007812505587935448
shuffled_labels,49,1,fluxpatch,0.03125,-0.007812505587935448
shuffled_labels,49,1,motifbridge,-2.9802322387695312e-08,-0.007812505587935448
shuffled_labels,49,1,phasenest,0.0,-0.007812505587935448
shuffled_labels,49,1,phasesar,-0.03125,-0.007812505587935448
shuffled_labels,49,1,quorumweave,0.03125,-0.007812505587935448
shuffled_labels,49,1,shardbloom,0.06250002980232239,-0.007812505587935448
shuffled_labels,49,2,anchorshift,-2.9802322387695312e-08,-0.05078125
shuffled_labels,49,2,driftgate,-0.0937500149011612,-0.05078125
shuffled_labels,49,2,fluxpatch,-0.09374991059303284,-0.05078125
shuffled_labels,49,2,motifbridge,-0.06250002980232239,-0.05078125
shuffled_labels,49,2,phasenest,-0.09375,-0.05078125
shuffled_labels,49,2,phasesar,-1.4901161193847656e-08,-0.05078125
shuffled_labels,49,2,quorumweave,-0.03125,-0.05078125
shuffled_labels,49,2,shardbloom,-0.03125,-0.05078125
shuffled_labels,49,3,anchorshift,0.06249997019767761,0.031249997206032276
shuffled_labels,49,3,driftgate,0.0937499850988388,0.031249997206032276
shuffled_labels,49,3,fluxpatch,0.06250002980232239,0.031249997206032276
shuffled_labels,49,3,motifbridge,-0.03125004470348358,0.031249997206032276
shuffled_labels,49,3,phasenest,7.450580596923828e-09,0.031249997206032276
shuffled_labels,49,3,phasesar,-0.0625,0.031249997206032276
shuffled_labels,49,3,quorumweave,0.0625,0.031249997206032276
shuffled_labels,49,3,shardbloom,0.06250002980232239,0.031249997206032276
shuffled_labels,49,4,anchorshift,0.12499997019767761,0.0703124962747097
shuffled_labels,49,4,driftgate,0.031249985098838806,0.0703124962747097
shuffled_labels,49,4,fluxpatch,0.125,0.0703124962747097
shuffled_labels,49,4,motifbridge,-0.0625,0.0703124962747097
shuffled_labels,49,4,phasenest,0.125,0.0703124962747097
shuffled_labels,49,4,phasesar,0.031249985098838806,0.0703124962747097
shuffled_labels,49,4,quorumweave,0.09375,0.0703124962747097
shuffled_labels,49,4,shardbloom,0.09375002980232239,0.0703124962747097
shuffled_labels,49,5,anchorshift,0.06249997019767761,0.01562499813735485
shuffled_labels,49,5,driftgate,0.03125,0.01562499813735485
shuffled_labels,49,5,fluxpatch,0.03125,0.01562499813735485
shuffled_labels,49,5,motifbridge,0.031249970197677612,0.01562499813735485
shuffled_labels,49,5,phasenest,-0.0625,0.01562499813735485
shuffled_labels,49,5,phasesar,-0.03125,0.01562499813735485
shuffled_labels,49,5,quorumweave,1.4901161193847656e-08,0.01562499813735485
shuffled_labels,49,5,shardbloom,0.06250002980232239,0.01562499813735485
shuffled_labels,49,6,anchorshift,0.12499997019767761,-0.003906247206032276
shuffled_labels,49,6,driftgate,0.0,-0.003906247206032276
shuffled_labels,49,6,fluxpatch,-0.031249970197677612,-0.003906247206032276
shuffled_labels,49,6,motifbridge,-0.06250002235174179,-0.003906247206032276
shuffled_labels,49,6,phasenest,-0.09375,-0.003906247206032276
shuffled_labels,49,6,phasesar,-0.031249985098838806,-0.003906247206032276
shuffled_labels,49,6,quorumweave,0.0625,-0.003906247206032276
shuffled_labels,49,6,shardbloom,2.9802322387695312e-08,-0.003906247206032276
shuffled_labels,49,7,anchorshift,0.06249997019767761,0.02343750186264515
shuffled_labels,49,7,driftgate,0.0625000149011612,0.02343750186264515
shuffled_labels,49,7,fluxpatch,0.03125,0.02343750186264515
shuffled_labels,49,7,motifbridge,-0.03125002980232239,0.02343750186264515
shuffled_labels,49,7,phasenest,-0.0625,0.02343750186264515
shuffled_labels,49,7,phasesar,-0.0625,0.02343750186264515
shuffled_labels,49,7,quorumweave,0.09375002980232239,0.02343750186264515
shuffled_labels,49,7,shardbloom,0.09375002980232239,0.02343750186264515
shuffled_labels,49,8,anchorshift,0.1874999701976776,0.05078124813735485
shuffled_labels,49,8,driftgate,0.0625000149011612,0.05078124813735485
shuffled_labels,49,8,fluxpatch,0.031249985098838806,0.05078124813735485
shuffled_labels,49,8,motifbridge,-0.03125002980232239,0.05078124813735485
shuffled_labels,49,8,phasenest,-7.450580596923828e-09,0.05078124813735485
shuffled_labels,49,8,phasesar,1.4901161193847656e-08,0.05078124813735485
shuffled_labels,49,8,quorumweave,0.0625000074505806,0.05078124813735485
shuffled_labels,49,8,shardbloom,0.09375002980232239,0.05078124813735485
shuffled_labels,50,1,anchorshift,-0.09375,-0.03515624813735485
shuffled_labels,50,1,driftgate,-0.062499985098838806,-0.03515624813735485
shuffled_labels,50,1,fluxpatch,0.0,-0.03515624813735485
shuffled_labels,50,1,motifbridge,-0.03125002980232239,-0.03515624813735485
shuffled_labels,50,1,phasenest,-0.03125,-0.03515624813735485
shuffled_labels,50,1,phasesar,-0.03125,-0.03515624813735485
shuffled_labels,50,1,quorumweave,0.0,-0.03515624813735485
shuffled_labels,50,1,shardbloom,-0.031249970197677612,-0.03515624813735485
shuffled_labels,50,2,anchorshift,-0.09375,-0.031249994412064552
shuffled_labels,50,2,driftgate,-0.062499985098838806,-0.031249994412064552
shuffled_labels,50,2,fluxpatch,-0.15625,-0.031249994412064552
shuffled_labels,50,2,motifbridge,0.0,-0.031249994412064552
shuffled_labels,50,2,phasenest,0.0,-0.031249994412064552
shuffled_labels,50,2,phasesar,0.0,-0.031249994412064552
shuffled_labels,50,2,quorumweave,0.09375,-0.031249994412064552
shuffled_labels,50,2,shardbloom,-0.031249970197677612,-0.031249994412064552
shuffled_labels,50,3,anchorshift,-2.9802322387695312e-08,-0.06250000186264515
shuffled_labels,50,3,driftgate,-0.09375,-0.06250000186264515
shuffled_labels,50,3,fluxpatch,-0.03125,-0.06250000186264515
shuffled_labels,50,3,motifbridge,-0.03125002980232239,-0.06250000186264515
shuffled_labels,50,3,phasenest,-0.1875,-0.06250000186264515
shuffled_labels,50,3,phasesar,-0.062499985098838806,-0.06250000186264515
shuffled_labels,50,3,quorumweave,-0.15625,-0.06250000186264515
shuffled_labels,50,3,shardbloom,0.06250002980232239,-0.06250000186264515
shuffled_labels,50,4,anchorshift,-0.03125002980232239,-0.0703125037252903
shuffled_labels,50,4,driftgate,-0.0625000149011612,-0.0703125037252903
shuffled_labels,50,4,fluxpatch,0.0,-0.0703125037252903
shuffled_labels,50,4,motifbridge,-0.0625,-0.0703125037252903
shuffled_labels,50,4,phasenest,-0.2500000149011612,-0.0703125037252903
shuffled_labels,50,4,phasesar,-0.03125,-0.0703125037252903
shuffled_labels,50,4,quorumweave,-0.125,-0.0703125037252903
shuffled_labels,50,4,shardbloom,2.9802322387695312e-08,-0.0703125037252903
shuffled_labels,50,5,anchorshift,0.031249970197677612,-0.08203125186264515
shuffled_labels,50,5,driftgate,-0.09375,-0.08203125186264515
shuffled_labels,50,5,fluxpatch,0.0,-0.08203125186264515
shuffled_labels,50,5,motifbridge,-0.1250000149011612,-0.08203125186264515
shuffled_labels,50,5,phasenest,-0.28125,-0.08203125186264515
shuffled_labels,50,5,phasesar,-0.03125,-0.08203125186264515
shuffled_labels,50,5,quorumweave,-0.125,-0.08203125186264515
shuffled_labels,50,5,shardbloom,-0.031249970197677612,-0.08203125186264515
shuffled_labels,50,6,anchorshift,-0.03125,0.0078125
shuffled_labels,50,6,driftgate,-0.031250014901161194,0.0078125
shuffled_labels,50,6,fluxpatch,0.0937499850988388,0.0078125
shuffled_labels,50,6,motifbridge,-0.125,0.0078125
shuffled_labels,50,6,phasenest,-0.03125,0.0078125
shuffled_labels,50,6,phasesar,0.03125,0.0078125
shuffled_labels,50,6,quorumweave,0.0,0.0078125
shuffled_labels,50,6,shardbloom,0.1562500298023224,0.0078125
shuffled_labels,50,7,anchorshift,0.0,0.0859375037252903
shuffled_labels,50,7,driftgate,0.1250000298023224,0.0859375037252903
shuffled_labels,50,7,fluxpatch,0.1875,0.0859375037252903
shuffled_labels,50,7,motifbridge,0.031249970197677612,0.0859375037252903
shuffled_labels,50,7,phasenest,0.0625,0.0859375037252903
shuffled_labels,50,7,phasesar,0.09375,0.0859375037252903
shuffled_labels,50,7,quorumweave,-0.03125,0.0859375037252903
shuffled_labels,50,7,shardbloom,0.2187500298023224,0.0859375037252903
shuffled_labels,50,8,anchorshift,-0.03125002980232239,0.06249999813735485
shuffled_labels,50,8,driftgate,0.03125,0.06249999813735485
shuffled_labels,50,8,fluxpatch,0.1875,0.06249999813735485
shuffled_labels,50,8,motifbridge,0.0,0.06249999813735485
shuffled_labels,50,8,phasenest,0.031249985098838806,0.06249999813735485
shuffled_labels,50,8,phasesar,0.15625,0.06249999813735485
shuffled_labels,50,8,quorumweave,-0.0625,0.06249999813735485
shuffled_labels,50,8,shardbloom,0.1875000298023224,0.06249999813735485
shuffled_labels,51,1,anchorshift,0.0,0.0039062462747097015
shuffled_labels,51,1,driftgate,-0.03125002980232239,0.0039062462747097015
shuffled_labels,51,1,fluxpatch,0.031250014901161194,0.0039062462747097015
shuffled_labels,51,1,motifbridge,-0.03125002980232239,0.0039062462747097015
shuffled_labels,51,1,phasenest,-0.03125,0.0039062462747097015
shuffled_labels,51,1,phasesar,0.031249985098838806,0.0039062462747097015
shuffled_labels,51,1,quorumweave,0.03125,0.0039062462747097015
shuffled_labels,51,1,shardbloom,0.03125002980232239,0.0039062462747097015
shuffled_labels,51,2,anchorshift,0.062499940395355225,0.0546874925494194
shuffled_labels,51,2,driftgate,-0.031249985098838806,0.0546874925494194
shuffled_labels,51,2,fluxpatch,0.09374997019767761,0.0546874925494194
shuffled_labels,51,2,motifbridge,0.031249985098838806,0.0546874925494194
shuffled_labels,51,2,phasenest,0.031249985098838806,0.0546874925494194
shuffled_labels,51,2,phasesar,0.125,0.0546874925494194
shuffled_labels,51,2,quorumweave,1.4901161193847656e-08,0.0546874925494194
shuffled_labels,51,2,shardbloom,0.1250000298023224,0.0546874925494194
shuffled_labels,51,3,anchorshift,0.125,0.1445312537252903
shuffled_labels,51,3,driftgate,0.09375,0.1445312537252903
shuffled_labels,51,3,fluxpatch,0.1562499850988388,0.1445312537252903
shuffled_labels,51,3,motifbridge,0.09374997019767761,0.1445312537252903
shuffled_labels,51,3,phasenest,0.2500000149011612,0.1445312537252903
shuffled_labels,51,3,phasesar,0.1875,0.1445312537252903
shuffled_labels,51,3,quorumweave,0.09375,0.1445312537252903
shuffled_labels,51,3,shardbloom,0.15625005960464478,0.1445312537252903
shuffled_labels,51,4,anchorshift,0.09374994039535522,0.12890624720603228
shuffled_labels,51,4,driftgate,0.1875,0.12890624720603228
shuffled_labels,51,4,fluxpatch,0.15625,0.12890624720603228
shuffled_labels,51,4,motifbridge,-0.03125002980232239,0.12890624720603228
shuffled_labels,51,4,phasenest,0.1875000149011612,0.12890624720603228
shuffled_labels,51,4,phasesar,0.1562500149011612,0.12890624720603228
shuffled_labels,51,4,quorumweave,0.1250000074505806,0.12890624720603228
shuffled_labels,51,4,shardbloom,0.1562500298023224,0.12890624720603228
shuffled_labels,51,5,anchorshift,0.12499997019767761,0.1406250074505806
shuffled_labels,51,5,driftgate,0.0937500149011612,0.1406250074505806
shuffled_labels,51,5,fluxpatch,0.15625,0.1406250074505806
shuffled_labels,51,5,motifbridge,-1.4901161193847656e-08,0.1406250074505806
shuffled_labels,51,5,phasenest,0.2500000298023224,0.1406250074505806
shuffled_labels,51,5,phasesar,0.15625,0.1406250074505806
shuffled_labels,51,5,quorumweave,0.1875000298023224,0.1406250074505806
shuffled_labels,51,5,shardbloom,0.1562500298023224,0.1406250074505806
shuffled_labels,51,6,anchorshift,0.09375,0.1914062574505806
shuffled_labels,51,6,driftgate,0.1562500298023224,0.1914062574505806
shuffled_labels,51,6,fluxpatch,0.125,0.1914062574505806
shuffled_labels,51,6,motifbridge,0.09374997019767761,0.1914062574505806
shuffled_labels,51,6,phasenest,0.375,0.1914062574505806
shuffled_labels,51,6,phasesar,0.21875,0.1914062574505806
shuffled_labels,51,6,quorumweave,0.21875,0.1914062574505806
shuffled_labels,51,6,shardbloom,0.2500000596046448,0.1914062574505806
shuffled_labels,51,7,anchorshift,0.12499997019767761,0.1953124962747097
shuffled_labels,51,7,driftgate,0.1562500298023224,0.1953124962747097
shuffled_labels,51,7,fluxpatch,0.1562499701976776,0.1953124962747097
shuffled_labels,51,7,motifbridge,0.031249985098838806,0.1953124962747097
shuffled_labels,51,7,phasenest,0.4062500149011612,0.1953124962747097
shuffled_labels,51,7,phasesar,0.1875,0.1953124962747097
shuffled_labels,51,7,quorumweave,0.2812499701976776,0.1953124962747097
shuffled_labels,51,7,shardbloom,0.2187500298023224,0.1953124962747097
shuffled_labels,51,8,anchorshift,0.12499997019767761,0.20703125558793545
shuffled_labels,51,8,driftgate,0.1562500298023224,0.20703125558793545
shuffled_labels,51,8,fluxpatch,0.12499997019767761,0.20703125558793545
shuffled_labels,51,8,motifbridge,0.12499997019767761,0.20703125558793545
shuffled_labels,51,8,phasenest,0.4062500447034836,0.20703125558793545
shuffled_labels,51,8,phasesar,0.1875000298023224,0.20703125558793545
shuffled_labels,51,8,quorumweave,0.21875,0.20703125558793545
shuffled_labels,51,8,shardbloom,0.3125000298023224,0.20703125558793545
shuffled_labels,52,1,anchorshift,-0.06250002980232239,-0.011718757450580597
shuffled_labels,52,1,driftgate,-0.03125,-0.011718757450580597
shuffled_labels,52,1,fluxpatch,0.0625,-0.011718757450580597
shuffled_labels,52,1,motifbridge,-0.09375002980232239,-0.011718757450580597
shuffled_labels,52,1,phasenest,0.0625,-0.011718757450580597
shuffled_labels,52,1,phasesar,0.03125,-0.011718757450580597
shuffled_labels,52,1,quorumweave,-0.0625,-0.011718757450580597
shuffled_labels,52,1,shardbloom,0.0,-0.011718757450580597
shuffled_labels,52,2,anchorshift,0.0,-0.003906255587935448
shuffled_labels,52,2,driftgate,-0.0937500149011612,-0.003906255587935448
shuffled_labels,52,2,fluxpatch,-2.9802322387695312e-08,-0.003906255587935448
shuffled_labels,52,2,motifbridge,-0.03125002980232239,-0.003906255587935448
shuffled_labels,52,2,phasenest,0.03125,-0.003906255587935448
shuffled_labels,52,2,phasesar,0.03125,-0.003906255587935448
shuffled_labels,52,2,quorumweave,0.0,-0.003906255587935448
shuffled_labels,52,2,shardbloom,0.03125002980232239,-0.003906255587935448
shuffled_labels,52,3,anchorshift,-0.06250005960464478,-0.05468750651925802
shuffled_labels,52,3,driftgate,-0.062499985098838806,-0.05468750651925802
shuffled_labels,52,3,fluxpatch,-0.06250002980232239,-0.05468750651925802
shuffled_labels,52,3,motifbridge,-0.031250014901161194,-0.05468750651925802
shuffled_labels,52,3,phasenest,-0.09375,-0.05468750651925802
shuffled_labels,52,3,phasesar,-0.062499985098838806,-0.05468750651925802
shuffled_labels,52,3,quorumweave,-0.0312500074505806,-0.05468750651925802
shuffled_labels,52,3,shardbloom,-0.031249970197677612,-0.05468750651925802
shuffled_labels,52,4,anchorshift,0.06249997019767761,-0.023437504656612873
shuffled_labels,52,4,driftgate,0.0,-0.023437504656612873
shuffled_labels,52,4,fluxpatch,-0.06250002980232239,-0.023437504656612873
shuffled_labels,52,4,motifbridge,0.031249992549419403,-0.023437504656612873
shuffled_labels,52,4,phasenest,-0.15625,-0.023437504656612873
shuffled_labels,52,4,phasesar,-0.125,-0.023437504656612873
shuffled_labels,52,4,quorumweave,-0.03125,-0.023437504656612873
shuffled_labels,52,4,shardbloom,0.09375002980232239,-0.023437504656612873
shuffled_labels,52,5,anchorshift,0.1562499701976776,-0.03515624534338713
shuffled_labels,52,5,driftgate,-0.09375,-0.03515624534338713
shuffled_labels,52,5,fluxpatch,-0.1875000298023224,-0.03515624534338713
shuffled_labels,52,5,motifbridge,-2.2351741790771484e-08,-0.03515624534338713
shuffled_labels,52,5,phasenest,-0.031249910593032837,-0.03515624534338713
shuffled_labels,52,5,phasesar,-0.0625,-0.03515624534338713
shuffled_labels,52,5,quorumweave,-0.0625,-0.03515624534338713
shuffled_labels,52,5,shardbloom,2.9802322387695312e-08,-0.03515624534338713
shuffled_labels,52,6,anchorshift,0.031249970197677612,0.019531244412064552
shuffled_labels,52,6,driftgate,0.0625,0.019531244412064552
shuffled_labels,52,6,fluxpatch,-2.9802322387695312e-08,0.019531244412064552
shuffled_labels,52,6,motifbridge,-0.06250002980232239,0.019531244412064552
shuffled_labels,52,6,phasenest,0.0,0.019531244412064552
shuffled_labels,52,6,phasesar,-0.031249985098838806,0.019531244412064552
shuffled_labels,52,6,quorumweave,0.03125,0.019531244412064552
shuffled_labels,52,6,shardbloom,0.1250000298023224,0.019531244412064552
shuffled_labels,52,7,anchorshift,-2.9802322387695312e-08,0.046874997206032276
shuffled_labels,52,7,driftgate,0.09375,0.046874997206032276
shuffled_labels,52,7,fluxpatch,-0.0625,0.046874997206032276
shuffled_labels,52,7,motifbridge,-0.03125002980232239,0.046874997206032276
shuffled_labels,52,7,phasenest,0.1249999850988388,0.046874997206032276
shuffled_labels,52,7,phasesar,-0.03125,0.046874997206032276
shuffled_labels,52,7,quorumweave,0.0625000074505806,0.046874997206032276
shuffled_labels,52,7,shardbloom,0.21875004470348358,0.046874997206032276
shuffled_labels,52,8,anchorshift,0.1562499701976776,0.15234375
shuffled_labels,52,8,driftgate,0.1250000074505806,0.15234375
shuffled_labels,52,8,fluxpatch,0.1250000149011612,0.15234375
shuffled_labels,52,8,motifbridge,0.06249997019767761,0.15234375
shuffled_labels,52,8,phasenest,0.2187500074505806,0.15234375
shuffled_labels,52,8,phasesar,0.125,0.15234375
shuffled_labels,52,8,quorumweave,0.15625,0.15234375
shuffled_labels,52,8,shardbloom,0.2500000298023224,0.15234375
shuffled_labels,53,1,anchorshift,-5.960464477539063e-08,0.039062490686774254
shuffled_labels,53,1,driftgate,0.03125,0.039062490686774254
shuffled_labels,53,1,fluxpatch,0.0625,0.039062490686774254
shuffled_labels,53,1,motifbridge,0.031249970197677612,0.039062490686774254
shuffled_labels,53,1,phasenest,0.031249985098838806,0.039062490686774254
shuffled_labels,53,1,phasesar,0.09375,0.039062490686774254
shuffled_labels,53,1,quorumweave,0.03125,0.039062490686774254
shuffled_labels,53,1,shardbloom,0.03125002980232239,0.039062490686774254
shuffled_labels,53,2,anchorshift,-2.9802322387695312e-08,0.02734376024454832
shuffled_labels,53,2,driftgate,0.03125004470348358,0.02734376024454832
shuffled_labels,53,2,fluxpatch,-0.09375,0.02734376024454832
shuffled_labels,53,2,motifbridge,0.0625,0.02734376024454832
shuffled_labels,53,2,phasenest,0.0,0.02734376024454832
shuffled_labels,53,2,phasesar,0.09375002980232239,0.02734376024454832
shuffled_labels,53,2,quorumweave,-0.0624999925494194,0.02734376024454832
shuffled_labels,53,2,shardbloom,0.1875000298023224,0.02734376024454832
shuffled_labels,53,3,anchorshift,0.09375,0.02343750186264515
shuffled_labels,53,3,driftgate,-2.9802322387695312e-08,0.02343750186264515
shuffled_labels,53,3,fluxpatch,-0.0625,0.02343750186264515
shuffled_labels,53,3,motifbridge,-2.9802322387695312e-08,0.02343750186264515
shuffled_labels,53,3,phasenest,4.470348358154297e-08,0.02343750186264515
shuffled_labels,53,3,phasesar,0.0625,0.02343750186264515
shuffled_labels,53,3,quorumweave,-0.03125,0.02343750186264515
shuffled_labels,53,3,shardbloom,0.1250000298023224,0.02343750186264515
shuffled_labels,53,4,anchorshift,0.09374991059303284,0.0507812425494194
shuffled_labels,53,4,driftgate,0.03125002980232239,0.0507812425494194
shuffled_labels,53,4,fluxpatch,-0.03125,0.0507812425494194
shuffled_labels,53,4,motifbridge,0.031249970197677612,0.0507812425494194
shuffled_labels,53,4,phasenest,0.03125,0.0507812425494194
shuffled_labels,53,4,phasesar,0.09375,0.0507812425494194
shuffled_labels,53,4,quorumweave,0.03125,0.0507812425494194
shuffled_labels,53,4,shardbloom,0.1250000298023224,0.0507812425494194
shuffled_labels,53,5,anchorshift,0.06249997019767761,0.07812499068677425
shuffled_labels,53,5,driftgate,0.062499985098838806,0.07812499068677425
shuffled_labels,53,5,fluxpatch,0.0,0.07812499068677425
shuffled_labels,53,5,motifbridge,0.06249997019767761,0.07812499068677425
shuffled_labels,53,5,phasenest,0.09374997019767761,0.07812499068677425
shuffled_labels,53,5,phasesar,0.125,0.07812499068677425
shuffled_labels,53,5,quorumweave,0.0625,0.07812499068677425
shuffled_labels,53,5,shardbloom,0.1562500298023224,0.07812499068677425
shuffled_labels,53,6,anchorshift,0.062499940395355225,0.12499999348074198
shuffled_labels,53,6,driftgate,0.09375,0.12499999348074198
shuffled_labels,53,6,fluxpatch,0.125,0.12499999348074198
shuffled_labels,53,6,motifbridge,0.06249997019767761,0.12499999348074198
shuffled_labels,53,6,phasenest,0.1562500074505806,0.12499999348074198
shuffled_labels,53,6,phasesar,0.15625,0.12499999348074198
shuffled_labels,53,6,quorumweave,0.125,0.12499999348074198
shuffled_labels,53,6,shardbloom,0.2187500298023224,0.12499999348074198
shuffled_labels,53,7,anchorshift,0.06249997019767761,0.09765624813735485
shuffled_labels,53,7,driftgate,0.15625,0.09765624813735485
shuffled_labels,53,7,fluxpatch,0.09375,0.09765624813735485
shuffled_labels,53,7,motifbridge,0.062499985098838806,0.09765624813735485
shuffled_labels,53,7,phasenest,0.125,0.09765624813735485
shuffled_labels,53,7,phasesar,0.03125,0.09765624813735485
shuffled_labels,53,7,quorumweave,0.09375,0.09765624813735485
shuffled_labels,53,7,shardbloom,0.1562500298023224,0.09765624813735485
shuffled_labels,53,8,anchorshift,0.1562499701976776,0.09765624348074198
shuffled_labels,53,8,driftgate,0.0937499850988388,0.09765624348074198
shuffled_labels,53,8,fluxpatch,0.03125,0.09765624348074198
shuffled_labels,53,8,motifbridge,0.03124995529651642,0.09765624348074198
shuffled_labels,53,8,phasenest,0.15625,0.09765624348074198
shuffled_labels,53,8,phasesar,0.09375,0.09765624348074198
shuffled_labels,53,8,quorumweave,0.0625,0.09765624348074198
shuffled_labels,53,8,shardbloom,0.15625003725290298,0.09765624348074198
shuffled_labels,54,1,anchorshift,0.031249970197677612,0.042968750931322575
shuffled_labels,54,1,driftgate,-0.03125,0.042968750931322575
shuffled_labels,54,1,fluxpatch,0.0937500149011612,0.042968750931322575
shuffled_labels,54,1,motifbridge,0.06249995529651642,0.042968750931322575
shuffled_labels,54,1,phasenest,2.2351741790771484e-08,0.042968750931322575
shuffled_labels,54,1,phasesar,0.0937500149011612,0.042968750931322575
shuffled_labels,54,1,quorumweave,0.0625,0.042968750931322575
shuffled_labels,54,1,shardbloom,0.03125002980232239,0.042968750931322575
shuffled_labels,54,2,anchorshift,-5.960464477539063e-08,0.050781238824129105
shuffled_labels,54,2,driftgate,0.0625,0.050781238824129105
shuffled_labels,54,2,fluxpatch,0.0625,0.050781238824129105
shuffled_labels,54,2,motifbridge,-2.9802322387695312e-08,0.050781238824129105
shuffled_labels,54,2,phasenest,0.0625,0.050781238824129105
shuffled_labels,54,2,phasesar,0.0625,0.050781238824129105
shuffled_labels,54,2,quorumweave,0.03125,0.050781238824129105
shuffled_labels,54,2,shardbloom,0.125,0.050781238824129105
shuffled_labels,54,3,anchorshift,0.062499940395355225,0.027343747206032276
shuffled_labels,54,3,driftgate,0.0,0.027343747206032276
shuffled_labels,54,3,fluxpatch,-0.0625,0.027343747206032276
shuffled_labels,54,3,motifbridge,-2.2351741790771484e-08,0.027343747206032276
shuffled_labels,54,3,phasenest,0.03125002980232239,0.027343747206032276
shuffled_labels,54,3,phasesar,0.09375,0.027343747206032276
shuffled_labels,54,3,quorumweave,0.03125,0.027343747206032276
shuffled_labels,54,3,shardbloom,0.06250002980232239,0.027343747206032276
shuffled_labels,54,4,anchorshift,0.09374997019767761,0.07421875093132257
shuffled_labels,54,4,driftgate,0.09375,0.07421875093132257
shuffled_labels,54,4,fluxpatch,-0.031249970197677612,0.07421875093132257
shuffled_labels,54,4,motifbridge,0.03124997764825821,0.07421875093132257
shuffled_labels,54,4,phasenest,0.0625,0.07421875093132257
shuffled_labels,54,4,phasesar,0.09375,0.07421875093132257
shuffled_labels,54,4,quorumweave,0.0625,0.07421875093132257
shuffled_labels,54,4,shardbloom,0.1875000298023224,0.07421875093132257
shuffled_labels,54,5,anchorshift,0.06249997019767761,0.07421875
shuffled_labels,54,5,driftgate,0.125,0.07421875
shuffled_labels,54,5,fluxpatch,0.031249985098838806,0.07421875
shuffled_labels,54,5,motifbridge,-0.031250014901161194,0.07421875
shuffled_labels,54,5,phasenest,0.1250000149011612,0.07421875
shuffled_labels,54,5,phasesar,0.0937500149011612,0.07421875
shuffled_labels,54,5,quorumweave,0.0625,0.07421875
shuffled_labels,54,5,shardbloom,0.1250000298023224,0.07421875
shuffled_labels,54,6,anchorshift,0.09374991059303284,0.11328123696148396
shuffled_labels,54,6,driftgate,0.125,0.11328123696148396
shuffled_labels,54,6,fluxpatch,-1.4901161193847656e-08,0.11328123696148396
shuffled_labels,54,6,motifbridge,-2.9802322387695312e-08,0.11328123696148396
shuffled_labels,54,6,phasenest,0.15625,0.11328123696148396
shuffled_labels,54,6,phasesar,0.15625,0.11328123696148396
shuffled_labels,54,6,quorumweave,0.1875,0.11328123696148396
shuffled_labels,54,6,shardbloom,0.1875000298023224,0.11328123696148396
shuffled_labels,54,7,anchorshift,0.09374994039535522,0.12890624441206455
shuffled_labels,54,7,driftgate,0.0937500149011612,0.12890624441206455
shuffled_labels,54,7,fluxpatch,0.0625000149011612,0.12890624441206455
shuffled_labels,54,7,motifbridge,0.06249997019767761,0.12890624441206455
shuffled_labels,54,7,phasenest,0.2187499850988388,0.12890624441206455
shuffled_labels,54,7,phasesar,0.15625,0.12890624441206455
shuffled_labels,54,7,quorumweave,0.09375,0.12890624441206455
shuffled_labels,54,7,shardbloom,0.2500000298023224,0.12890624441206455
shuffled_labels,54,8,anchorshift,0.09374994039535522,0.12109374441206455
shuffled_labels,54,8,driftgate,0.1250000149011612,0.12109374441206455
shuffled_labels,54,8,fluxpatch,0.125,0.12109374441206455
shuffled_labels,54,8,motifbridge,-0.03125002980232239,0.12109374441206455
shuffled_labels,54,8,phasenest,0.21875,0.12109374441206455
shuffled_labels,54,8,phasesar,0.0625,0.12109374441206455
shuffled_labels,54,8,quorumweave,0.1875,0.12109374441206455
shuffled_labels,54,8,shardbloom,0.1875000298023224,0.12109374441206455
shuffled_labels,55,1,anchorshift,0.031249970197677612,0.007812498137354851
shuffled_labels,55,1,driftgate,-0.15625,0.007812498137354851
shuffled_labels,55,1,fluxpatch,0.0,0.007812498137354851
shuffled_labels,55,1,motifbridge,0.06249997019767761,0.007812498137354851
shuffled_labels,55,1,phasenest,0.0937499850988388,0.007812498137354851
shuffled_labels,55,1,phasesar,0.031249985098838806,0.007812498137354851
shuffled_labels,55,1,quorumweave,1.4901161193847656e-08,0.007812498137354851
shuffled_labels,55,1,shardbloom,5.960464477539063e-08,0.007812498137354851
shuffled_labels,55,2,anchorshift,0.031249970197677612,-0.01562500186264515
shuffled_labels,55,2,driftgate,-0.0625,-0.01562500186264515
shuffled_labels,55,2,fluxpatch,0.06250002980232239,-0.01562500186264515
shuffled_labels,55,2,motifbridge,0.031249970197677612,-0.01562500186264515
shuffled_labels,55,2,phasenest,-0.0937500149011612,-0.01562500186264515
shuffled_labels,55,2,phasesar,-0.09375,-0.01562500186264515
shuffled_labels,55,2,quorumweave,0.03125,-0.01562500186264515
shuffled_labels,55,2,shardbloom,-0.031249970197677612,-0.01562500186264515
shuffled_labels,55,3,anchorshift,0.06249997019767761,0.1406249962747097
shuffled_labels,55,3,driftgate,0.09375004470348358,0.1406249962747097
shuffled_labels,55,3,fluxpatch,0.2187499701976776,0.1406249962747097
shuffled_labels,55,3,motifbridge,0.031249970197677612,0.1406249962747097
shuffled_labels,55,3,phasenest,0.28125,0.1406249962747097
shuffled_labels,55,3,phasesar,0.2187499850988388,0.1406249962747097
shuffled_labels,55,3,quorumweave,0.09375,0.1406249962747097
shuffled_labels,55,3,shardbloom,0.1250000298023224,0.1406249962747097
shuffled_labels,55,4,anchorshift,0.1562499701976776,0.21484374161809683
shuffled_labels,55,4,driftgate,0.125,0.21484374161809683
shuffled_labels,55,4,fluxpatch,0.2812499701976776,0.21484374161809683
shuffled_labels,55,4,motifbridge,0.12499997019767761,0.21484374161809683
shuffled_labels,55,4,phasenest,0.4375000074505806,0.21484374161809683
shuffled_labels,55,4,phasesar,0.2499999850988388,0.21484374161809683
shuffled_labels,55,4,quorumweave,0.1875,0.21484374161809683
shuffled_labels,55,4,shardbloom,0.1562500298023224,0.21484374161809683
shuffled_labels,55,5,anchorshift,0.1562499701976776,0.22656249348074198
shuffled_labels,55,5,driftgate,0.1874999776482582,0.22656249348074198
shuffled_labels,55,5,fluxpatch,0.2499999850988388,0.22656249348074198
shuffled_labels,55,5,motifbridge,0.0937499850988388,0.22656249348074198
shuffled_labels,55,5,phasenest,0.375,0.22656249348074198
shuffled_labels,55,5,phasesar,0.21875,0.22656249348074198
shuffled_labels,55,5,quorumweave,0.25,0.22656249348074198
shuffled_labels,55,5,shardbloom,0.2812500298023224,0.22656249348074198
shuffled_labels,55,6,anchorshift,0.06249997019767761,0.21484374441206455
shuffled_labels,55,6,driftgate,0.1562500149011612,0.21484374441206455
shuffled_labels,55,6,fluxpatch,0.2812499701976776,0.21484374441206455
shuffled_labels,55,6,motifbridge,0.06249997019767761,0.21484374441206455
shuffled_labels,55,6,phasenest,0.40625,0.21484374441206455
shuffled_labels,55,6,phasesar,0.28125,0.21484374441206455
shuffled_labels,55,6,quorumweave,0.21875,0.21484374441206455
shuffled_labels,55,6,shardbloom,0.2500000298023224,0.21484374441206455
shuffled_labels,55,7,anchorshift,0.1562499701976776,0.28906249441206455
shuffled_labels,55,7,driftgate,0.1874999701976776,0.28906249441206455
shuffled_labels,55,7,fluxpatch,0.3437499850988388,0.28906249441206455
shuffled_labels,55,7,motifbridge,0.12499997019767761,0.28906249441206455
shuffled_labels,55,7,phasenest,0.5625000298023224,0.28906249441206455
shuffled_labels,55,7,phasesar,0.40625,0.28906249441206455
shuffled_labels,55,7,quorumweave,0.21875,0.28906249441206455
shuffled_labels,55,7,shardbloom,0.3125000298023224,0.28906249441206455
shuffled_labels,55,8,anchorshift,0.125,0.29296875186264515
shuffled_labels,55,8,driftgate,0.2812500149011612,0.29296875186264515
shuffled_labels,55,8,fluxpatch,0.3750000149011612,0.29296875186264515
shuffled_labels,55,8,motifbridge,0.1562499701976776,0.29296875186264515
shuffled_labels,55,8,phasenest,0.53125,0.29296875186264515
shuffled_labels,55,8,phasesar,0.34375,0.29296875186264515
shuffled_labels,55,8,quorumweave,0.28125,0.29296875186264515
shuffled_labels,55,8,shardbloom,0.2500000149011612,0.29296875186264515
shuffled_labels,56,1,anchorshift,-5.960464477539063e-08,-0.01562501396983862
shuffled_labels,56,1,driftgate,-0.0937500149011612,-0.01562501396983862
shuffled_labels,56,1,fluxpatch,-0.0625,-0.01562501396983862
shuffled_labels,56,1,motifbridge,0.031249962747097015,-0.01562501396983862
shuffled_labels,56,1,phasenest,0.031249970197677612,-0.01562501396983862
shuffled_labels,56,1,phasesar,0.03125,-0.01562501396983862
shuffled_labels,56,1,quorumweave,-0.0625,-0.01562501396983862
shuffled_labels,56,1,shardbloom,2.9802322387695312e-08,-0.01562501396983862
shuffled_labels,56,2,anchorshift,0.09374991059303284,0.0937499962747097
shuffled_labels,56,2,driftgate,0.062499985098838806,0.0937499962747097
shuffled_labels,56,2,fluxpatch,0.12500005960464478,0.0937499962747097
shuffled_labels,56,2,motifbridge,-1.4901161193847656e-08,0.0937499962747097
shuffled_labels,56,2,phasenest,0.09375,0.0937499962747097
shuffled_labels,56,2,phasesar,0.1875,0.0937499962747097
shuffled_labels,56,2,quorumweave,0.03125,0.0937499962747097
shuffled_labels,56,2,shardbloom,0.1562500298023224,0.0937499962747097
shuffled_labels,56,3,anchorshift,0.09374991059303284,0.10546873603016138
shuffled_labels,56,3,driftgate,0.062499985098838806,0.10546873603016138
shuffled_labels,56,3,fluxpatch,0.1249999850988388,0.10546873603016138
shuffled_labels,56,3,motifbridge,-0.03125,0.10546873603016138
shuffled_labels,56,3,phasenest,0.18749995529651642,0.10546873603016138
shuffled_labels,56,3,phasesar,0.1562500149011612,0.10546873603016138
shuffled_labels,56,3,quorumweave,0.0312500074505806,0.10546873603016138
shuffled_labels,56,3,shardbloom,0.2187500298023224,0.10546873603016138
shuffled_labels,56,4,anchorshift,0.06249997019767761,0.16796874813735485
shuffled_labels,56,4,driftgate,0.25,0.16796874813735485
shuffled_labels,56,4,fluxpatch,0.21875,0.16796874813735485
shuffled_labels,56,4,motifbridge,0.06249997019767761,0.16796874813735485
shuffled_labels,56,4,phasenest,0.2187500149011612,0.16796874813735485
shuffled_labels,56,4,phasesar,0.28125,0.16796874813735485
shuffled_labels,56,4,quorumweave,0.09375,0.16796874813735485
shuffled_labels,56,4,shardbloom,0.1562500298023224,0.16796874813735485
shuffled_labels,56,5,anchorshift,0.12499997019767761,0.21484374441206455
shuffled_labels,56,5,driftgate,0.21875,0.21484374441206455
shuffled_labels,56,5,fluxpatch,0.2812500298023224,0.21484374441206455
shuffled_labels,56,5,motifbridge,0.06249997019767761,0.21484374441206455
shuffled_labels,56,5,phasenest,0.3124999701976776,0.21484374441206455
shuffled_labels,56,5,phasesar,0.28125,0.21484374441206455
shuffled_labels,56,5,quorumweave,0.1875,0.21484374441206455
shuffled_labels,56,5,shardbloom,0.2500000149011612,0.21484374441206455
shuffled_labels,56,6,anchorshift,0.15625,0.19531250558793545
shuffled_labels,56,6,driftgate,0.15625,0.19531250558793545
shuffled_labels,56,6,fluxpatch,0.2500000298023224,0.19531250558793545
shuffled_labels,56,6,motifbridge,0.03125,0.19531250558793545
shuffled_labels,56,6,phasenest,0.25,0.19531250558793545
shuffled_labels,56,6,phasesar,0.2499999850988388,0.19531250558793545
shuffled_labels,56,6,quorumweave,0.21875,0.19531250558793545
shuffled_labels,56,6,shardbloom,0.2500000298023224,0.19531250558793545
shuffled_labels,56,7,anchorshift,0.06249997019767761,0.15624999720603228
shuffled_labels,56,7,driftgate,0.15625,0.15624999720603228
shuffled_labels,56,7,fluxpatch,0.15625,0.15624999720603228
shuffled_labels,56,7,motifbridge,-0.06250004470348358,0.15624999720603228
shuffled_labels,56,7,phasenest,0.28125,0.15624999720603228
shuffled_labels,56,7,phasesar,0.2500000223517418,0.15624999720603228
shuffled_labels,56,7,quorumweave,0.15625,0.15624999720603228
shuffled_labels,56,7,shardbloom,0.2500000298023224,0.15624999720603228
shuffled_labels,56,8,anchorshift,0.03125,0.16796875
shuffled_labels,56,8,driftgate,0.2499999850988388,0.16796875
shuffled_labels,56,8,fluxpatch,0.15625,0.16796875
shuffled_labels,56,8,motifbridge,0.031249970197677612,0.16796875
shuffled_labels,56,8,phasenest,0.3125,0.16796875
shuffled_labels,56,8,phasesar,0.2187500149011612,0.16796875
shuffled_labels,56,8,quorumweave,0.125,0.16796875
shuffled_labels,56,8,shardbloom,0.2187500298023224,0.16796875
shuffled_labels,57,1,anchorshift,0.031249970197677612,0.04296875
shuffled_labels,57,1,driftgate,0.0,0.04296875
shuffled_labels,57,1,fluxpatch,0.0625,0.04296875
shuffled_labels,57,1,motifbridge,0.09374997019767761,0.04296875
shuffled_labels,57,1,phasenest,0.03125,0.04296875
shuffled_labels,57,1,phasesar,0.09375,0.04296875
shuffled_labels,57,1,quorumweave,0.03125,0.04296875
shuffled_labels,57,1,shardbloom,5.960464477539063e-08,0.04296875
shuffled_labels,57,2,anchorshift,0.06249997019767761,0.05859375186264515
shuffled_labels,57,2,driftgate,1.4901161193847656e-08,0.05859375186264515
shuffled_labels,57,2,fluxpatch,0.09375,0.05859375186264515
shuffled_labels,57,2,motifbridge,0.03125,0.05859375186264515
shuffled_labels,57,2,phasenest,0.09375,0.05859375186264515
shuffled_labels,57,2,phasesar,0.1249999850988388,0.05859375186264515
shuffled_labels,57,2,quorumweave,0.031250014901161194,0.05859375186264515
shuffled_labels,57,2,shardbloom,0.03125002980232239,0.05859375186264515
shuffled_labels,57,3,anchorshift,0.09374994039535522,0.0859374962747097
shuffled_labels,57,3,driftgate,0.03125,0.0859374962747097
shuffled_labels,57,3,fluxpatch,0.1562499701976776,0.0859374962747097
shuffled_labels,57,3,motifbridge,0.031249970197677612,0.0859374962747097
shuffled_labels,57,3,phasenest,0.09375004470348358,0.0859374962747097
shuffled_labels,57,3,phasesar,0.1250000149011612,0.0859374962747097
shuffled_labels,57,3,quorumweave,0.09375,0.0859374962747097
shuffled_labels,57,3,shardbloom,0.06250002980232239,0.0859374962747097
shuffled_labels,57,4,anchorshift,0.15624994039535522,0.1484374925494194
shuffled_labels,57,4,driftgate,0.15625,0.1484374925494194
shuffled_labels,57,4,fluxpatch,0.21875,0.1484374925494194
shuffled_labels,57,4,motifbridge,-2.9802322387695312e-08,0.1484374925494194
shuffled_labels,57,4,phasenest,0.15625,0.1484374925494194
shuffled_labels,57,4,phasesar,0.1875,0.1484374925494194
shuffled_labels,57,4,quorumweave,0.09375,0.1484374925494194
shuffled_labels,57,4,shardbloom,0.2187500298023224,0.1484374925494194
shuffled_labels,57,5,anchorshift,0.06249995529651642,0.21093750186264515
shuffled_labels,57,5,driftgate,0.21875,0.21093750186264515
shuffled_labels,57,5,fluxpatch,0.21875,0.21093750186264515
shuffled_labels,57,5,motifbridge,0.06249997019767761,0.21093750186264515
shuffled_labels,57,5,phasenest,0.34375,0.21093750186264515
shuffled_labels,57,5,phasesar,0.3125000596046448,0.21093750186264515
shuffled_labels,57,5,quorumweave,0.21875,0.21093750186264515
shuffled_labels,57,5,shardbloom,0.2500000298023224,0.21093750186264515
shuffled_labels,57,6,anchorshift,-2.9802322387695312e-08,0.1953124925494194
shuffled_labels,57,6,driftgate,0.2187499850988388,0.1953124925494194
shuffled_labels,57,6,fluxpatch,0.21875,0.1953124925494194
shuffled_labels,57,6,motifbridge,0.06249997019767761,0.1953124925494194
shuffled_labels,57,6,phasenest,0.3437499850988388,0.1953124925494194
shuffled_labels,57,6,phasesar,0.3125,0.1953124925494194
shuffled_labels,57,6,quorumweave,0.125,0.1953124925494194
shuffled_labels,57,6,shardbloom,0.2812500298023224,0.1953124925494194
shuffled_labels,57,7,anchorshift,0.031249970197677612,0.19531248975545168
shuffled_labels,57,7,driftgate,0.2187499850988388,0.19531248975545168
shuffled_labels,57,7,fluxpatch,0.2187499701976776,0.19531248975545168
shuffled_labels,57,7,motifbridge,0.031249970197677612,0.19531248975545168
shuffled_labels,57,7,phasenest,0.375,0.19531248975545168
shuffled_labels,57,7,phasesar,0.2812499925494194,0.19531248975545168
shuffled_labels,57,7,quorumweave,0.15625,0.19531248975545168
shuffled_labels,57,7,shardbloom,0.2500000298023224,0.19531248975545168
shuffled_labels,57,8,anchorshift,0.15624994039535522,0.23828124441206455
shuffled_labels,57,8,driftgate,0.21875,0.23828124441206455
shuffled_labels,57,8,fluxpatch,0.3125,0.23828124441206455
shuffled_labels,57,8,motifbridge,0.06249995529651642,0.23828124441206455
shuffled_labels,57,8,phasenest,0.3749999701976776,0.23828124441206455
shuffled_labels,57,8,phasesar,0.3750000298023224,0.23828124441206455
shuffled_labels,57,8,quorumweave,0.1875,0.23828124441206455
shuffled_labels,57,8,shardbloom,0.21875005960464478,0.23828124441206455
shuffled_labels,58,1,anchorshift,0.0,-0.0351562574505806
shuffled_labels,58,1,driftgate,-0.09375,-0.0351562574505806
shuffled_labels,58,1,fluxpatch,-0.0625000149011612,-0.0351562574505806
shuffled_labels,58,1,motifbridge,-0.06250007450580597,-0.0351562574505806
shuffled_labels,58,1,phasenest,-0.03125,-0.0351562574505806
shuffled_labels,58,1,phasesar,0.0,-0.0351562574505806
shuffled_labels,58,1,quorumweave,0.0,-0.0351562574505806
shuffled_labels,58,1,shardbloom,-0.031249970197677612,-0.0351562574505806
shuffled_labels,58,2,anchorshift,-0.06250002980232239,-0.0195312537252903
shuffled_labels,58,2,driftgate,-0.125,-0.0195312537252903
shuffled_labels,58,2,fluxpatch,-0.06249995529651642,-0.0195312537252903
shuffled_labels,58,2,motifbridge,0.03124995529651642,-0.0195312537252903
shuffled_labels,58,2,phasenest,0.0,-0.0195312537252903
shuffled_labels,58,2,phasesar,0.0,-0.0195312537252903
shuffled_labels,58,2,quorumweave,0.03125,-0.0195312537252903
shuffled_labels,58,2,shardbloom,0.03125,-0.0195312537252903
shuffled_labels,58,3,anchorshift,-0.06250002980232239,-0.08203125
shuffled_labels,58,3,driftgate,-0.0937499850988388,-0.08203125
shuffled_labels,58,3,fluxpatch,-0.09375,-0.08203125
shuffled_labels,58,3,motifbridge,-0.09375002980232239,-0.08203125
shuffled_labels,58,3,phasenest,-0.1562499925494194,-0.08203125
shuffled_labels,58,3,phasesar,-0.03125,-0.08203125
shuffled_labels,58,3,quorumweave,-0.1249999925494194,-0.08203125
shuffled_labels,58,3,shardbloom,2.9802322387695312e-08,-0.08203125
shuffled_labels,58,4,anchorshift,0.031249970197677612,0.015624999068677425
shuffled_labels,58,4,driftgate,-7.450580596923828e-09,0.015624999068677425
shuffled_labels,58,4,fluxpatch,-0.0625,0.015624999068677425
shuffled_labels,58,4,motifbridge,0.031249970197677612,0.015624999068677425
shuffled_labels,58,4,phasenest,-0.031249970197677612,0.015624999068677425
shuffled_labels,58,4,phasesar,0.0625,0.015624999068677425
shuffled_labels,58,4,quorumweave,0.03125,0.015624999068677425
shuffled_labels,58,4,shardbloom,0.06250002980232239,0.015624999068677425
shuffled_labels,58,5,anchorshift,-2.9802322387695312e-08,-0.019531263038516045
shuffled_labels,58,5,driftgate,0.0,-0.019531263038516045
shuffled_labels,58,5,fluxpatch,-0.03125,-0.019531263038516045
shuffled_labels,58,5,motifbridge,-0.03125007450580597,-0.019531263038516045
shuffled_labels,58,5,phasenest,-0.0625000149011612,-0.019531263038516045
shuffled_labels,58,5,phasesar,-1.4901161193847656e-08,-0.019531263038516045
shuffled_labels,58,5,quorumweave,-0.09375,-0.019531263038516045
shuffled_labels,58,5,shardbloom,0.06250002980232239,-0.019531263038516045
shuffled_labels,58,6,anchorshift,0.06249997019767761,-0.015625009313225746
shuffled_labels,58,6,driftgate,-0.03125,-0.015625009313225746
shuffled_labels,58,6,fluxpatch,-0.0625000149011612,-0.015625009313225746
shuffled_labels,58,6,motifbridge,-0.06250005960464478,-0.015625009313225746
shuffled_labels,58,6,phasenest,-0.0625,-0.015625009313225746
shuffled_labels,58,6,phasesar,0.0,-0.015625009313225746
shuffled_labels,58,6,quorumweave,0.0,-0.015625009313225746
shuffled_labels,58,6,shardbloom,0.03125002980232239,-0.015625009313225746
shuffled_labels,58,7,anchorshift,0.12499997019767761,0.04687499813735485
shuffled_labels,58,7,driftgate,0.0,0.04687499813735485
shuffled_labels,58,7,fluxpatch,0.0625,0.04687499813735485
shuffled_labels,58,7,motifbridge,0.06249997019767761,0.04687499813735485
shuffled_labels,58,7,phasenest,1.4901161193847656e-08,0.04687499813735485
shuffled_labels,58,7,phasesar,0.03125,0.04687499813735485
shuffled_labels,58,7,quorumweave,0.03125,0.04687499813735485
shuffled_labels,58,7,shardbloom,0.06250002980232239,0.04687499813735485
shuffled_labels,58,8,anchorshift,0.09374997019767761,0.015625
shuffled_labels,58,8,driftgate,0.03125,0.015625
shuffled_labels,58,8,fluxpatch,0.031249985098838806,0.015625
shuffled_labels,58,8,motifbridge,-0.031250014901161194,0.015625
shuffled_labels,58,8,phasenest,-0.031249985098838806,0.015625
shuffled_labels,58,8,phasesar,0.031250014901161194,0.015625
shuffled_labels,58,8,quorumweave,0.0,0.015625
shuffled_labels,58,8,shardbloom,2.9802322387695312e-08,0.015625
shuffled_labels,59,1,anchorshift,0.03125,0.011718753725290298
shuffled_labels,59,1,driftgate,-0.031249985098838806,0.011718753725290298
shuffled_labels,59,1,fluxpatch,1.4901161193847656e-08,0.011718753725290298
shuffled_labels,59,1,motifbridge,-4.470348358154297e-08,0.011718753725290298
shuffled_labels,59,1,phasenest,0.03125,0.011718753725290298
shuffled_labels,59,1,phasesar,1.4901161193847656e-08,0.011718753725290298
shuffled_labels,59,1,quorumweave,0.03125,0.011718753725290298
shuffled_labels,59,1,shardbloom,0.03125002980232239,0.011718753725290298
shuffled_labels,59,2,anchorshift,0.09374997019767761,0.05859374813735485
shuffled_labels,59,2,driftgate,-1.4901161193847656e-08,0.05859374813735485
shuffled_labels,59,2,fluxpatch,0.09375,0.05859374813735485
shuffled_labels,59,2,motifbridge,0.031249970197677612,0.05859374813735485
shuffled_labels,59,2,phasenest,0.0,0.05859374813735485
shuffled_labels,59,2,phasesar,0.0937500149011612,0.05859374813735485
shuffled_labels,59,2,quorumweave,0.062499985098838806,0.05859374813735485
shuffled_labels,59,2,shardbloom,0.09375005960464478,0.05859374813735485
shuffled_labels,59,3,anchorshift,0.09374994039535522,0.06249999348074198
shuffled_labels,59,3,driftgate,0.03125,0.06249999348074198
shuffled_labels,59,3,fluxpatch,0.09375,0.06249999348074198
shuffled_labels,59,3,motifbridge,-7.450580596923828e-09,0.06249999348074198
shuffled_labels,59,3,phasenest,0.0625,0.06249999348074198
shuffled_labels,59,3,phasesar,0.031249985098838806,0.06249999348074198
shuffled_labels,59,3,quorumweave,0.0625,0.06249999348074198
shuffled_labels,59,3,shardbloom,0.1250000298023224,0.06249999348074198
shuffled_labels,59,4,anchorshift,0.06249997019767761,0.1289062425494194
shuffled_labels,59,4,driftgate,0.09375,0.1289062425494194
shuffled_labels,59,4,fluxpatch,0.21875,0.1289062425494194
shuffled_labels,59,4,motifbridge,-2.9802322387695312e-08,0.1289062425494194
shuffled_labels,59,4,phasenest,0.1562499701976776,0.1289062425494194
shuffled_labels,59,4,phasesar,0.21875,0.1289062425494194
shuffled_labels,59,4,quorumweave,0.0625,0.1289062425494194
shuffled_labels,59,4,shardbloom,0.2187500298023224,0.1289062425494194
shuffled_labels,59,5,anchorshift,0.031249970197677612,0.1249999962747097
shuffled_labels,59,5,driftgate,0.125,0.1249999962747097
shuffled_labels,59,5,fluxpatch,0.1875,0.1249999962747097
shuffled_labels,59,5,motifbridge,0.031249970197677612,0.1249999962747097
shuffled_labels,59,5,phasenest,0.15625,0.1249999962747097
shuffled_labels,59,5,phasesar,0.21875,0.1249999962747097
shuffled_labels,59,5,quorumweave,0.125,0.1249999962747097
shuffled_labels,59,5,shardbloom,0.1250000298023224,0.1249999962747097
shuffled_labels,59,6,anchorshift,0.09374994039535522,0.12499999161809683
shuffled_labels,59,6,driftgate,0.09375,0.12499999161809683
shuffled_labels,59,6,fluxpatch,0.15625,0.12499999161809683
shuffled_labels,59,6,motifbridge,0.031249985098838806,0.12499999161809683
shuffled_labels,59,6,phasenest,0.125,0.12499999161809683
shuffled_labels,59,6,phasesar,0.1875,0.12499999161809683
shuffled_labels,59,6,quorumweave,0.1562500074505806,0.12499999161809683
shuffled_labels,59,6,shardbloom,0.15625,0.12499999161809683
shuffled_labels,59,7,anchorshift,0.12499997019767761,0.12890624068677425
shuffled_labels,59,7,driftgate,0.1250000149011612,0.12890624068677425
shuffled_labels,59,7,fluxpatch,0.0937499850988388,0.12890624068677425
shuffled_labels,59,7,motifbridge,0.06249992549419403,0.12890624068677425
shuffled_labels,59,7,phasenest,0.1874999850988388,0.12890624068677425
shuffled_labels,59,7,phasesar,0.1250000149011612,0.12890624068677425
shuffled_labels,59,7,quorumweave,0.09375,0.12890624068677425
shuffled_labels,59,7,shardbloom,0.2187500298023224,0.12890624068677425
shuffled_labels,59,8,anchorshift,0.125,0.16015623975545168
shuffled_labels,59,8,driftgate,0.12499997764825821,0.16015623975545168
shuffled_labels,59,8,fluxpatch,0.1875,0.16015623975545168
shuffled_labels,59,8,motifbridge,-2.9802322387695312e-08,0.16015623975545168
shuffled_labels,59,8,phasenest,0.24999995529651642,0.16015623975545168
shuffled_labels,59,8,phasesar,0.2499999850988388,0.16015623975545168
shuffled_labels,59,8,quorumweave,0.09375,0.16015623975545168
shuffled_labels,59,8,shardbloom,0.2500000298023224,0.16015623975545168
shuffled_labels,60,1,anchorshift,-0.09375002980232239,-0.027343749068677425
shuffled_labels,60,1,driftgate,2.9802322387695312e-08,-0.027343749068677425
shuffled_labels,60,1,fluxpatch,-0.0625000149011612,-0.027343749068677425
shuffled_labels,60,1,motifbridge,-2.9802322387695312e-08,-0.027343749068677425
shuffled_labels,60,1,phasenest,0.031250014901161194,-0.027343749068677425
shuffled_labels,60,1,phasesar,-0.09375,-0.027343749068677425
shuffled_labels,60,1,quorumweave,0.03125,-0.027343749068677425
shuffled_labels,60,1,shardbloom,-0.031249962747097015,-0.027343749068677425
shuffled_labels,60,2,anchorshift,-0.09375002980232239,-0.05468750651925802
shuffled_labels,60,2,driftgate,-0.0625000074505806,-0.05468750651925802
shuffled_labels,60,2,fluxpatch,-0.09375,-0.05468750651925802
shuffled_labels,60,2,motifbridge,-2.9802322387695312e-08,-0.05468750651925802
shuffled_labels,60,2,phasenest,-0.0625,-0.05468750651925802
shuffled_labels,60,2,phasesar,-0.0937499850988388,-0.05468750651925802
shuffled_labels,60,2,quorumweave,0.0,-0.05468750651925802
shuffled_labels,60,2,shardbloom,-0.03125,-0.05468750651925802
shuffled_labels,60,3,anchorshift,-0.06250002980232239,-0.015625002793967724
shuffled_labels,60,3,driftgate,-0.03125002980232239,-0.015625002793967724
shuffled_labels,60,3,fluxpatch,-0.09374997019767761,-0.015625002793967724
shuffled_labels,60,3,motifbridge,0.031249970197677612,-0.015625002793967724
shuffled_labels,60,3,phasenest,-0.03125,-0.015625002793967724
shuffled_labels,60,3,phasesar,0.0,-0.015625002793967724
shuffled_labels,60,3,quorumweave,0.03125,-0.015625002793967724
shuffled_labels,60,3,shardbloom,0.031250037252902985,-0.015625002793967724
shuffled_labels,60,4,anchorshift,0.062499940395355225,0.1328124850988388
shuffled_labels,60,4,driftgate,0.0624999925494194,0.1328124850988388
shuffled_labels,60,4,fluxpatch,0.09374997019767761,0.1328124850988388
shuffled_labels,60,4,motifbridge,0.12499997019767761,0.1328124850988388
shuffled_labels,60,4,phasenest,0.34375,0.1328124850988388
shuffled_labels,60,4,phasesar,0.12499997019767761,0.1328124850988388
shuffled_labels,60,4,quorumweave,0.1562500074505806,0.1328124850988388
shuffled_labels,60,4,shardbloom,0.09375002980232239,0.1328124850988388
shuffled_labels,60,5,anchorshift,0.06249997019767761,0.1171874925494194
shuffled_labels,60,5,driftgate,0.0937500149011612,0.1171874925494194
shuffled_labels,60,5,fluxpatch,0.15624994039535522,0.1171874925494194
shuffled_labels,60,5,motifbridge,0.06249997019767761,0.1171874925494194
shuffled_labels,60,5,phasenest,0.21875,0.1171874925494194
shuffled_labels,60,5,phasesar,0.1875000149011612,0.1171874925494194
shuffled_labels,60,5,quorumweave,0.0625,0.1171874925494194
shuffled_labels,60,5,shardbloom,0.09375002980232239,0.1171874925494194
shuffled_labels,60,6,anchorshift,0.0625,0.109375
shuffled_labels,60,6,driftgate,0.09375,0.109375
shuffled_labels,60,6,fluxpatch,0.1250000298023224,0.109375
shuffled_labels,60,6,motifbridge,-1.4901161193847656e-08,0.109375
shuffled_labels,60,6,phasenest,0.15625,0.109375
shuffled_labels,60,6,phasesar,0.1562499850988388,0.109375
shuffled_labels,60,6,quorumweave,0.09375,0.109375
shuffled_labels,60,6,shardbloom,0.1875,0.109375
shuffled_labels,60,7,anchorshift,0.06249997019767761,0.12109374441206455
shuffled_labels,60,7,driftgate,0.0625000149011612,0.12109374441206455
shuffled_labels,60,7,fluxpatch,0.1562499701976776,0.12109374441206455
shuffled_labels,60,7,motifbridge,0.06249995529651642,0.12109374441206455
shuffled_labels,60,7,phasenest,0.1875,0.12109374441206455
shuffled_labels,60,7,phasesar,0.1562499850988388,0.12109374441206455
shuffled_labels,60,7,quorumweave,0.0625,0.12109374441206455
shuffled_labels,60,7,shardbloom,0.21875005960464478,0.12109374441206455
shuffled_labels,60,8,anchorshift,-2.9802322387695312e-08,0.14062499068677425
shuffled_labels,60,8,driftgate,0.1562499850988388,0.14062499068677425
shuffled_labels,60,8,fluxpatch,0.1875,0.14062499068677425
shuffled_labels,60,8,motifbridge,0.06249997019767761,0.14062499068677425
shuffled_labels,60,8,phasenest,0.3124999552965164,0.14062499068677425
shuffled_labels,60,8,phasesar,0.1562500149011612,0.14062499068677425
shuffled_labels,60,8,quorumweave,0.09375,0.14062499068677425
shuffled_labels,60,8,shardbloom,0.1562500298023224,0.14062499068677425
shuffled_labels,61,1,anchorshift,-0.0625,-0.04296875
shuffled_labels,61,1,driftgate,-0.0625,-0.04296875
shuffled_labels,61,1,fluxpatch,-0.03125,-0.04296875
shuffled_labels,61,1,motifbridge,-0.1250000149011612,-0.04296875
shuffled_labels,61,1,phasenest,-0.0625,-0.04296875
shuffled_labels,61,1,phasesar,-0.031249985098838806,-0.04296875
shuffled_labels,61,1,quorumweave,-0.03125,-0.04296875
shuffled_labels,61,1,shardbloom,0.0625,-0.04296875
shuffled_labels,61,2,anchorshift,-0.06250002980232239,-0.05078125465661287
shuffled_labels,61,2,driftgate,-0.0625,-0.05078125465661287
shuffled_labels,61,2,fluxpatch,-0.09375,-0.05078125465661287
shuffled_labels,61,2,motifbridge,-2.9802322387695312e-08,-0.05078125465661287
shuffled_labels,61,2,phasenest,-0.0625,-0.05078125465661287
shuffled_labels,61,2,phasesar,-0.03125,-0.05078125465661287
shuffled_labels,61,2,quorumweave,-0.0937500074505806,-0.05078125465661287
shuffled_labels,61,2,shardbloom,2.9802322387695312e-08,-0.05078125465661287
shuffled_labels,61,3,anchorshift,0.031249970197677612,-5.587935447692871e-09
shuffled_labels,61,3,driftgate,0.0,-5.587935447692871e-09
shuffled_labels,61,3,fluxpatch,-0.03125,-5.587935447692871e-09
shuffled_labels,61,3,motifbridge,0.031249970197677612,-5.587935447692871e-09
shuffled_labels,61,3,phasenest,0.0,-5.587935447692871e-09
shuffled_labels,61,3,phasesar,-0.03125,-5.587935447692871e-09
shuffled_labels,61,3,quorumweave,0.031249985098838806,-5.587935447692871e-09
shuffled_labels,61,3,shardbloom,-0.031249970197677612,-5.587935447692871e-09
shuffled_labels,61,4,anchorshift,0.06249997019767761,0.05468749441206455
shuffled_labels,61,4,driftgate,-0.06250004470348358,0.05468749441206455
shuffled_labels,61,4,fluxpatch,0.03125,0.05468749441206455
shuffled_labels,61,4,motifbridge,0.031249970197677612,0.05468749441206455
shuffled_labels,61,4,phasenest,0.06250002980232239,0.05468749441206455
shuffled_labels,61,4,phasesar,0.15625,0.05468749441206455
shuffled_labels,61,4,quorumweave,0.09375,0.05468749441206455
shuffled_labels,61,4,shardbloom,0.06250002980232239,0.05468749441206455
shuffled_labels,61,5,anchorshift,0.0,0.04296875
shuffled_labels,61,5,driftgate,0.031249970197677612,0.04296875
shuffled_labels,61,5,fluxpatch,2.9802322387695312e-08,0.04296875
shuffled_labels,61,5,motifbridge,0.031249985098838806,0.04296875
shuffled_labels,61,5,phasenest,0.09375,0.04296875
shuffled_labels,61,5,phasesar,0.062499985098838806,0.04296875
shuffled_labels,61,5,quorumweave,0.0,0.04296875
shuffled_labels,61,5,shardbloom,0.1250000298023224,0.04296875
shuffled_labels,61,6,anchorshift,0.031249970197677612,0.0585937462747097
shuffled_labels,61,6,driftgate,0.031249985098838806,0.0585937462747097
shuffled_labels,61,6,fluxpatch,0.06250002980232239,0.0585937462747097
shuffled_labels,61,6,motifbridge,0.031249970197677612,0.0585937462747097
shuffled_labels,61,6,phasenest,0.1562499850988388,0.0585937462747097
shuffled_labels,61,6,phasesar,0.0625000149011612,0.0585937462747097
shuffled_labels,61,6,quorumweave,0.031249985098838806,0.0585937462747097
shuffled_labels,61,6,shardbloom,0.06250002980232239,0.0585937462747097
shuffled_labels,61,7,anchorshift,0.06249997019767761,0.0898437425494194
shuffled_labels,61,7,driftgate,0.125,0.0898437425494194
shuffled_labels,61,7,fluxpatch,0.031249970197677612,0.0898437425494194
shuffled_labels,61,7,motifbridge,0.031249985098838806,0.0898437425494194
shuffled_labels,61,7,phasenest,0.125,0.0898437425494194
shuffled_labels,61,7,phasesar,0.1562499850988388,0.0898437425494194
shuffled_labels,61,7,quorumweave,0.03125,0.0898437425494194
shuffled_labels,61,7,shardbloom,0.1562500298023224,0.0898437425494194
shuffled_labels,61,8,anchorshift,0.031249940395355225,-0.011718758381903172
shuffled_labels,61,8,driftgate,-0.0625,-0.011718758381903172
shuffled_labels,61,8,fluxpatch,-0.03125,-0.011718758381903172
shuffled_labels,61,8,motifbridge,-2.9802322387695312e-08,-0.011718758381903172
shuffled_labels,61,8,phasenest,-0.0625,-0.011718758381903172
shuffled_labels,61,8,phasesar,0.03125,-0.011718758381903172
shuffled_labels,61,8,quorumweave,-0.0625000074505806,-0.011718758381903172
shuffled_labels,61,8,shardbloom,0.06250002980232239,-0.011718758381903172
shuffled_labels,62,1,anchorshift,0.0,-0.0507812537252903
shuffled_labels,62,1,driftgate,-0.0625,-0.0507812537252903
shuffled_labels,62,1,fluxpatch,-0.0625,-0.0507812537252903
shuffled_labels,62,1,motifbridge,-2.9802322387695312e-08,-0.0507812537252903
shuffled_labels,62,1,phasenest,-0.125,-0.0507812537252903
shuffled_labels,62,1,phasesar,-0.06250002980232239,-0.0507812537252903
shuffled_labels,62,1,quorumweave,-0.09375,-0.0507812537252903
shuffled_labels,62,1,shardbloom,2.9802322387695312e-08,-0.0507812537252903
shuffled_labels,62,2,anchorshift,-2.9802322387695312e-08,-0.01953126583248377
shuffled_labels,62,2,driftgate,-0.06250003725290298,-0.01953126583248377
shuffled_labels,62,2,fluxpatch,-0.03125,-0.01953126583248377
shuffled_labels,62,2,motifbridge,-4.470348358154297e-08,-0.01953126583248377
shuffled_labels,62,2,phasenest,-1.4901161193847656e-08,-0.01953126583248377
shuffled_labels,62,2,phasesar,-0.09375,-0.01953126583248377
shuffled_labels,62,2,quorumweave,-2.9802322387695312e-08,-0.01953126583248377
shuffled_labels,62,2,shardbloom,0.03125002980232239,-0.01953126583248377
shuffled_labels,62,3,anchorshift,0.125,0.11328125
shuffled_labels,62,3,driftgate,0.0625,0.11328125
shuffled_labels,62,3,fluxpatch,0.0625,0.11328125
shuffled_labels,62,3,motifbridge,0.12499997019767761,0.11328125
shuffled_labels,62,3,phasenest,0.1875,0.11328125
shuffled_labels,62,3,phasesar,0.0625,0.11328125
shuffled_labels,62,3,quorumweave,0.125,0.11328125
shuffled_labels,62,3,shardbloom,0.1562500298023224,0.11328125
shuffled_labels,62,4,anchorshift,0.1562499701976776,0.0820312537252903
shuffled_labels,62,4,driftgate,-0.031250014901161194,0.0820312537252903
shuffled_labels,62,4,fluxpatch,0.1250000298023224,0.0820312537252903
shuffled_labels,62,4,motifbridge,0.06249997019767761,0.0820312537252903
shuffled_labels,62,4,phasenest,0.1250000149011612,0.0820312537252903
shuffled_labels,62,4,phasesar,0.031250014901161194,0.0820312537252903
shuffled_labels,62,4,quorumweave,0.0937500149011612,0.0820312537252903
shuffled_labels,62,4,shardbloom,0.09375002980232239,0.0820312537252903
shuffled_labels,62,5,anchorshift,0.18749994039535522,0.12890623975545168
shuffled_labels,62,5,driftgate,0.03125,0.12890623975545168
shuffled_labels,62,5,fluxpatch,0.15625,0.12890623975545168
shuffled_labels,62,5,motifbridge,0.09374997019767761,0.12890623975545168
shuffled_labels,62,5,phasenest,0.2187500074505806,0.12890623975545168
shuffled_labels,62,5,phasesar,0.0625,0.12890623975545168
shuffled_labels,62,5,quorumweave,0.21875,0.12890623975545168
shuffled_labels,62,5,shardbloom,0.0625,0.12890623975545168
shuffled_labels,62,6,anchorshift,0.12499997019767761,0.12890624161809683
shuffled_labels,62,6,driftgate,0.062499985098838806,0.12890624161809683
shuffled_labels,62,6,fluxpatch,0.12499997019767761,0.12890624161809683
shuffled_labels,62,6,motifbridge,0.09374996274709702,0.12890624161809683
shuffled_labels,62,6,phasenest,0.2187500149011612,0.12890624161809683
shuffled_labels,62,6,phasesar,0.09375,0.12890624161809683
shuffled_labels,62,6,quorumweave,0.15625,0.12890624161809683
shuffled_labels,62,6,shardbloom,0.1562500298023224,0.12890624161809683
shuffled_labels,62,7,anchorshift,0.12499997019767761,0.10546875465661287
shuffled_labels,62,7,driftgate,0.03125004470348358,0.10546875465661287
shuffled_labels,62,7,fluxpatch,0.15625,0.10546875465661287
shuffled_labels,62,7,motifbridge,0.031249970197677612,0.10546875465661287
shuffled_labels,62,7,phasenest,0.1250000149011612,0.10546875465661287
shuffled_labels,62,7,phasesar,0.0937500074505806,0.10546875465661287
shuffled_labels,62,7,quorumweave,0.15625,0.10546875465661287
shuffled_labels,62,7,shardbloom,0.1250000298023224,0.10546875465661287
shuffled_labels,62,8,anchorshift,0.12499997019767761,0.1132812462747097
shuffled_labels,62,8,driftgate,0.0625000149011612,0.1132812462747097
shuffled_labels,62,8,fluxpatch,0.125,0.1132812462747097
shuffled_labels,62,8,motifbridge,0.031249985098838806,0.1132812462747097
shuffled_labels,62,8,phasenest,0.21875,0.1132812462747097
shuffled_labels,62,8,phasesar,0.09374997019767761,0.1132812462747097
shuffled_labels,62,8,quorumweave,0.15625,0.1132812462747097
shuffled_labels,62,8,shardbloom,0.09375002980232239,0.1132812462747097
shuffled_labels,63,1,anchorshift,-0.03125002980232239,-0.011718736961483955
shuffled_labels,63,1,driftgate,0.0,-0.011718736961483955
shuffled_labels,63,1,fluxpatch,-0.09374995529651642,-0.011718736961483955
shuffled_labels,63,1,motifbridge,-0.03125,-0.011718736961483955
shuffled_labels,63,1,phasenest,0.03125,-0.011718736961483955
shuffled_labels,63,1,phasesar,5.960464477539063e-08,-0.011718736961483955
shuffled_labels,63,1,quorumweave,0.0,-0.011718736961483955
shuffled_labels,63,1,shardbloom,0.03125002980232239,-0.011718736961483955
shuffled_labels,63,2,anchorshift,0.03125,0.01171874813735485
shuffled_labels,63,2,driftgate,-0.0625,0.01171874813735485
shuffled_labels,63,2,fluxpatch,0.03125,0.01171874813735485
shuffled_labels,63,2,motifbridge,0.031249970197677612,0.01171874813735485
shuffled_labels,63,2,phasenest,0.0,0.01171874813735485
shuffled_labels,63,2,phasesar,0.031250014901161194,0.01171874813735485
shuffled_labels,63,2,quorumweave,0.0625,0.01171874813735485
shuffled_labels,63,2,shardbloom,-0.03125,0.01171874813735485
shuffled_labels,63,3,anchorshift,0.06249997019767761,0.019531236961483955
shuffled_labels,63,3,driftgate,-0.09375,0.019531236961483955
shuffled_labels,63,3,fluxpatch,0.03125,0.019531236961483955
shuffled_labels,63,3,motifbridge,-2.9802322387695312e-08,0.019531236961483955
shuffled_labels,63,3,phasenest,0.09374995529651642,0.019531236961483955
shuffled_labels,63,3,phasesar,0.0625,0.019531236961483955
shuffled_labels,63,3,quorumweave,0.03125,0.019531236961483955
shuffled_labels,63,3,shardbloom,-0.03125,0.019531236961483955
shuffled_labels,63,4,anchorshift,0.031249970197677612,0.01171874813735485
shuffled_labels,63,4,driftgate,-0.031250014901161194,0.01171874813735485
shuffled_labels,63,4,fluxpatch,-0.03125,0.01171874813735485
shuffled_labels,63,4,motifbridge,0.031249985098838806,0.01171874813735485
shuffled_labels,63,4,phasenest,1.4901161193847656e-08,0.01171874813735485
shuffled_labels,63,4,phasesar,0.0,0.01171874813735485
shuffled_labels,63,4,quorumweave,0.0625,0.01171874813735485
shuffled_labels,63,4,shardbloom,0.03125002980232239,0.01171874813735485
shuffled_labels,63,5,anchorshift,0.06249997019767761,0.1484375
shuffled_labels,63,5,driftgate,0.1562499850988388,0.1484375
shuffled_labels,63,5,fluxpatch,0.125,0.1484375
shuffled_labels,63,5,motifbridge,0.09374997019767761,0.1484375
shuffled_labels,63,5,phasenest,0.3125,0.1484375
shuffled_labels,63,5,phasesar,0.1875000149011612,0.1484375
shuffled_labels,63,5,quorumweave,0.09375002980232239,0.1484375
shuffled_labels,63,5,shardbloom,0.1562500298023224,0.1484375
shuffled_labels,63,6,anchorshift,0.06249997019767761,0.16406249068677425
shuffled_labels,63,6,driftgate,0.1874999850988388,0.16406249068677425
shuffled_labels,63,6,fluxpatch,0.09374997019767761,0.16406249068677425
shuffled_labels,63,6,motifbridge,0.12499995529651642,0.16406249068677425
shuffled_labels,63,6,phasenest,0.3437500149011612,0.16406249068677425
shuffled_labels,63,6,phasesar,0.09375,0.16406249068677425
shuffled_labels,63,6,quorumweave,0.1875,0.16406249068677425
shuffled_labels,63,6,shardbloom,0.2187500298023224,0.16406249068677425
shuffled_labels,63,7,anchorshift,0.06249997019767761,0.1679687425494194
shuffled_labels,63,7,driftgate,0.21875,0.1679687425494194
shuffled_labels,63,7,fluxpatch,0.1562499701976776,0.1679687425494194
shuffled_labels,63,7,motifbridge,0.06249997019767761,0.1679687425494194
shuffled_labels,63,7,phasenest,0.3125,0.1679687425494194
shuffled_labels,63,7,phasesar,0.21875,0.1679687425494194
shuffled_labels,63,7,quorumweave,0.12499997019767761,0.1679687425494194
shuffled_labels,63,7,shardbloom,0.18750005960464478,0.1679687425494194
shuffled_labels,63,8,anchorshift,0.1562499701976776,0.21093750186264515
shuffled_labels,63,8,driftgate,0.1875,0.21093750186264515
shuffled_labels,63,8,fluxpatch,0.1875,0.21093750186264515
shuffled_labels,63,8,motifbridge,0.12499997019767761,0.21093750186264515
shuffled_labels,63,8,phasenest,0.375,0.21093750186264515
shuffled_labels,63,8,phasesar,0.21875004470348358,0.21093750186264515
shuffled_labels,63,8,quorumweave,0.25,0.21093750186264515
shuffled_labels,63,8,shardbloom,0.1875000298023224,0.21093750186264515
shuffled_labels,64,1,anchorshift,-0.03125008940696716,-0.0390624962747097
shuffled_labels,64,1,driftgate,-0.0937500149011612,-0.0390624962747097
shuffled_labels,64,1,fluxpatch,-0.031249940395355225,-0.0390624962747097
shuffled_labels,64,1,motifbridge,-0.03125,-0.0390624962747097
shuffled_labels,64,1,phasenest,0.0,-0.0390624962747097
shuffled_labels,64,1,phasesar,-0.06249995529651642,-0.0390624962747097
shuffled_labels,64,1,quorumweave,-0.0625,-0.0390624962747097
shuffled_labels,64,1,shardbloom,2.9802322387695312e-08,-0.0390624962747097
shuffled_labels,64,2,anchorshift,0.06249997019767761,-1.862645149230957e-09
shuffled_labels,64,2,driftgate,-0.03125,-1.862645149230957e-09
shuffled_labels,64,2,fluxpatch,0.0,-1.862645149230957e-09
shuffled_labels,64,2,motifbridge,0.0,-1.862645149230957e-09
shuffled_labels,64,2,phasenest,-0.03125,-1.862645149230957e-09
shuffled_labels,64,2,phasesar,-1.4901161193847656e-08,-1.862645149230957e-09
shuffled_labels,64,2,quorumweave,0.0,-1.862645149230957e-09
shuffled_labels,64,2,shardbloom,2.9802322387695312e-08,-1.862645149230957e-09
shuffled_labels,64,3,anchorshift,0.12499997019767761,-0.011718759313225746
shuffled_labels,64,3,driftgate,-0.0625,-0.011718759313225746
shuffled_labels,64,3,fluxpatch,0.0,-0.011718759313225746
shuffled_labels,64,3,motifbridge,-0.06250005960464478,-0.011718759313225746
shuffled_labels,64,3,phasenest,-0.031250014901161194,-0.011718759313225746
shuffled_labels,64,3,phasesar,-0.0625,-0.011718759313225746
shuffled_labels,64,3,quorumweave,0.0,-0.011718759313225746
shuffled_labels,64,3,shardbloom,2.9802322387695312e-08,-0.011718759313225746
shuffled_labels,64,4,anchorshift,0.06249997019767761,0.011718742549419403
shuffled_labels,64,4,driftgate,-0.0625,0.011718742549419403
shuffled_labels,64,4,fluxpatch,-1.4901161193847656e-08,0.011718742549419403
shuffled_labels,64,4,motifbridge,-0.06250002980232239,0.011718742549419403
shuffled_labels,64,4,phasenest,0.0,0.011718742549419403
shuffled_labels,64,4,phasesar,-1.4901161193847656e-08,0.011718742549419403
shuffled_labels,64,4,quorumweave,0.0625,0.011718742549419403
shuffled_labels,64,4,shardbloom,0.09375002980232239,0.011718742549419403
shuffled_labels,64,5,anchorshift,-5.960464477539063e-08,0.0351562425494194
shuffled_labels,64,5,driftgate,-0.09375,0.0351562425494194
shuffled_labels,64,5,fluxpatch,0.0625,0.0351562425494194
shuffled_labels,64,5,motifbridge,-2.9802322387695312e-08,0.0351562425494194
shuffled_labels,64,5,phasenest,0.125,0.0351562425494194
shuffled_labels,64,5,phasesar,-0.03125,0.0351562425494194
shuffled_labels,64,5,quorumweave,0.0,0.0351562425494194
shuffled_labels,64,5,shardbloom,0.2187500298023224,0.0351562425494194
shuffled_labels,64,6,anchorshift,-2.9802322387695312e-08,0.12109375558793545
shuffled_labels,64,6,driftgate,0.06249997019767761,0.12109375558793545
shuffled_labels,64,6,fluxpatch,0.1562500149011612,0.12109375558793545
shuffled_labels,64,6,motifbridge,0.0937500149011612,0.12109375558793545
shuffled_labels,64,6,phasenest,0.3125000298023224,0.12109375558793545
shuffled_labels,64,6,phasesar,0.09375,0.12109375558793545
shuffled_labels,64,6,quorumweave,0.03125,0.12109375558793545
shuffled_labels,64,6,shardbloom,0.21875004470348358,0.12109375558793545
shuffled_labels,64,7,anchorshift,0.062499940395355225,0.09765625186264515
shuffled_labels,64,7,driftgate,0.03125,0.09765625186264515
shuffled_labels,64,7,fluxpatch,0.0937499850988388,0.09765625186264515
shuffled_labels,64,7,motifbridge,0.0,0.09765625186264515
shuffled_labels,64,7,phasenest,0.18750004470348358,0.09765625186264515
shuffled_labels,64,7,phasesar,0.0625,0.09765625186264515
shuffled_labels,64,7,quorumweave,0.09375,0.09765625186264515
shuffled_labels,64,7,shardbloom,0.2500000447034836,0.09765625186264515
shuffled_labels,64,8,anchorshift,0.062499940395355225,0.14843749068677425
shuffled_labels,64,8,driftgate,0.09375,0.14843749068677425
shuffled_labels,64,8,fluxpatch,0.1874999850988388,0.14843749068677425
shuffled_labels,64,8,motifbridge,0.0,0.14843749068677425
shuffled_labels,64,8,phasenest,0.2499999701976776,0.14843749068677425
shuffled_labels,64,8,phasesar,0.21875,0.14843749068677425
shuffled_labels,64,8,quorumweave,0.125,0.14843749068677425
shuffled_labels,64,8,shardbloom,0.2500000298023224,0.14843749068677425
shuffled_labels,65,1,anchorshift,0.03125,-0.011718741618096828
shuffled_labels,65,1,driftgate,-0.031249985098838806,-0.011718741618096828
shuffled_labels,65,1,fluxpatch,-0.0625,-0.011718741618096828
shuffled_labels,65,1,motifbridge,-2.9802322387695312e-08,-0.011718741618096828
shuffled_labels,65,1,phasenest,0.03125002235174179,-0.011718741618096828
shuffled_labels,65,1,phasesar,-0.03125,-0.011718741618096828
shuffled_labels,65,1,quorumweave,0.0,-0.011718741618096828
shuffled_labels,65,1,shardbloom,-0.031249940395355225,-0.011718741618096828
shuffled_labels,65,2,anchorshift,0.06249997019767761,0.08203124813735485
shuffled_labels,65,2,driftgate,0.0,0.08203124813735485
shuffled_labels,65,2,fluxpatch,0.09375,0.08203124813735485
shuffled_labels,65,2,motifbridge,0.06249995529651642,0.08203124813735485
shuffled_labels,65,2,phasenest,0.1875000298023224,0.08203124813735485
shuffled_labels,65,2,phasesar,0.125,0.08203124813735485
shuffled_labels,65,2,quorumweave,0.03125,0.08203124813735485
shuffled_labels,65,2,shardbloom,0.09375002980232239,0.08203124813735485
shuffled_labels,65,3,anchorshift,-2.9802322387695312e-08,0.08984375
shuffled_labels,65,3,driftgate,0.03125,0.08984375
shuffled_labels,65,3,fluxpatch,0.1250000298023224,0.08984375
shuffled_labels,65,3,motifbridge,0.062499985098838806,0.08984375
shuffled_labels,65,3,phasenest,0.1875,0.08984375
shuffled_labels,65,3,phasesar,0.1562499850988388,0.08984375
shuffled_labels,65,3,quorumweave,0.09375,0.08984375
shuffled_labels,65,3,shardbloom,0.06250002980232239,0.08984375
shuffled_labels,65,4,anchorshift,0.09374997019767761,0.07031248323619366
shuffled_labels,65,4,driftgate,0.09374994039535522,0.07031248323619366
shuffled_labels,65,4,fluxpatch,0.12499997019767761,0.07031248323619366
shuffled_labels,65,4,motifbridge,0.031249940395355225,0.07031248323619366
shuffled_labels,65,4,phasenest,0.0625,0.07031248323619366
shuffled_labels,65,4,phasesar,0.0937500149011612,0.07031248323619366
shuffled_labels,65,4,quorumweave,0.0,0.07031248323619366
shuffled_labels,65,4,shardbloom,0.06250002980232239,0.07031248323619366
shuffled_labels,65,5,anchorshift,0.12499991059303284,0.1093749962747097
shuffled_labels,65,5,driftgate,0.1250000149011612,0.1093749962747097
shuffled_labels,65,5,fluxpatch,0.125,0.1093749962747097
shuffled_labels,65,5,motifbridge,-2.9802322387695312e-08,0.1093749962747097
shuffled_labels,65,5,phasenest,0.15625004470348358,0.1093749962747097
shuffled_labels,65,5,phasesar,0.125,0.1093749962747097
shuffled_labels,65,5,quorumweave,0.15625,0.1093749962747097
shuffled_labels,65,5,shardbloom,0.06250002980232239,0.1093749962747097
shuffled_labels,65,6,anchorshift,0.0625,0.1054687462747097
shuffled_labels,65,6,driftgate,0.0625,0.1054687462747097
shuffled_labels,65,6,fluxpatch,0.09375,0.1054687462747097
shuffled_labels,65,6,motifbridge,0.031249970197677612,0.1054687462747097
shuffled_labels,65,6,phasenest,0.15625,0.1054687462747097
shuffled_labels,65,6,phasesar,0.15625,0.1054687462747097
shuffled_labels,65,6,quorumweave,0.09375,0.1054687462747097
shuffled_labels,65,6,shardbloom,0.1875,0.1054687462747097
shuffled_labels,65,7,anchorshift,0.09374994039535522,0.14453124441206455
shuffled_labels,65,7,driftgate,0.09375,0.14453124441206455
shuffled_labels,65,7,fluxpatch,0.1875,0.14453124441206455
shuffled_labels,65,7,motifbridge,0.0937499850988388,0.14453124441206455
shuffled_labels,65,7,phasenest,0.28125,0.14453124441206455
shuffled_labels,65,7,phasesar,0.15625,0.14453124441206455
shuffled_labels,65,7,quorumweave,0.125,0.14453124441206455
shuffled_labels,65,7,shardbloom,0.1250000298023224,0.14453124441206455
shuffled_labels,65,8,anchorshift,0.06249997019767761,0.2109375037252903
shuffled_labels,65,8,driftgate,0.15625004470348358,0.2109375037252903
shuffled_labels,65,8,fluxpatch,0.28125,0.2109375037252903
shuffled_labels,65,8,motifbridge,0.12499997019767761,0.2109375037252903
shuffled_labels,65,8,phasenest,0.3437499850988388,0.2109375037252903
shuffled_labels,65,8,phasesar,0.2500000298023224,0.2109375037252903
shuffled_labels,65,8,quorumweave,0.21875,0.2109375037252903
shuffled_labels,65,8,shardbloom,0.2500000298023224,0.2109375037252903
shuffled_labels,66,1,anchorshift,0.0,0.011718747206032276
shuffled_labels,66,1,driftgate,-0.03125,0.011718747206032276
shuffled_labels,66,1,fluxpatch,0.03125,0.011718747206032276
shuffled_labels,66,1,motifbridge,-0.03125002980232239,0.011718747206032276
shuffled_labels,66,1,phasenest,0.0312500074505806,0.011718747206032276
shuffled_labels,66,1,phasesar,0.0625,0.011718747206032276
shuffled_labels,66,1,quorumweave,0.0,0.011718747206032276
shuffled_labels,66,1,shardbloom,0.03125,0.011718747206032276
shuffled_labels,66,2,anchorshift,0.1562499701976776,0.1171875037252903
shuffled_labels,66,2,driftgate,2.9802322387695312e-08,0.1171875037252903
shuffled_labels,66,2,fluxpatch,0.09375002980232239,0.1171875037252903
shuffled_labels,66,2,motifbridge,0.031249970197677612,0.1171875037252903
shuffled_labels,66,2,phasenest,0.2499999850988388,0.1171875037252903
shuffled_labels,66,2,phasesar,0.1562500149011612,0.1171875037252903
shuffled_labels,66,2,quorumweave,0.125,0.1171875037252903
shuffled_labels,66,2,shardbloom,0.1250000298023224,0.1171875037252903
shuffled_labels,66,3,anchorshift,0.1562499701976776,0.14062500558793545
shuffled_labels,66,3,driftgate,0.0937500149011612,0.14062500558793545
shuffled_labels,66,3,fluxpatch,0.1250000298023224,0.14062500558793545
shuffled_labels,66,3,motifbridge,0.09374997019767761,0.14062500558793545
shuffled_labels,66,3,phasenest,0.1875000298023224,0.14062500558793545
shuffled_labels,66,3,phasesar,0.25,0.14062500558793545
shuffled_labels,66,3,quorumweave,0.0625,0.14062500558793545
shuffled_labels,66,3,shardbloom,0.1562500298023224,0.14062500558793545
shuffled_labels,66,4,anchorshift,0.15624991059303284,0.1835937276482582
shuffled_labels,66,4,driftgate,0.18749995529651642,0.1835937276482582
shuffled_labels,66,4,fluxpatch,0.125,0.1835937276482582
shuffled_labels,66,4,motifbridge,0.03124995529651642,0.1835937276482582
shuffled_labels,66,4,phasenest,0.3125,0.1835937276482582
shuffled_labels,66,4,phasesar,0.1875,0.1835937276482582
shuffled_labels,66,4,quorumweave,0.1874999701976776,0.1835937276482582
shuffled_labels,66,4,shardbloom,0.2812500298023224,0.1835937276482582
shuffled_labels,66,5,anchorshift,0.1874999701976776,0.1992187350988388
shuffled_labels,66,5,driftgate,0.21875,0.1992187350988388
shuffled_labels,66,5,fluxpatch,0.1562499701976776,0.1992187350988388
shuffled_labels,66,5,motifbridge,0.031249970197677612,0.1992187350988388
shuffled_labels,66,5,phasenest,0.3749999701976776,0.1992187350988388
shuffled_labels,66,5,phasesar,0.15625,0.1992187350988388
shuffled_labels,66,5,quorumweave,0.15625,0.1992187350988388
shuffled_labels,66,5,shardbloom,0.3125,0.1992187350988388
shuffled_labels,66,6,anchorshift,0.12499997019767761,0.21484374068677425
shuffled_labels,66,6,driftgate,0.2187499850988388,0.21484374068677425
shuffled_labels,66,6,fluxpatch,0.125,0.21484374068677425
shuffled_labels,66,6,motifbridge,0.09374997019767761,0.21484374068677425
shuffled_labels,66,6,phasenest,0.375,0.21484374068677425
shuffled_labels,66,6,phasesar,0.25,0.21484374068677425
shuffled_labels,66,6,quorumweave,0.2499999701976776,0.21484374068677425
shuffled_labels,66,6,shardbloom,0.2812500298023224,0.21484374068677425
shuffled_labels,66,7,anchorshift,0.1562499701976776,0.22656249813735485
shuffled_labels,66,7,driftgate,0.1874999850988388,0.22656249813735485
shuffled_labels,66,7,fluxpatch,0.2500000298023224,0.22656249813735485
shuffled_labels,66,7,motifbridge,0.09374997019767761,0.22656249813735485
shuffled_labels,66,7,phasenest,0.28125,0.22656249813735485
shuffled_labels,66,7,phasesar,0.25,0.22656249813735485
shuffled_labels,66,7,quorumweave,0.21875,0.22656249813735485
shuffled_labels,66,7,shardbloom,0.3750000298023224,0.22656249813735485
shuffled_labels,66,8,anchorshift,0.15624994039535522,0.21484373789280653
shuffled_labels,66,8,driftgate,0.21875,0.21484373789280653
shuffled_labels,66,8,fluxpatch,0.1875,0.21484373789280653
shuffled_labels,66,8,motifbridge,0.09374994784593582,0.21484373789280653
shuffled_labels,66,8,phasenest,0.3125,0.21484373789280653
shuffled_labels,66,8,phasesar,0.1874999850988388,0.21484373789280653
shuffled_labels,66,8,quorumweave,0.3125,0.21484373789280653
shuffled_labels,66,8,shardbloom,0.2500000298023224,0.21484373789280653
shuffled_labels,67,1,anchorshift,0.0625,0.0546874925494194
shuffled_labels,67,1,driftgate,-0.03125,0.0546874925494194
shuffled_labels,67,1,fluxpatch,0.09375,0.0546874925494194
shuffled_labels,67,1,motifbridge,-4.470348358154297e-08,0.0546874925494194
shuffled_labels,67,1,phasenest,0.12499997019767761,0.0546874925494194
shuffled_labels,67,1,phasesar,0.062499985098838806,0.0546874925494194
shuffled_labels,67,1,quorumweave,0.0625,0.0546874925494194
shuffled_labels,67,1,shardbloom,0.06250002980232239,0.0546874925494194
shuffled_labels,67,2,anchorshift,0.15624988079071045,0.10156248323619366
shuffled_labels,67,2,driftgate,0.03125,0.10156248323619366
shuffled_labels,67,2,fluxpatch,0.15625,0.10156248323619366
shuffled_labels,67,2,motifbridge,0.06249995529651642,0.10156248323619366
shuffled_labels,67,2,phasenest,0.125,0.10156248323619366
shuffled_labels,67,2,phasesar,0.09375,0.10156248323619366
shuffled_labels,67,2,quorumweave,0.0625,0.10156248323619366
shuffled_labels,67,2,shardbloom,0.1250000298023224,0.10156248323619366
shuffled_labels,67,3,anchorshift,0.12499997019767761,0.08203124534338713
shuffled_labels,67,3,driftgate,0.03125,0.08203124534338713
shuffled_labels,67,3,fluxpatch,0.1250000298023224,0.08203124534338713
shuffled_labels,67,3,motifbridge,0.031249970197677612,0.08203124534338713
shuffled_labels,67,3,phasenest,0.12499997019767761,0.08203124534338713
shuffled_labels,67,3,phasesar,0.0625,0.08203124534338713
shuffled_labels,67,3,quorumweave,0.031249992549419403,0.08203124534338713
shuffled_labels,67,3,shardbloom,0.1250000298023224,0.08203124534338713
shuffled_labels,67,4,anchorshift,0.06249997019767761,0.0703124962747097
shuffled_labels,67,4,driftgate,-0.03125,0.0703124962747097
shuffled_labels,67,4,fluxpatch,0.15625,0.0703124962747097
shuffled_labels,67,4,motifbridge,-0.03125002980232239,0.0703124962747097
shuffled_labels,67,4,phasenest,0.09375,0.0703124962747097
shuffled_labels,67,4,phasesar,0.09375,0.0703124962747097
shuffled_labels,67,4,quorumweave,0.125,0.0703124962747097
shuffled_labels,67,4,shardbloom,0.09375002980232239,0.0703124962747097
shuffled_labels,67,5,anchorshift,0.12499997019767761,0.15234374813735485
shuffled_labels,67,5,driftgate,0.09375,0.15234374813735485
shuffled_labels,67,5,fluxpatch,0.21875,0.15234374813735485
shuffled_labels,67,5,motifbridge,0.06249997019767761,0.15234374813735485
shuffled_labels,67,5,phasenest,0.25,0.15234374813735485
shuffled_labels,67,5,phasesar,0.1562500149011612,0.15234374813735485
shuffled_labels,67,5,quorumweave,0.125,0.15234374813735485
shuffled_labels,67,5,shardbloom,0.1875000298023224,0.15234374813735485
shuffled_labels,67,6,anchorshift,0.1874999701976776,0.14453124813735485
shuffled_labels,67,6,driftgate,0.1250000149011612,0.14453124813735485
shuffled_labels,67,6,fluxpatch,0.09375,0.14453124813735485
shuffled_labels,67,6,motifbridge,-0.031249985098838806,0.14453124813735485
shuffled_labels,67,6,phasenest,0.2499999701976776,0.14453124813735485
shuffled_labels,67,6,phasesar,0.1875,0.14453124813735485
shuffled_labels,67,6,quorumweave,0.0937499850988388,0.14453124813735485
shuffled_labels,67,6,shardbloom,0.2500000298023224,0.14453124813735485
shuffled_labels,67,7,anchorshift,0.12499997019767761,0.13671874348074198
shuffled_labels,67,7,driftgate,0.0937500149011612,0.13671874348074198
shuffled_labels,67,7,fluxpatch,0.15625,0.13671874348074198
shuffled_labels,67,7,motifbridge,0.03124995529651642,0.13671874348074198
shuffled_labels,67,7,phasenest,0.2187499776482582,0.13671874348074198
shuffled_labels,67,7,phasesar,0.21875,0.13671874348074198
shuffled_labels,67,7,quorumweave,0.09375,0.13671874348074198
shuffled_labels,67,7,shardbloom,0.1562500298023224,0.13671874348074198
shuffled_labels,67,8,anchorshift,0.1874999701976776,0.17187499813735485
shuffled_labels,67,8,driftgate,0.09375,0.17187499813735485
shuffled_labels,67,8,fluxpatch,0.1875,0.17187499813735485
shuffled_labels,67,8,motifbridge,0.031249970197677612,0.17187499813735485
shuffled_labels,67,8,phasenest,0.3125,0.17187499813735485
shuffled_labels,67,8,phasesar,0.1875000149011612,0.17187499813735485
shuffled_labels,67,8,quorumweave,0.15625,0.17187499813735485
shuffled_labels,67,8,shardbloom,0.2187500298023224,0.17187499813735485
shuffled_labels,68,1,anchorshift,0.062499940395355225,-1.5832483768463135e-08
shuffled_labels,68,1,driftgate,-0.0312500074505806,-1.5832483768463135e-08
shuffled_labels,68,1,fluxpatch,-1.4901161193847656e-08,-1.5832483768463135e-08
shuffled_labels,68,1,motifbridge,-0.06250004470348358,-1.5832483768463135e-08
shuffled_labels,68,1,phasenest,-0.03125,-1.5832483768463135e-08
shuffled_labels,68,1,phasesar,0.03125,-1.5832483768463135e-08
shuffled_labels,68,1,quorumweave,0.03125,-1.5832483768463135e-08
shuffled_labels,68,1,shardbloom,0.0,-1.5832483768463135e-08
shuffled_labels,68,2,anchorshift,0.09374994039535522,0.08203124813735485
shuffled_labels,68,2,driftgate,0.0937500149011612,0.08203124813735485
shuffled_labels,68,2,fluxpatch,0.0937499850988388,0.08203124813735485
shuffled_labels,68,2,motifbridge,0.09374997019767761,0.08203124813735485
shuffled_labels,68,2,phasenest,0.09375002980232239,0.08203124813735485
shuffled_labels,68,2,phasesar,1.4901161193847656e-08,0.08203124813735485
shuffled_labels,68,2,quorumweave,0.125,0.08203124813735485
shuffled_labels,68,2,shardbloom,0.06250002980232239,0.08203124813735485
shuffled_labels,68,3,anchorshift,0.18749994039535522,0.12109374348074198
shuffled_labels,68,3,driftgate,0.09374997764825821,0.12109374348074198
shuffled_labels,68,3,fluxpatch,0.125,0.12109374348074198
shuffled_labels,68,3,motifbridge,0.09374997019767761,0.12109374348074198
shuffled_labels,68,3,phasenest,0.15625,0.12109374348074198
shuffled_labels,68,3,phasesar,0.0625,0.12109374348074198
shuffled_labels,68,3,quorumweave,0.125,0.12109374348074198
shuffled_labels,68,3,shardbloom,0.12500005960464478,0.12109374348074198
shuffled_labels,68,4,anchorshift,0.12499997019767761,0.17578124441206455
shuffled_labels,68,4,driftgate,0.1874999701976776,0.17578124441206455
shuffled_labels,68,4,fluxpatch,0.2499999850988388,0.17578124441206455
shuffled_labels,68,4,motifbridge,0.09374997019767761,0.17578124441206455
shuffled_labels,68,4,phasenest,0.28125,0.17578124441206455
shuffled_labels,68,4,phasesar,0.1250000298023224,0.17578124441206455
shuffled_labels,68,4,quorumweave,0.15625,0.17578124441206455
shuffled_labels,68,4,shardbloom,0.1875000298023224,0.17578124441206455
shuffled_labels,68,5,anchorshift,0.0625,0.13671875931322575
shuffled_labels,68,5,driftgate,0.0937500149011612,0.13671875931322575
shuffled_labels,68,5,fluxpatch,0.15625,0.13671875931322575
shuffled_labels,68,5,motifbridge,0.06249997019767761,0.13671875931322575
shuffled_labels,68,5,phasenest,0.25,0.13671875931322575
shuffled_labels,68,5,phasesar,0.09375,0.13671875931322575
shuffled_labels,68,5,quorumweave,0.15625005960464478,0.13671875931322575
shuffled_labels,68,5,shardbloom,0.2187500298023224,0.13671875931322575
shuffled_labels,68,6,anchorshift,0.12499997019767761,0.17578124348074198
shuffled_labels,68,6,driftgate,0.1875,0.17578124348074198
shuffled_labels,68,6,fluxpatch,0.2187499701976776,0.17578124348074198
shuffled_labels,68,6,motifbridge,0.12499997764825821,0.17578124348074198
shuffled_labels,68,6,phasenest,0.25,0.17578124348074198
shuffled_labels,68,6,phasesar,0.0625,0.17578124348074198
shuffled_labels,68,6,quorumweave,0.21875,0.17578124348074198
shuffled_labels,68,6,shardbloom,0.2187500298023224,0.17578124348074198
shuffled_labels,68,7,anchorshift,0.09374994039535522,0.17578124161809683
shuffled_labels,68,7,driftgate,0.09375,0.17578124161809683
shuffled_labels,68,7,fluxpatch,0.2187499850988388,0.17578124161809683
shuffled_labels,68,7,motifbridge,0.09374997019767761,0.17578124161809683
shuffled_labels,68,7,phasenest,0.2812499701976776,0.17578124161809683
shuffled_labels,68,7,phasesar,0.125,0.17578124161809683
shuffled_labels,68,7,quorumweave,0.250000037252903,0.17578124161809683
shuffled_labels,68,7,shardbloom,0.2500000298023224,0.17578124161809683
shuffled_labels,68,8,anchorshift,0.12499997019767761,0.27343749441206455
shuffled_labels,68,8,driftgate,0.2812500149011612,0.27343749441206455
shuffled_labels,68,8,fluxpatch,0.3750000149011612,0.27343749441206455
shuffled_labels,68,8,motifbridge,0.09374997019767761,0.27343749441206455
shuffled_labels,68,8,phasenest,0.5,0.27343749441206455
shuffled_labels,68,8,phasesar,0.1874999701976776,0.27343749441206455
shuffled_labels,68,8,quorumweave,0.3437499850988388,0.27343749441206455
shuffled_labels,68,8,shardbloom,0.2812500298023224,0.27343749441206455
shuffled_labels,69,1,anchorshift,-0.03125,-0.02734374813735485
shuffled_labels,69,1,driftgate,-0.0937500149011612,-0.02734374813735485
shuffled_labels,69,1,fluxpatch,-1.4901161193847656e-08,-0.02734374813735485
shuffled_labels,69,1,motifbridge,-2.9802322387695312e-08,-0.02734374813735485
shuffled_labels,69,1,phasenest,-0.09374995529651642,-0.02734374813735485
shuffled_labels,69,1,phasesar,0.03125,-0.02734374813735485
shuffled_labels,69,1,quorumweave,-0.03125,-0.02734374813735485
shuffled_labels,69,1,shardbloom,2.9802322387695312e-08,-0.02734374813735485
shuffled_labels,69,2,anchorshift,-2.9802322387695312e-08,0.011718742549419403
shuffled_labels,69,2,driftgate,-0.09375,0.011718742549419403
shuffled_labels,69,2,fluxpatch,0.03125,0.011718742549419403
shuffled_labels,69,2,motifbridge,-1.4901161193847656e-08,0.011718742549419403
shuffled_labels,69,2,phasenest,0.06249997019767761,0.011718742549419403
shuffled_labels,69,2,phasesar,0.031249985098838806,0.011718742549419403
shuffled_labels,69,2,quorumweave,0.03125,0.011718742549419403
shuffled_labels,69,2,shardbloom,0.03125002980232239,0.011718742549419403
shuffled_labels,69,3,anchorshift,0.031249970197677612,0.0429687425494194
shuffled_labels,69,3,driftgate,0.031249985098838806,0.0429687425494194
shuffled_labels,69,3,fluxpatch,0.09374997019767761,0.0429687425494194
shuffled_labels,69,3,motifbridge,0.06249997019767761,0.0429687425494194
shuffled_labels,69,3,phasenest,1.4901161193847656e-08,0.0429687425494194
shuffled_labels,69,3,phasesar,0.0625,0.0429687425494194
shuffled_labels,69,3,quorumweave,0.0625,0.0429687425494194
shuffled_labels,69,3,shardbloom,2.9802322387695312e-08,0.0429687425494194
shuffled_labels,69,4,anchorshift,0.031249970197677612,0.03906249441206455
shuffled_labels,69,4,driftgate,-0.0625,0.03906249441206455
shuffled_labels,69,4,fluxpatch,0.031249970197677612,0.03906249441206455
shuffled_labels,69,4,motifbridge,0.09374995529651642,0.03906249441206455
shuffled_labels,69,4,phasenest,0.0625000149011612,0.03906249441206455
shuffled_labels,69,4,phasesar,0.03125,0.03906249441206455
shuffled_labels,69,4,quorumweave,0.0625000149011612,0.03906249441206455
shuffled_labels,69,4,shardbloom,0.06250002980232239,0.03906249441206455
shuffled_labels,69,5,anchorshift,-0.03125002980232239,0.003906247206032276
shuffled_labels,69,5,driftgate,-0.09375,0.003906247206032276
shuffled_labels,69,5,fluxpatch,0.0,0.003906247206032276
shuffled_labels,69,5,motifbridge,0.031249970197677612,0.003906247206032276
shuffled_labels,69,5,phasenest,0.03125,0.003906247206032276
shuffled_labels,69,5,phasesar,0.0312500074505806,0.003906247206032276
shuffled_labels,69,5,quorumweave,0.0,0.003906247206032276
shuffled_labels,69,5,shardbloom,0.06250002980232239,0.003906247206032276
shuffled_labels,69,6,anchorshift,0.06249997019767761,0.0664062462747097
shuffled_labels,69,6,driftgate,-0.03125,0.0664062462747097
shuffled_labels,69,6,fluxpatch,0.15625,0.0664062462747097
shuffled_labels,69,6,motifbridge,0.03124995529651642,0.0664062462747097
shuffled_labels,69,6,phasenest,0.125,0.0664062462747097
shuffled_labels,69,6,phasesar,0.09375,0.0664062462747097
shuffled_labels,69,6,quorumweave,0.03125004470348358,0.0664062462747097
shuffled_labels,69,6,shardbloom,0.0625,0.0664062462747097
shuffled_labels,69,7,anchorshift,-0.031250059604644775,0.07812497671693563
shuffled_labels,69,7,driftgate,-2.9802322387695312e-08,0.07812497671693563
shuffled_labels,69,7,fluxpatch,0.09375,0.07812497671693563
shuffled_labels,69,7,motifbridge,0.06249995529651642,0.07812497671693563
shuffled_labels,69,7,phasenest,0.21874995529651642,0.07812497671693563
shuffled_labels,69,7,phasesar,0.125,0.07812497671693563
shuffled_labels,69,7,quorumweave,0.062499985098838806,0.07812497671693563
shuffled_labels,69,7,shardbloom,0.0937500074505806,0.07812497671693563
shuffled_labels,69,8,anchorshift,-0.06250002980232239,0.031249990686774254
shuffled_labels,69,8,driftgate,-0.031250014901161194,0.031249990686774254
shuffled_labels,69,8,fluxpatch,0.09375,0.031249990686774254
shuffled_labels,69,8,motifbridge,0.031249970197677612,0.031249990686774254
shuffled_labels,69,8,phasenest,0.06249997019767761,0.031249990686774254
shuffled_labels,69,8,phasesar,0.0625,0.031249990686774254
shuffled_labels,69,8,quorumweave,0.0625,0.031249990686774254
shuffled_labels,69,8,shardbloom,0.03125002980232239,0.031249990686774254
shuffled_labels,70,1,anchorshift,-8.940696716308594e-08,-0.015625009313225746
shuffled_labels,70,1,driftgate,-0.0625,-0.015625009313225746
shuffled_labels,70,1,fluxpatch,-0.03125,-0.015625009313225746
shuffled_labels,70,1,motifbridge,0.062499985098838806,-0.015625009313225746
shuffled_labels,70,1,phasenest,-0.0625,-0.015625009313225746
shuffled_labels,70,1,phasesar,-0.0625,-0.015625009313225746
shuffled_labels,70,1,quorumweave,0.0,-0.015625009313225746
shuffled_labels,70,1,shardbloom,0.03125002980232239,-0.015625009313225746
shuffled_labels,70,2,anchorshift,-2.9802322387695312e-08,-0.015625013038516045
shuffled_labels,70,2,driftgate,-0.03125,-0.015625013038516045
shuffled_labels,70,2,fluxpatch,0.0,-0.015625013038516045
shuffled_labels,70,2,motifbridge,-2.9802322387695312e-08,-0.015625013038516045
shuffled_labels,70,2,phasenest,0.031249970197677612,-0.015625013038516045
shuffled_labels,70,2,phasesar,-0.0625,-0.015625013038516045
shuffled_labels,70,2,quorumweave,-0.0937500149011612,-0.015625013038516045
shuffled_labels,70,2,shardbloom,0.03125,-0.015625013038516045
shuffled_labels,70,3,anchorshift,0.125,0.18749999813735485
shuffled_labels,70,3,driftgate,0.1562499850988388,0.18749999813735485
shuffled_labels,70,3,fluxpatch,0.21875,0.18749999813735485
shuffled_labels,70,3,motifbridge,0.12499997019767761,0.18749999813735485
shuffled_labels,70,3,phasenest,0.3124999850988388,0.18749999813735485
shuffled_labels,70,3,phasesar,0.1250000223517418,0.18749999813735485
shuffled_labels,70,3,quorumweave,0.21874996274709702,0.18749999813735485
shuffled_labels,70,3,shardbloom,0.21875005960464478,0.18749999813735485
shuffled_labels,70,4,anchorshift,0.09374997019767761,0.2460937537252903
shuffled_labels,70,4,driftgate,0.21875,0.2460937537252903
shuffled_labels,70,4,fluxpatch,0.2812500149011612,0.2460937537252903
shuffled_labels,70,4,motifbridge,0.09374997019767761,0.2460937537252903
shuffled_labels,70,4,phasenest,0.46875,0.2460937537252903
shuffled_labels,70,4,phasesar,0.2187500298023224,0.2460937537252903
shuffled_labels,70,4,quorumweave,0.3125000149011612,0.2460937537252903
shuffled_labels,70,4,shardbloom,0.2812500298023224,0.2460937537252903
shuffled_labels,70,5,anchorshift,0.1562499701976776,0.253906243480742
shuffled_labels,70,5,driftgate,0.21875,0.253906243480742
shuffled_labels,70,5,fluxpatch,0.28125,0.253906243480742
shuffled_labels,70,5,motifbridge,0.12499997019767761,0.253906243480742
shuffled_labels,70,5,phasenest,0.3749999850988388,0.253906243480742
shuffled_labels,70,5,phasesar,0.2500000074505806,0.253906243480742
shuffled_labels,70,5,quorumweave,0.3437499850988388,0.253906243480742
shuffled_labels,70,5,shardbloom,0.2812500298023224,0.253906243480742
shuffled_labels,70,6,anchorshift,0.12499995529651642,0.24609374534338713
shuffled_labels,70,6,driftgate,0.1875,0.24609374534338713
shuffled_labels,70,6,fluxpatch,0.25,0.24609374534338713
shuffled_labels,70,6,motifbridge,0.12499997019767761,0.24609374534338713
shuffled_labels,70,6,phasenest,0.4375,0.24609374534338713
shuffled_labels,70,6,phasesar,0.2499999850988388,0.24609374534338713
shuffled_labels,70,6,quorumweave,0.2812499925494194,0.24609374534338713
shuffled_labels,70,6,shardbloom,0.3125000596046448,0.24609374534338713
shuffled_labels,70,7,anchorshift,0.1562500149011612,0.2656249925494194
shuffled_labels,70,7,driftgate,0.2187499701976776,0.2656249925494194
shuffled_labels,70,7,fluxpatch,0.28125,0.2656249925494194
shuffled_labels,70,7,motifbridge,0.09374997019767761,0.2656249925494194
shuffled_labels,70,7,phasenest,0.5,0.2656249925494194
shuffled_labels,70,7,phasesar,0.28125,0.2656249925494194
shuffled_labels,70,7,quorumweave,0.2812499850988388,0.2656249925494194
shuffled_labels,70,7,shardbloom,0.3125,0.2656249925494194
shuffled_labels,70,8,anchorshift,0.1562499701976776,0.2656249925494194
shuffled_labels,70,8,driftgate,0.25,0.2656249925494194
shuffled_labels,70,8,fluxpatch,0.28125,0.2656249925494194
shuffled_labels,70,8,motifbridge,0.09374997019767761,0.2656249925494194
shuffled_labels,70,8,phasenest,0.4375,0.2656249925494194
shuffled_labels,70,8,phasesar,0.25,0.2656249925494194
shuffled_labels,70,8,quorumweave,0.3124999701976776,0.2656249925494194
shuffled_labels,70,8,shardbloom,0.3437500298023224,0.2656249925494194
shuffled_labels,71,1,anchorshift,0.062499940395355225,0.0351562425494194
shuffled_labels,71,1,driftgate,0.0,0.0351562425494194
shuffled_labels,71,1,fluxpatch,0.09375,0.0351562425494194
shuffled_labels,71,1,motifbridge,0.031249970197677612,0.0351562425494194
shuffled_labels,71,1,phasenest,0.0625,0.0351562425494194
shuffled_labels,71,1,phasesar,-0.0625,0.0351562425494194
shuffled_labels,71,1,quorumweave,0.03125,0.0351562425494194
shuffled_labels,71,1,shardbloom,0.06250002980232239,0.0351562425494194
shuffled_labels,71,2,anchorshift,0.0625,0.042968749068677425
shuffled_labels,71,2,driftgate,0.062499985098838806,0.042968749068677425
shuffled_labels,71,2,fluxpatch,0.03125,0.042968749068677425
shuffled_labels,71,2,motifbridge,0.03124997764825821,0.042968749068677425
shuffled_labels,71,2,phasenest,0.03125,0.042968749068677425
shuffled_labels,71,2,phasesar,0.03125,0.042968749068677425
shuffled_labels,71,2,quorumweave,0.03125,0.042968749068677425
shuffled_labels,71,2,shardbloom,0.06250002980232239,0.042968749068677425
shuffled_labels,71,3,anchorshift,0.125,0.0351562574505806
shuffled_labels,71,3,driftgate,0.03125,0.0351562574505806
shuffled_labels,71,3,fluxpatch,-0.031249985098838806,0.0351562574505806
shuffled_labels,71,3,motifbridge,-5.960464477539063e-08,0.0351562574505806
shuffled_labels,71,3,phasenest,0.0,0.0351562574505806
shuffled_labels,71,3,phasesar,0.09375007450580597,0.0351562574505806
shuffled_labels,71,3,quorumweave,0.03125,0.0351562574505806
shuffled_labels,71,3,shardbloom,0.03125002980232239,0.0351562574505806
shuffled_labels,71,4,anchorshift,0.062499940395355225,0.0273437462747097
shuffled_labels,71,4,driftgate,0.03125,0.0273437462747097
shuffled_labels,71,4,fluxpatch,-0.09375,0.0273437462747097
shuffled_labels,71,4,motifbridge,-0.0625000149011612,0.0273437462747097
shuffled_labels,71,4,phasenest,0.0625000149011612,0.0273437462747097
shuffled_labels,71,4,phasesar,0.0625,0.0273437462747097
shuffled_labels,71,4,quorumweave,0.125,0.0273437462747097
shuffled_labels,71,4,shardbloom,0.03125002980232239,0.0273437462747097
shuffled_labels,71,5,anchorshift,0.06249991059303284,0.17578123696148396
shuffled_labels,71,5,driftgate,0.18749996274709702,0.17578123696148396
shuffled_labels,71,5,fluxpatch,0.06250002980232239,0.17578123696148396
shuffled_labels,71,5,motifbridge,0.1249999850988388,0.17578123696148396
shuffled_labels,71,5,phasenest,0.3437500074505806,0.17578123696148396
shuffled_labels,71,5,phasesar,0.25,0.17578123696148396
shuffled_labels,71,5,quorumweave,0.1875,0.17578123696148396
shuffled_labels,71,5,shardbloom,0.1875,0.17578123696148396
shuffled_labels,71,6,anchorshift,0.12499994039535522,0.1914062462747097
shuffled_labels,71,6,driftgate,0.21875,0.1914062462747097
shuffled_labels,71,6,fluxpatch,0.15625,0.1914062462747097
shuffled_labels,71,6,motifbridge,0.09374997019767761,0.1914062462747097
shuffled_labels,71,6,phasenest,0.3750000149011612,0.1914062462747097
shuffled_labels,71,6,phasesar,0.15625,0.1914062462747097
shuffled_labels,71,6,quorumweave,0.1875000149011612,0.1914062462747097
shuffled_labels,71,6,shardbloom,0.2187500298023224,0.1914062462747097
shuffled_labels,71,7,anchorshift,0.125,0.2421875037252903
shuffled_labels,71,7,driftgate,0.2187500298023224,0.2421875037252903
shuffled_labels,71,7,fluxpatch,0.1875,0.2421875037252903
shuffled_labels,71,7,motifbridge,0.12499997019767761,0.2421875037252903
shuffled_labels,71,7,phasenest,0.5,0.2421875037252903
shuffled_labels,71,7,phasesar,0.21875,0.2421875037252903
shuffled_labels,71,7,quorumweave,0.28125,0.2421875037252903
shuffled_labels,71,7,shardbloom,0.2812500298023224,0.2421875037252903
shuffled_labels,71,8,anchorshift,0.031249970197677612,0.24609374441206455
shuffled_labels,71,8,driftgate,0.2499999850988388,0.24609374441206455
shuffled_labels,71,8,fluxpatch,0.25,0.24609374441206455
shuffled_labels,71,8,motifbridge,0.1874999850988388,0.24609374441206455
shuffled_labels,71,8,phasenest,0.4375,0.24609374441206455
shuffled_labels,71,8,phasesar,0.2187499850988388,0.24609374441206455
shuffled_labels,71,8,quorumweave,0.28125,0.24609374441206455
shuffled_labels,71,8,shardbloom,0.3125000298023224,0.24609374441206455
shuffled_labels,72,1,anchorshift,-0.06250002980232239,-0.031250002793967724
shuffled_labels,72,1,driftgate,-0.0625000074505806,-0.031250002793967724
shuffled_labels,72,1,fluxpatch,-0.0625,-0.031250002793967724
shuffled_labels,72,1,motifbridge,-2.9802322387695312e-08,-0.031250002793967724
shuffled_labels,72,1,phasenest,-0.031249985098838806,-0.031250002793967724
shuffled_labels,72,1,phasesar,0.0625,-0.031250002793967724
shuffled_labels,72,1,quorumweave,-0.03125,-0.031250002793967724
shuffled_labels,72,1,shardbloom,-0.06249997019767761,-0.031250002793967724
shuffled_labels,72,2,anchorshift,0.06249997019767761,0.0703125
shuffled_labels,72,2,driftgate,4.470348358154297e-08,0.0703125
shuffled_labels,72,2,fluxpatch,0.06249995529651642,0.0703125
shuffled_labels,72,2,motifbridge,-0.06250002980232239,0.0703125
shuffled_labels,72,2,phasenest,0.15625004470348358,0.0703125
shuffled_labels,72,2,phasesar,0.1249999850988388,0.0703125
shuffled_labels,72,2,quorumweave,0.09375,0.0703125
shuffled_labels,72,2,shardbloom,0.1250000298023224,0.0703125
shuffled_labels,72,3,anchorshift,-2.9802322387695312e-08,0.0507812462747097
shuffled_labels,72,3,driftgate,-0.03125002980232239,0.0507812462747097
shuffled_labels,72,3,fluxpatch,0.0625,0.0507812462747097
shuffled_labels,72,3,motifbridge,0.031249985098838806,0.0507812462747097
shuffled_labels,72,3,phasenest,0.125,0.0507812462747097
shuffled_labels,72,3,phasesar,0.0625000149011612,0.0507812462747097
shuffled_labels,72,3,quorumweave,0.0625,0.0507812462747097
shuffled_labels,72,3,shardbloom,0.09375002980232239,0.0507812462747097
shuffled_labels,72,4,anchorshift,-2.9802322387695312e-08,0.019531250931322575
shuffled_labels,72,4,driftgate,-0.0625,0.019531250931322575
shuffled_labels,72,4,fluxpatch,-0.03125,0.019531250931322575
shuffled_labels,72,4,motifbridge,-0.03125002980232239,0.019531250931322575
shuffled_labels,72,4,phasenest,0.09375002235174179,0.019531250931322575
shuffled_labels,72,4,phasesar,0.1250000149011612,0.019531250931322575
shuffled_labels,72,4,quorumweave,0.0,0.019531250931322575
shuffled_labels,72,4,shardbloom,0.06250002980232239,0.019531250931322575
shuffled_labels,72,5,anchorshift,0.031249970197677612,0.050781247206032276
shuffled_labels,72,5,driftgate,0.0,0.050781247206032276
shuffled_labels,72,5,fluxpatch,0.0625,0.050781247206032276
shuffled_labels,72,5,motifbridge,-2.9802322387695312e-08,0.050781247206032276
shuffled_labels,72,5,phasenest,0.125,0.050781247206032276
shuffled_labels,72,5,phasesar,0.0625,0.050781247206032276
shuffled_labels,72,5,quorumweave,0.0312500074505806,0.050781247206032276
shuffled_labels,72,5,shardbloom,0.09375002980232239,0.050781247206032276
shuffled_labels,72,6,anchorshift,0.09374997019767761,0.0625000037252903
shuffled_labels,72,6,driftgate,-1.4901161193847656e-08,0.0625000037252903
shuffled_labels,72,6,fluxpatch,0.125,0.0625000037252903
shuffled_labels,72,6,motifbridge,0.09375,0.0625000037252903
shuffled_labels,72,6,phasenest,0.09375002980232239,0.0625000037252903
shuffled_labels,72,6,phasesar,0.1250000149011612,0.0625000037252903
shuffled_labels,72,6,quorumweave,0.0,0.0625000037252903
shuffled_labels,72,6,shardbloom,-0.031249970197677612,0.0625000037252903
shuffled_labels,72,7,anchorshift,0.062499940395355225,0.0742187462747097
shuffled_labels,72,7,driftgate,0.0,0.0742187462747097
shuffled_labels,72,7,fluxpatch,0.0625,0.0742187462747097
shuffled_labels,72,7,motifbridge,0.06249997019767761,0.0742187462747097
shuffled_labels,72,7,phasenest,0.1250000298023224,0.0742187462747097
shuffled_labels,72,7,phasesar,0.125,0.0742187462747097
shuffled_labels,72,7,quorumweave,0.09375,0.0742187462747097
shuffled_labels,72,7,shardbloom,0.06250002980232239,0.0742187462747097
shuffled_labels,72,8,anchorshift,-2.9802322387695312e-08,0.023437492549419403
shuffled_labels,72,8,driftgate,0.03125,0.023437492549419403
shuffled_labels,72,8,fluxpatch,0.0,0.023437492549419403
shuffled_labels,72,8,motifbridge,-2.9802322387695312e-08,0.023437492549419403
shuffled_labels,72,8,phasenest,0.09374995529651642,0.023437492549419403
shuffled_labels,72,8,phasesar,0.031250014901161194,0.023437492549419403
shuffled_labels,72,8,quorumweave,0.0,0.023437492549419403
shuffled_labels,72,8,shardbloom,0.03125002980232239,0.023437492549419403
shuffled_labels,73,1,anchorshift,0.1562499701976776,0.10546874813735485
shuffled_labels,73,1,driftgate,-0.031249985098838806,0.10546874813735485
shuffled_labels,73,1,fluxpatch,0.15625,0.10546874813735485
shuffled_labels,73,1,motifbridge,0.09374997019767761,0.10546874813735485
shuffled_labels,73,1,phasenest,0.125,0.10546874813735485
shuffled_labels,73,1,phasesar,0.0625,0.10546874813735485
shuffled_labels,73,1,quorumweave,0.125,0.10546874813735485
shuffled_labels,73,1,shardbloom,0.1562500298023224,0.10546874813735485
shuffled_labels,73,2,anchorshift,0.031249970197677612,0.05078124813735485
shuffled_labels,73,2,driftgate,0.0,0.05078124813735485
shuffled_labels,73,2,fluxpatch,0.09375,0.05078124813735485
shuffled_labels,73,2,motifbridge,0.0937499850988388,0.05078124813735485
shuffled_labels,73,2,phasenest,0.0,0.05078124813735485
shuffled_labels,73,2,phasesar,0.03125,0.05078124813735485
shuffled_labels,73,2,quorumweave,0.0625,0.05078124813735485
shuffled_labels,73,2,shardbloom,0.09375002980232239,0.05078124813735485
shuffled_labels,73,3,anchorshift,0.06249997019767761,0.12109374441206455
shuffled_labels,73,3,driftgate,0.1875000149011612,0.12109374441206455
shuffled_labels,73,3,fluxpatch,0.15625,0.12109374441206455
shuffled_labels,73,3,motifbridge,0.06249997019767761,0.12109374441206455
shuffled_labels,73,3,phasenest,0.0937499850988388,0.12109374441206455
shuffled_labels,73,3,phasesar,0.1250000149011612,0.12109374441206455
shuffled_labels,73,3,quorumweave,0.12499997019767761,0.12109374441206455
shuffled_labels,73,3,shardbloom,0.1562500298023224,0.12109374441206455
shuffled_labels,73,4,anchorshift,0.03125002980232239,0.10156250465661287
shuffled_labels,73,4,driftgate,0.09375,0.10156250465661287
shuffled_labels,73,4,fluxpatch,0.09375,0.10156250465661287
shuffled_labels,73,4,motifbridge,0.06249997019767761,0.10156250465661287
shuffled_labels,73,4,phasenest,0.1562500074505806,0.10156250465661287
shuffled_labels,73,4,phasesar,0.15625,0.10156250465661287
shuffled_labels,73,4,quorumweave,0.09375,0.10156250465661287
shuffled_labels,73,4,shardbloom,0.1250000298023224,0.10156250465661287
shuffled_labels,73,5,anchorshift,0.09375,0.1445312537252903
shuffled_labels,73,5,driftgate,0.125,0.1445312537252903
shuffled_labels,73,5,fluxpatch,0.125,0.1445312537252903
shuffled_labels,73,5,motifbridge,0.09374997019767761,0.1445312537252903
shuffled_labels,73,5,phasenest,0.1875,0.1445312537252903
shuffled_labels,73,5,phasesar,0.1875,0.1445312537252903
shuffled_labels,73,5,quorumweave,0.15625,0.1445312537252903
shuffled_labels,73,5,shardbloom,0.18750005960464478,0.1445312537252903
shuffled_labels,73,6,anchorshift,0.09374994039535522,0.16406249441206455
shuffled_labels,73,6,driftgate,0.1249999850988388,0.16406249441206455
shuffled_labels,73,6,fluxpatch,0.2499999701976776,0.16406249441206455
shuffled_labels,73,6,motifbridge,0.06249997019767761,0.16406249441206455
shuffled_labels,73,6,phasenest,0.2812500447034836,0.16406249441206455
shuffled_labels,73,6,phasesar,0.1874999850988388,0.16406249441206455
shuffled_labels,73,6,quorumweave,0.09375002980232239,0.16406249441206455
shuffled_labels,73,6,shardbloom,0.2187500298023224,0.16406249441206455
shuffled_labels,73,7,anchorshift,0.0625,0.1523437537252903
shuffled_labels,73,7,driftgate,0.09375,0.1523437537252903
shuffled_labels,73,7,fluxpatch,0.09374997019767761,0.1523437537252903
shuffled_labels,73,7,motifbridge,0.1562499850988388,0.1523437537252903
shuffled_labels,73,7,phasenest,0.28125,0.1523437537252903
shuffled_labels,73,7,phasesar,0.1875,0.1523437537252903
shuffled_labels,73,7,quorumweave,0.1250000149011612,0.1523437537252903
shuffled_labels,73,7,shardbloom,0.21875005960464478,0.1523437537252903
shuffled_labels,73,8,anchorshift,0.062499940395355225,0.16015624441206455
shuffled_labels,73,8,driftgate,0.15625,0.16015624441206455
shuffled_labels,73,8,fluxpatch,0.1875,0.16015624441206455
shuffled_labels,73,8,motifbridge,0.06249997019767761,0.16015624441206455
shuffled_labels,73,8,phasenest,0.3125,0.16015624441206455
shuffled_labels,73,8,phasesar,0.09375,0.16015624441206455
shuffled_labels,73,8,quorumweave,0.1875000149011612,0.16015624441206455
shuffled_labels,73,8,shardbloom,0.2187500298023224,0.16015624441206455
shuffled_labels,74,1,anchorshift,0.031249970197677612,0.027343754656612873
shuffled_labels,74,1,driftgate,2.9802322387695312e-08,0.027343754656612873
shuffled_labels,74,1,fluxpatch,-0.031249985098838806,0.027343754656612873
shuffled_labels,74,1,motifbridge,0.0625,0.027343754656612873
shuffled_labels,74,1,phasenest,0.06249997764825821,0.027343754656612873
shuffled_labels,74,1,phasesar,0.031250014901161194,0.027343754656612873
shuffled_labels,74,1,quorumweave,0.0625,0.027343754656612873
shuffled_labels,74,1,shardbloom,2.9802322387695312e-08,0.027343754656612873
shuffled_labels,74,2,anchorshift,0.06249997019767761,0.1054687462747097
shuffled_labels,74,2,driftgate,0.03125002980232239,0.1054687462747097
shuffled_labels,74,2,fluxpatch,0.0937499850988388,0.1054687462747097
shuffled_labels,74,2,motifbridge,0.0937499850988388,0.1054687462747097
shuffled_labels,74,2,phasenest,0.1562499701976776,0.1054687462747097
shuffled_labels,74,2,phasesar,0.21875,0.1054687462747097
shuffled_labels,74,2,quorumweave,0.125,0.1054687462747097
shuffled_labels,74,2,shardbloom,0.06250002980232239,0.1054687462747097
shuffled_labels,74,3,anchorshift,0.0625,0.1171875
shuffled_labels,74,3,driftgate,0.031250014901161194,0.1171875
shuffled_labels,74,3,fluxpatch,0.125,0.1171875
shuffled_labels,74,3,motifbridge,0.06249995529651642,0.1171875
shuffled_labels,74,3,phasenest,0.25,0.1171875
shuffled_labels,74,3,phasesar,0.15625,0.1171875
shuffled_labels,74,3,quorumweave,0.09375,0.1171875
shuffled_labels,74,3,shardbloom,0.1562500298023224,0.1171875
shuffled_labels,74,4,anchorshift,0.12499997019767761,0.15624998696148396
shuffled_labels,74,4,driftgate,0.1562500149011612,0.15624998696148396
shuffled_labels,74,4,fluxpatch,0.12499997019767761,0.15624998696148396
shuffled_labels,74,4,motifbridge,0.06249997019767761,0.15624998696148396
shuffled_labels,74,4,phasenest,0.3124999701976776,0.15624998696148396
shuffled_labels,74,4,phasesar,0.15625,0.15624998696148396
shuffled_labels,74,4,quorumweave,0.12499997019767761,0.15624998696148396
shuffled_labels,74,4,shardbloom,0.1875000298023224,0.15624998696148396
shuffled_labels,74,5,anchorshift,0.12499997019767761,0.20312499161809683
shuffled_labels,74,5,driftgate,0.18749995529651642,0.20312499161809683
shuffled_labels,74,5,fluxpatch,0.21875,0.20312499161809683
shuffled_labels,74,5,motifbridge,0.09374997019767761,0.20312499161809683
shuffled_labels,74,5,phasenest,0.3750000074505806,0.20312499161809683
shuffled_labels,74,5,phasesar,0.15625,0.20312499161809683
shuffled_labels,74,5,quorumweave,0.1875,0.20312499161809683
shuffled_labels,74,5,shardbloom,0.2812500298023224,0.20312499161809683
shuffled_labels,74,6,anchorshift,0.09374997019767761,0.16796875
shuffled_labels,74,6,driftgate,0.1250000149011612,0.16796875
shuffled_labels,74,6,fluxpatch,0.09375,0.16796875
shuffled_labels,74,6,motifbridge,0.09374997019767761,0.16796875
shuffled_labels,74,6,phasenest,0.3437500074505806,0.16796875
shuffled_labels,74,6,phasesar,0.1875000074505806,0.16796875
shuffled_labels,74,6,quorumweave,0.21875,0.16796875
shuffled_labels,74,6,shardbloom,0.1875000298023224,0.16796875
shuffled_labels,74,7,anchorshift,0.06249997019767761,0.23828124813735485
shuffled_labels,74,7,driftgate,0.28125,0.23828124813735485
shuffled_labels,74,7,fluxpatch,0.3125000149011612,0.23828124813735485
shuffled_labels,74,7,motifbridge,0.12499997019767761,0.23828124813735485
shuffled_labels,74,7,phasenest,0.40625,0.23828124813735485
shuffled_labels,74,7,phasesar,0.1875,0.23828124813735485
shuffled_labels,74,7,quorumweave,0.21875,0.23828124813735485
shuffled_labels,74,7,shardbloom,0.3125000298023224,0.23828124813735485
shuffled_labels,74,8,anchorshift,0.12499997019767761,0.2968749990686774
shuffled_labels,74,8,driftgate,0.3125000298023224,0.2968749990686774
shuffled_labels,74,8,fluxpatch,0.2812499776482582,0.2968749990686774
shuffled_labels,74,8,motifbridge,0.09374997019767761,0.2968749990686774
shuffled_labels,74,8,phasenest,0.46875,0.2968749990686774
shuffled_labels,74,8,phasesar,0.3437499850988388,0.2968749990686774
shuffled_labels,74,8,quorumweave,0.34375,0.2968749990686774
shuffled_labels,74,8,shardbloom,0.4062500596046448,0.2968749990686774
shuffled_labels,75,1,anchorshift,0.031249970197677612,0.007812498137354851
shuffled_labels,75,1,driftgate,1.4901161193847656e-08,0.007812498137354851
shuffled_labels,75,1,fluxpatch,-0.031250014901161194,0.007812498137354851
shuffled_labels,75,1,motifbridge,0.06249995529651642,0.007812498137354851
shuffled_labels,75,1,phasenest,0.03125002980232239,0.007812498137354851
shuffled_labels,75,1,phasesar,0.0,0.007812498137354851
shuffled_labels,75,1,quorumweave,0.0,0.007812498137354851
shuffled_labels,75,1,shardbloom,-0.031249970197677612,0.007812498137354851
shuffled_labels,75,2,anchorshift,0.1562499701976776,0.15234374348074198
shuffled_labels,75,2,driftgate,0.09375,0.15234374348074198
shuffled_labels,75,2,fluxpatch,0.1562499850988388,0.15234374348074198
shuffled_labels,75,2,motifbridge,0.062499985098838806,0.15234374348074198
shuffled_labels,75,2,phasenest,0.2500000074505806,0.15234374348074198
shuffled_labels,75,2,phasesar,0.1875,0.15234374348074198
shuffled_labels,75,2,quorumweave,0.09375,0.15234374348074198
shuffled_labels,75,2,shardbloom,0.21875,0.15234374348074198
shuffled_labels,75,3,anchorshift,0.12499994039535522,0.14843749348074198
shuffled_labels,75,3,driftgate,0.1250000074505806,0.14843749348074198
shuffled_labels,75,3,fluxpatch,0.125,0.14843749348074198
shuffled_labels,75,3,motifbridge,0.031249970197677612,0.14843749348074198
shuffled_labels,75,3,phasenest,0.3125,0.14843749348074198
shuffled_labels,75,3,phasesar,0.15625,0.14843749348074198
shuffled_labels,75,3,quorumweave,0.15625,0.14843749348074198
shuffled_labels,75,3,shardbloom,0.1562500298023224,0.14843749348074198
shuffled_labels,75,4,anchorshift,0.1874999701976776,0.24218749441206455
shuffled_labels,75,4,driftgate,0.21875,0.24218749441206455
shuffled_labels,75,4,fluxpatch,0.1875,0.24218749441206455
shuffled_labels,75,4,motifbridge,0.12499997019767761,0.24218749441206455
shuffled_labels,75,4,phasenest,0.4062499850988388,0.24218749441206455
shuffled_labels,75,4,phasesar,0.21875,0.24218749441206455
shuffled_labels,75,4,quorumweave,0.28125,0.24218749441206455
shuffled_labels,75,4,shardbloom,0.3125000298023224,0.24218749441206455
shuffled_labels,75,5,anchorshift,0.1875,0.2304687462747097
shuffled_labels,75,5,driftgate,0.28125,0.2304687462747097
shuffled_labels,75,5,fluxpatch,0.1874999850988388,0.2304687462747097
shuffled_labels,75,5,motifbridge,0.12499995529651642,0.2304687462747097
shuffled_labels,75,5,phasenest,0.375,0.2304687462747097
shuffled_labels,75,5,phasesar,0.28125,0.2304687462747097
shuffled_labels,75,5,quorumweave,0.1875,0.2304687462747097
shuffled_labels,75,5,shardbloom,0.2187500298023224,0.2304687462747097
shuffled_labels,75,6,anchorshift,0.12499995529651642,0.2265625037252903
shuffled_labels,75,6,driftgate,0.21875,0.2265625037252903
shuffled_labels,75,6,fluxpatch,0.25,0.2265625037252903
shuffled_labels,75,6,motifbridge,0.06249997019767761,0.2265625037252903
shuffled_labels,75,6,phasenest,0.4062500298023224,0.2265625037252903
shuffled_labels,75,6,phasesar,0.2500000447034836,0.2265625037252903
shuffled_labels,75,6,quorumweave,0.1875,0.2265625037252903
shuffled_labels,75,6,shardbloom,0.3125000298023224,0.2265625037252903
shuffled_labels,75,7,anchorshift,0.1562499850988388,0.28125
shuffled_labels,75,7,driftgate,0.3125000298023224,0.28125
shuffled_labels,75,7,fluxpatch,0.2499999701976776,0.28125
shuffled_labels,75,7,motifbridge,0.12499997019767761,0.28125
shuffled_labels,75,7,phasenest,0.4687500149011612,0.28125
shuffled_labels,75,7,phasesar,0.3125000149011612,0.28125
shuffled_labels,75,7,quorumweave,0.28125,0.28125
shuffled_labels,75,7,shardbloom,0.3437500149011612,0.28125
shuffled_labels,75,8,anchorshift,0.1562499701976776,0.2539062425494194
shuffled_labels,75,8,driftgate,0.28125,0.2539062425494194
shuffled_labels,75,8,fluxpatch,0.2499999701976776,0.2539062425494194
shuffled_labels,75,8,motifbridge,0.0937499850988388,0.2539062425494194
shuffled_labels,75,8,phasenest,0.40625,0.2539062425494194
shuffled_labels,75,8,phasesar,0.3125,0.2539062425494194
shuffled_labels,75,8,quorumweave,0.2187499850988388,0.2539062425494194
shuffled_labels,75,8,shardbloom,0.3125000298023224,0.2539062425494194
shuffled_labels,76,1,anchorshift,0.09374997019767761,0.07812500186264515
shuffled_labels,76,1,driftgate,1.4901161193847656e-08,0.07812500186264515
shuffled_labels,76,1,fluxpatch,0.15625,0.07812500186264515
shuffled_labels,76,1,motifbridge,0.0937500074505806,0.07812500186264515
shuffled_labels,76,1,phasenest,0.0937500074505806,0.07812500186264515
shuffled_labels,76,1,phasesar,0.062499985098838806,0.07812500186264515
shuffled_labels,76,1,quorumweave,0.03125,0.07812500186264515
shuffled_labels,76,1,shardbloom,0.09375002980232239,0.07812500186264515
shuffled_labels,76,2,anchorshift,0.12499997019767761,0.10546874720603228
shuffled_labels,76,2,driftgate,-0.03125,0.10546874720603228
shuffled_labels,76,2,fluxpatch,0.2187499701976776,0.10546874720603228
shuffled_labels,76,2,motifbridge,0.03125,0.10546874720603228
shuffled_labels,76,2,phasenest,0.1250000074505806,0.10546874720603228
shuffled_labels,76,2,phasesar,0.09375,0.10546874720603228
shuffled_labels,76,2,quorumweave,0.125,0.10546874720603228
shuffled_labels,76,2,shardbloom,0.1562500298023224,0.10546874720603228
shuffled_labels,76,3,anchorshift,0.09374997019767761,0.0703124962747097
shuffled_labels,76,3,driftgate,-0.03125,0.0703124962747097
shuffled_labels,76,3,fluxpatch,0.09375,0.0703124962747097
shuffled_labels,76,3,motifbridge,-2.9802322387695312e-08,0.0703124962747097
shuffled_labels,76,3,phasenest,0.125,0.0703124962747097
shuffled_labels,76,3,phasesar,0.09375,0.0703124962747097
shuffled_labels,76,3,quorumweave,0.0625,0.0703124962747097
shuffled_labels,76,3,shardbloom,0.1250000298023224,0.0703124962747097
shuffled_labels,76,4,anchorshift,0.12499997019767761,0.10156250279396772
shuffled_labels,76,4,driftgate,0.03125,0.10156250279396772
shuffled_labels,76,4,fluxpatch,0.18750005960464478,0.10156250279396772
shuffled_labels,76,4,motifbridge,-4.470348358154297e-08,0.10156250279396772
shuffled_labels,76,4,phasenest,0.1562500149011612,0.10156250279396772
shuffled_labels,76,4,phasesar,0.09375,0.10156250279396772
shuffled_labels,76,4,quorumweave,0.0624999925494194,0.10156250279396772
shuffled_labels,76,4,shardbloom,0.1562500298023224,0.10156250279396772
shuffled_labels,76,5,anchorshift,0.1562499701976776,0.05859374813735485
shuffled_labels,76,5,driftgate,-0.03125,0.05859374813735485
shuffled_labels,76,5,fluxpatch,0.2187500298023224,0.05859374813735485
shuffled_labels,76,5,motifbridge,-0.06250004470348358,0.05859374813735485
shuffled_labels,76,5,phasenest,0.0625,0.05859374813735485
shuffled_labels,76,5,phasesar,0.03125,0.05859374813735485
shuffled_labels,76,5,quorumweave,0.03125,0.05859374813735485
shuffled_labels,76,5,shardbloom,0.06250002980232239,0.05859374813735485
shuffled_labels,76,6,anchorshift,0.12499997019767761,0.0390624925494194
shuffled_labels,76,6,driftgate,-0.09375002980232239,0.0390624925494194
shuffled_labels,76,6,fluxpatch,0.1562500298023224,0.0390624925494194
shuffled_labels,76,6,motifbridge,-0.03125004470348358,0.0390624925494194
shuffled_labels,76,6,phasenest,0.03125,0.0390624925494194
shuffled_labels,76,6,phasesar,0.031250014901161194,0.0390624925494194
shuffled_labels,76,6,quorumweave,-0.031250014901161194,0.0390624925494194
shuffled_labels,76,6,shardbloom,0.1250000149011612,0.0390624925494194
shuffled_labels,76,7,anchorshift,0.1874999701976776,0.07421875
shuffled_labels,76,7,driftgate,-0.03125,0.07421875
shuffled_labels,76,7,fluxpatch,0.1875,0.07421875
shuffled_labels,76,7,motifbridge,0.03124995529651642,0.07421875
shuffled_labels,76,7,phasenest,0.0937500149011612,0.07421875
shuffled_labels,76,7,phasesar,-0.031249985098838806,0.07421875
shuffled_labels,76,7,quorumweave,0.0937500149011612,0.07421875
shuffled_labels,76,7,shardbloom,0.06250002980232239,0.07421875
shuffled_labels,76,8,anchorshift,0.09374997019767761,0.07812499534338713
shuffled_labels,76,8,driftgate,-0.03125,0.07812499534338713
shuffled_labels,76,8,fluxpatch,0.25,0.07812499534338713
shuffled_labels,76,8,motifbridge,0.03124995529651642,0.07812499534338713
shuffled_labels,76,8,phasenest,0.03125,0.07812499534338713
shuffled_labels,76,8,phasesar,0.0625,0.07812499534338713
shuffled_labels,76,8,quorumweave,0.09375,0.07812499534338713
shuffled_labels,76,8,shardbloom,0.09375003725290298,0.07812499534338713
shuffled_labels,77,1,anchorshift,-0.03125002980232239,-0.0312500074505806
shuffled_labels,77,1,driftgate,-0.03125,-0.0312500074505806
shuffled_labels,77,1,fluxpatch,-0.0625,-0.0312500074505806
shuffled_labels,77,1,motifbridge,-4.470348358154297e-08,-0.0312500074505806
shuffled_labels,77,1,phasenest,-0.03125,-0.0312500074505806
shuffled_labels,77,1,phasesar,-0.0937500149011612,-0.0312500074505806
shuffled_labels,77,1,quorumweave,-0.03125,-0.0312500074505806
shuffled_labels,77,1,shardbloom,0.03125002980232239,-0.0312500074505806
shuffled_labels,77,2,anchorshift,-0.03125002980232239,0.015624996274709702
shuffled_labels,77,2,driftgate,-0.031249985098838806,0.015624996274709702
shuffled_labels,77,2,fluxpatch,0.0625,0.015624996274709702
shuffled_labels,77,2,motifbridge,-0.03125004470348358,0.015624996274709702
shuffled_labels,77,2,phasenest,0.0,0.015624996274709702
shuffled_labels,77,2,phasesar,0.0625,0.015624996274709702
shuffled_labels,77,2,quorumweave,0.0625,0.015624996274709702
shuffled_labels,77,2,shardbloom,0.03125002980232239,0.015624996274709702
shuffled_labels,77,3,anchorshift,0.09374997019767761,0.011718746274709702
shuffled_labels,77,3,driftgate,0.0,0.011718746274709702
shuffled_labels,77,3,fluxpatch,-0.03125,0.011718746274709702
shuffled_labels,77,3,motifbridge,0.031249970197677612,0.011718746274709702
shuffled_labels,77,3,phasenest,-0.03125,0.011718746274709702
shuffled_labels,77,3,phasesar,0.0,0.011718746274709702
shuffled_labels,77,3,quorumweave,-0.03125,0.011718746274709702
shuffled_labels,77,3,shardbloom,0.06250002980232239,0.011718746274709702
shuffled_labels,77,4,anchorshift,0.031249970197677612,-0.007812499068677425
shuffled_labels,77,4,driftgate,0.0,-0.007812499068677425
shuffled_labels,77,4,fluxpatch,-0.09375,-0.007812499068677425
shuffled_labels,77,4,motifbridge,-0.09375002980232239,-0.007812499068677425
shuffled_labels,77,4,phasenest,2.2351741790771484e-08,-0.007812499068677425
shuffled_labels,77,4,phasesar,0.03125,-0.007812499068677425
shuffled_labels,77,4,quorumweave,-0.031249985098838806,-0.007812499068677425
shuffled_labels,77,4,shardbloom,0.09375002980232239,-0.007812499068677425
shuffled_labels,77,5,anchorshift,-2.9802322387695312e-08,-0.003906257450580597
shuffled_labels,77,5,driftgate,0.062499985098838806,-0.003906257450580597
shuffled_labels,77,5,fluxpatch,-0.031250014901161194,-0.003906257450580597
shuffled_labels,77,5,motifbridge,-4.470348358154297e-08,-0.003906257450580597
shuffled_labels,77,5,phasenest,-0.0625,-0.003906257450580597
shuffled_labels,77,5,phasesar,-0.03125,-0.003906257450580597
shuffled_labels,77,5,quorumweave,1.4901161193847656e-08,-0.003906257450580597
shuffled_labels,77,5,shardbloom,0.03125002980232239,-0.003906257450580597
shuffled_labels,77,6,anchorshift,0.06249997019767761,1.6763806343078613e-08
shuffled_labels,77,6,driftgate,-0.03125,1.6763806343078613e-08
shuffled_labels,77,6,fluxpatch,2.9802322387695312e-08,1.6763806343078613e-08
shuffled_labels,77,6,motifbridge,-2.9802322387695312e-08,1.6763806343078613e-08
shuffled_labels,77,6,phasenest,-0.09374992549419403,1.6763806343078613e-08
shuffled_labels,77,6,phasesar,-0.03125,1.6763806343078613e-08
shuffled_labels,77,6,quorumweave,0.03125,1.6763806343078613e-08
shuffled_labels,77,6,shardbloom,0.06250008940696716,1.6763806343078613e-08
shuffled_labels,77,7,anchorshift,0.09374997019767761,-0.019531257450580597
shuffled_labels,77,7,driftgate,-0.03125002980232239,-0.019531257450580597
shuffled_labels,77,7,fluxpatch,-0.03125,-0.019531257450580597
shuffled_labels,77,7,motifbridge,-0.12500004470348358,-0.019531257450580597
shuffled_labels,77,7,phasenest,-0.0937500149011612,-0.019531257450580597
shuffled_labels,77,7,phasesar,-0.0937499850988388,-0.019531257450580597
shuffled_labels,77,7,quorumweave,0.031250014901161194,-0.019531257450580597
shuffled_labels,77,7,shardbloom,0.09375002980232239,-0.019531257450580597
shuffled_labels,77,8,anchorshift,0.15624994039535522,0.0390624925494194
shuffled_labels,77,8,driftgate,-0.03125002980232239,0.0390624925494194
shuffled_labels,77,8,fluxpatch,0.0,0.0390624925494194
shuffled_labels,77,8,motifbridge,0.0,0.0390624925494194
shuffled_labels,77,8,phasenest,0.0,0.0390624925494194
shuffled_labels,77,8,phasesar,0.031250014901161194,0.0390624925494194
shuffled_labels,77,8,quorumweave,0.0937499850988388,0.0390624925494194
shuffled_labels,77,8,shardbloom,0.06250002980232239,0.0390624925494194
shuffled_labels,78,1,anchorshift,0.06249997019767761,0.01171874813735485
shuffled_labels,78,1,driftgate,0.031250014901161194,0.01171874813735485
shuffled_labels,78,1,fluxpatch,1.4901161193847656e-08,0.01171874813735485
shuffled_labels,78,1,motifbridge,-0.03125002980232239,0.01171874813735485
shuffled_labels,78,1,phasenest,-2.9802322387695312e-08,0.01171874813735485
shuffled_labels,78,1,phasesar,0.0625000149011612,0.01171874813735485
shuffled_labels,78,1,quorumweave,-0.03125,0.01171874813735485
shuffled_labels,78,1,shardbloom,2.9802322387695312e-08,0.01171874813735485
shuffled_labels,78,2,anchorshift,0.06249997019767761,0.16015625
shuffled_labels,78,2,driftgate,0.0937500149011612,0.16015625
shuffled_labels,78,2,fluxpatch,0.2500000149011612,0.16015625
shuffled_labels,78,2,motifbridge,0.031249970197677612,0.16015625
shuffled_labels,78,2,phasenest,0.25,0.16015625
shuffled_labels,78,2,phasesar,0.25,0.16015625
shuffled_labels,78,2,quorumweave,0.1875,0.16015625
shuffled_labels,78,2,shardbloom,0.1562500298023224,0.16015625
shuffled_labels,78,3,anchorshift,0.06249997019767761,0.1640624888241291
shuffled_labels,78,3,driftgate,0.1562499850988388,0.1640624888241291
shuffled_labels,78,3,fluxpatch,0.25,0.1640624888241291
shuffled_labels,78,3,motifbridge,0.09374994039535522,0.1640624888241291
shuffled_labels,78,3,phasenest,0.28125,0.1640624888241291
shuffled_labels,78,3,phasesar,0.1562499850988388,0.1640624888241291
shuffled_labels,78,3,quorumweave,0.15625,0.1640624888241291
shuffled_labels,78,3,shardbloom,0.1562500298023224,0.1640624888241291
shuffled_labels,78,4,anchorshift,0.1874999850988388,0.2968750027939677
shuffled_labels,78,4,driftgate,0.1875,0.2968750027939677
shuffled_labels,78,4,fluxpatch,0.375,0.2968750027939677
shuffled_labels,78,4,motifbridge,0.1874999850988388,0.2968750027939677
shuffled_labels,78,4,phasenest,0.5312499850988388,0.2968750027939677
shuffled_labels,78,4,phasesar,0.34375,0.2968750027939677
shuffled_labels,78,4,quorumweave,0.2812500223517418,0.2968750027939677
shuffled_labels,78,4,shardbloom,0.2812500447034836,0.2968750027939677
shuffled_labels,78,5,anchorshift,0.12499997019767761,0.2929687388241291
shuffled_labels,78,5,driftgate,0.28125,0.2929687388241291
shuffled_labels,78,5,fluxpatch,0.3437499701976776,0.2929687388241291
shuffled_labels,78,5,motifbridge,0.15624995529651642,0.2929687388241291
shuffled_labels,78,5,phasenest,0.4999999850988388,0.2929687388241291
shuffled_labels,78,5,phasesar,0.3125,0.2929687388241291
shuffled_labels,78,5,quorumweave,0.34375,0.2929687388241291
shuffled_labels,78,5,shardbloom,0.2812500298023224,0.2929687388241291
shuffled_labels,78,6,anchorshift,0.18749996274709702,0.3320312397554517
shuffled_labels,78,6,driftgate,0.3124999850988388,0.3320312397554517
shuffled_labels,78,6,fluxpatch,0.4375,0.3320312397554517
shuffled_labels,78,6,motifbridge,0.18749995529651642,0.3320312397554517
shuffled_labels,78,6,phasenest,0.5312500149011612,0.3320312397554517
shuffled_labels,78,6,phasesar,0.3437499850988388,0.3320312397554517
shuffled_labels,78,6,quorumweave,0.3124999850988388,0.3320312397554517
shuffled_labels,78,6,shardbloom,0.3437500298023224,0.3320312397554517
shuffled_labels,78,7,anchorshift,0.12499997019767761,0.31640625
shuffled_labels,78,7,driftgate,0.2500000149011612,0.31640625
shuffled_labels,78,7,fluxpatch,0.3125,0.31640625
shuffled_labels,78,7,motifbridge,0.1874999701976776,0.31640625
shuffled_labels,78,7,phasenest,0.53125,0.31640625
shuffled_labels,78,7,phasesar,0.375,0.31640625
shuffled_labels,78,7,quorumweave,0.40625,0.31640625
shuffled_labels,78,7,shardbloom,0.3437500447034836,0.31640625
shuffled_labels,78,8,anchorshift,0.12499997764825821,0.3203124972060323
shuffled_labels,78,8,driftgate,0.3125,0.3203124972060323
shuffled_labels,78,8,fluxpatch,0.375,0.3203124972060323
shuffled_labels,78,8,motifbridge,0.12499997019767761,0.3203124972060323
shuffled_labels,78,8,phasenest,0.46875,0.3203124972060323
shuffled_labels,78,8,phasesar,0.4375,0.3203124972060323
shuffled_labels,78,8,quorumweave,0.4062499850988388,0.3203124972060323
shuffled_labels,78,8,shardbloom,0.3125000447034836,0.3203124972060323
shuffled_labels,79,1,anchorshift,-2.9802322387695312e-08,-0.007812494412064552
shuffled_labels,79,1,driftgate,2.9802322387695312e-08,-0.007812494412064552
shuffled_labels,79,1,fluxpatch,0.03125,-0.007812494412064552
shuffled_labels,79,1,motifbridge,-0.03125002980232239,-0.007812494412064552
shuffled_labels,79,1,phasenest,1.4901161193847656e-08,-0.007812494412064552
shuffled_labels,79,1,phasesar,-0.03125,-0.007812494412064552
shuffled_labels,79,1,quorumweave,0.0,-0.007812494412064552
shuffled_labels,79,1,shardbloom,-0.031249940395355225,-0.007812494412064552
shuffled_labels,79,2,anchorshift,0.06249997019767761,0.050781247206032276
shuffled_labels,79,2,driftgate,-1.4901161193847656e-08,0.050781247206032276
shuffled_labels,79,2,fluxpatch,0.1250000298023224,0.050781247206032276
shuffled_labels,79,2,motifbridge,0.031249970197677612,0.050781247206032276
shuffled_labels,79,2,phasenest,0.0624999925494194,0.050781247206032276
shuffled_labels,79,2,phasesar,0.0625,0.050781247206032276
shuffled_labels,79,2,quorumweave,-0.03125,0.050781247206032276
shuffled_labels,79,2,shardbloom,0.09375002980232239,0.050781247206032276
shuffled_labels,79,3,anchorshift,0.09374997019767761,0.09374999441206455
shuffled_labels,79,3,driftgate,0.0625,0.09374999441206455
shuffled_labels,79,3,fluxpatch,0.125,0.09374999441206455
shuffled_labels,79,3,motifbridge,-2.9802322387695312e-08,0.09374999441206455
shuffled_labels,79,3,phasenest,0.15625,0.09374999441206455
shuffled_labels,79,3,phasesar,0.1562499850988388,0.09374999441206455
shuffled_labels,79,3,quorumweave,0.0625,0.09374999441206455
shuffled_labels,79,3,shardbloom,0.09375002980232239,0.09374999441206455
shuffled_labels,79,4,anchorshift,0.06249997019767761,0.06640625838190317
shuffled_labels,79,4,driftgate,-0.03125,0.06640625838190317
shuffled_labels,79,4,fluxpatch,0.09375005960464478,0.06640625838190317
shuffled_labels,79,4,motifbridge,0.0,0.06640625838190317
shuffled_labels,79,4,phasenest,0.1250000074505806,0.06640625838190317
shuffled_labels,79,4,phasesar,0.125,0.06640625838190317
shuffled_labels,79,4,quorumweave,0.125,0.06640625838190317
shuffled_labels,79,4,shardbloom,0.03125002980232239,0.06640625838190317
shuffled_labels,79,5,anchorshift,0.1562499701976776,0.0742187462747097
shuffled_labels,79,5,driftgate,0.0,0.0742187462747097
shuffled_labels,79,5,fluxpatch,0.06250002980232239,0.0742187462747097
shuffled_labels,79,5,motifbridge,0.03124995529651642,0.0742187462747097
shuffled_labels,79,5,phasenest,0.09375,0.0742187462747097
shuffled_labels,79,5,phasesar,0.062499985098838806,0.0742187462747097
shuffled_labels,79,5,quorumweave,0.09375,0.0742187462747097
shuffled_labels,79,5,shardbloom,0.09375002980232239,0.0742187462747097
shuffled_labels,79,6,anchorshift,0.09374997019767761,0.08593750093132257
shuffled_labels,79,6,driftgate,0.0,0.08593750093132257
shuffled_labels,79,6,fluxpatch,0.03125008940696716,0.08593750093132257
shuffled_labels,79,6,motifbridge,0.09374994039535522,0.08593750093132257
shuffled_labels,79,6,phasenest,0.1875,0.08593750093132257
shuffled_labels,79,6,phasesar,0.0937499850988388,0.08593750093132257
shuffled_labels,79,6,quorumweave,0.0937499850988388,0.08593750093132257
shuffled_labels,79,6,shardbloom,0.09375003725290298,0.08593750093132257
shuffled_labels,79,7,anchorshift,0.1562499701976776,0.17968749348074198
shuffled_labels,79,7,driftgate,0.15625,0.17968749348074198
shuffled_labels,79,7,fluxpatch,0.15625,0.17968749348074198
shuffled_labels,79,7,motifbridge,0.09374997019767761,0.17968749348074198
shuffled_labels,79,7,phasenest,0.3124999776482582,0.17968749348074198
shuffled_labels,79,7,phasesar,0.1875,0.17968749348074198
shuffled_labels,79,7,quorumweave,0.1875,0.17968749348074198
shuffled_labels,79,7,shardbloom,0.1875000298023224,0.17968749348074198
shuffled_labels,79,8,anchorshift,0.1562499701976776,0.19140624441206455
shuffled_labels,79,8,driftgate,0.09375,0.19140624441206455
shuffled_labels,79,8,fluxpatch,0.2187500149011612,0.19140624441206455
shuffled_labels,79,8,motifbridge,0.06249997019767761,0.19140624441206455
shuffled_labels,79,8,phasenest,0.3437499701976776,0.19140624441206455
shuffled_labels,79,8,phasesar,0.21875,0.19140624441206455
shuffled_labels,79,8,quorumweave,0.25,0.19140624441206455
shuffled_labels,79,8,shardbloom,0.1875000298023224,0.19140624441206455
shuffled_labels,80,1,anchorshift,0.09374997019767761,0.058593747206032276
shuffled_labels,80,1,driftgate,1.4901161193847656e-08,0.058593747206032276
shuffled_labels,80,1,fluxpatch,0.125,0.058593747206032276
shuffled_labels,80,1,motifbridge,0.031249940395355225,0.058593747206032276
shuffled_labels,80,1,phasenest,0.0625,0.058593747206032276
shuffled_labels,80,1,phasesar,1.4901161193847656e-08,0.058593747206032276
shuffled_labels,80,1,quorumweave,0.0625000074505806,0.058593747206032276
shuffled_labels,80,1,shardbloom,0.09375002980232239,0.058593747206032276
shuffled_labels,80,2,anchorshift,0.06250002980232239,0.046875013038516045
shuffled_labels,80,2,driftgate,0.0,0.046875013038516045
shuffled_labels,80,2,fluxpatch,5.960464477539063e-08,0.046875013038516045
shuffled_labels,80,2,motifbridge,0.031249970197677612,0.046875013038516045
shuffled_labels,80,2,phasenest,0.09375,0.046875013038516045
shuffled_labels,80,2,phasesar,0.0937500149011612,0.046875013038516045
shuffled_labels,80,2,quorumweave,0.0,0.046875013038516045
shuffled_labels,80,2,shardbloom,0.09375002980232239,0.046875013038516045
shuffled_labels,80,3,anchorshift,0.03125,0.13281250558793545
shuffled_labels,80,3,driftgate,0.09375,0.13281250558793545
shuffled_labels,80,3,fluxpatch,0.09375,0.13281250558793545
shuffled_labels,80,3,motifbridge,0.15625,0.13281250558793545
shuffled_labels,80,3,phasenest,0.21875,0.13281250558793545
shuffled_labels,80,3,phasesar,0.1562500149011612,0.13281250558793545
shuffled_labels,80,3,quorumweave,0.125,0.13281250558793545
shuffled_labels,80,3,shardbloom,0.1875000298023224,0.13281250558793545
shuffled_labels,80,4,anchorshift,0.09374994039535522,0.14062499348074198
shuffled_labels,80,4,driftgate,0.2187500223517418,0.14062499348074198
shuffled_labels,80,4,fluxpatch,0.0937499850988388,0.14062499348074198
shuffled_labels,80,4,motifbridge,0.031249970197677612,0.14062499348074198
shuffled_labels,80,4,phasenest,0.1249999850988388,0.14062499348074198
shuffled_labels,80,4,phasesar,0.1875000149011612,0.14062499348074198
shuffled_labels,80,4,quorumweave,0.09375,0.14062499348074198
shuffled_labels,80,4,shardbloom,0.2812500298023224,0.14062499348074198
shuffled_labels,80,5,anchorshift,0.09374997019767761,0.15624998230487108
shuffled_labels,80,5,driftgate,0.12499997764825821,0.15624998230487108
shuffled_labels,80,5,fluxpatch,0.15625,0.15624998230487108
shuffled_labels,80,5,motifbridge,0.09374997019767761,0.15624998230487108
shuffled_labels,80,5,phasenest,0.2812499701976776,0.15624998230487108
shuffled_labels,80,5,phasesar,0.21875,0.15624998230487108
shuffled_labels,80,5,quorumweave,0.09374997019767761,0.15624998230487108
shuffled_labels,80,5,shardbloom,0.1875,0.15624998230487108
shuffled_labels,80,6,anchorshift,0.15625,0.16796875
shuffled_labels,80,6,driftgate,0.1562500298023224,0.16796875
shuffled_labels,80,6,fluxpatch,0.12499997019767761,0.16796875
shuffled_labels,80,6,motifbridge,0.031249970197677612,0.16796875
shuffled_labels,80,6,phasenest,0.25,0.16796875
shuffled_labels,80,6,phasesar,0.15625,0.16796875
shuffled_labels,80,6,quorumweave,0.25,0.16796875
shuffled_labels,80,6,shardbloom,0.2187500298023224,0.16796875
shuffled_labels,80,7,anchorshift,0.12499994039535522,0.16796874068677425
shuffled_labels,80,7,driftgate,0.125,0.16796874068677425
shuffled_labels,80,7,fluxpatch,0.12499997019767761,0.16796874068677425
shuffled_labels,80,7,motifbridge,0.062499985098838806,0.16796874068677425
shuffled_labels,80,7,phasenest,0.21875,0.16796874068677425
shuffled_labels,80,7,phasesar,0.1875,0.16796874068677425
shuffled_labels,80,7,quorumweave,0.28125,0.16796874068677425
shuffled_labels,80,7,shardbloom,0.2187500298023224,0.16796874068677425
shuffled_labels,80,8,anchorshift,0.12499997019767761,0.22656249534338713
shuffled_labels,80,8,driftgate,0.28125,0.22656249534338713
shuffled_labels,80,8,fluxpatch,0.1562499701976776,0.22656249534338713
shuffled_labels,80,8,motifbridge,0.1562499776482582,0.22656249534338713
shuffled_labels,80,8,phasenest,0.40625,0.22656249534338713
shuffled_labels,80,8,phasesar,0.0937500149011612,0.22656249534338713
shuffled_labels,80,8,quorumweave,0.3125,0.22656249534338713
shuffled_labels,80,8,shardbloom,0.2812500298023224,0.22656249534338713
shuffled_labels,81,1,anchorshift,0.1562499701976776,0.09374999068677425
shuffled_labels,81,1,driftgate,0.0625,0.09374999068677425
shuffled_labels,81,1,fluxpatch,0.15625,0.09374999068677425
shuffled_labels,81,1,motifbridge,0.09374997019767761,0.09374999068677425
shuffled_labels,81,1,phasenest,0.0625,0.09374999068677425
shuffled_labels,81,1,phasesar,0.1249999850988388,0.09374999068677425
shuffled_labels,81,1,quorumweave,0.0625,0.09374999068677425
shuffled_labels,81,1,shardbloom,0.03125,0.09374999068677425
shuffled_labels,81,2,anchorshift,0.03125,0.07812500279396772
shuffled_labels,81,2,driftgate,0.0625000149011612,0.07812500279396772
shuffled_labels,81,2,fluxpatch,0.125,0.07812500279396772
shuffled_labels,81,2,motifbridge,0.0625000149011612,0.07812500279396772
shuffled_labels,81,2,phasenest,0.0624999925494194,0.07812500279396772
shuffled_labels,81,2,phasesar,0.125,0.07812500279396772
shuffled_labels,81,2,quorumweave,0.0625,0.07812500279396772
shuffled_labels,81,2,shardbloom,0.09375,0.07812500279396772
shuffled_labels,81,3,anchorshift,0.09374991059303284,0.08593749068677425
shuffled_labels,81,3,driftgate,-0.03125,0.08593749068677425
shuffled_labels,81,3,fluxpatch,0.1250000298023224,0.08593749068677425
shuffled_labels,81,3,motifbridge,0.09374995529651642,0.08593749068677425
shuffled_labels,81,3,phasenest,0.125,0.08593749068677425
shuffled_labels,81,3,phasesar,0.15625,0.08593749068677425
shuffled_labels,81,3,quorumweave,0.0625,0.08593749068677425
shuffled_labels,81,3,shardbloom,0.06250002980232239,0.08593749068677425
shuffled_labels,81,4,anchorshift,0.031249910593032837,0.05078125465661287
shuffled_labels,81,4,driftgate,0.0937500149011612,0.05078125465661287
shuffled_labels,81,4,fluxpatch,0.0625,0.05078125465661287
shuffled_labels,81,4,motifbridge,-1.4901161193847656e-08,0.05078125465661287
shuffled_labels,81,4,phasenest,0.09375003725290298,0.05078125465661287
shuffled_labels,81,4,phasesar,0.06250005960464478,0.05078125465661287
shuffled_labels,81,4,quorumweave,0.0,0.05078125465661287
shuffled_labels,81,4,shardbloom,0.06250002980232239,0.05078125465661287
shuffled_labels,81,5,anchorshift,0.062499940395355225,0.07421874068677425
shuffled_labels,81,5,driftgate,0.03125002980232239,0.07421874068677425
shuffled_labels,81,5,fluxpatch,0.0625,0.07421874068677425
shuffled_labels,81,5,motifbridge,-0.03125002980232239,0.07421874068677425
shuffled_labels,81,5,phasenest,0.09374997019767761,0.07421874068677425
shuffled_labels,81,5,phasesar,0.1874999850988388,0.07421874068677425
shuffled_labels,81,5,quorumweave,0.09375,0.07421874068677425
shuffled_labels,81,5,shardbloom,0.09375002980232239,0.07421874068677425
shuffled_labels,81,6,anchorshift,0.09374997019767761,0.17578123789280653
shuffled_labels,81,6,driftgate,0.09374997019767761,0.17578123789280653
shuffled_labels,81,6,fluxpatch,0.12499997764825821,0.17578123789280653
shuffled_labels,81,6,motifbridge,-4.470348358154297e-08,0.17578123789280653
shuffled_labels,81,6,phasenest,0.4062499701976776,0.17578123789280653
shuffled_labels,81,6,phasesar,0.2187500149011612,0.17578123789280653
shuffled_labels,81,6,quorumweave,0.21875,0.17578123789280653
shuffled_labels,81,6,shardbloom,0.2500000447034836,0.17578123789280653
shuffled_labels,81,7,anchorshift,0.12499997019767761,0.19140624441206455
shuffled_labels,81,7,driftgate,0.1875,0.19140624441206455
shuffled_labels,81,7,fluxpatch,0.125,0.19140624441206455
shuffled_labels,81,7,motifbridge,0.062499985098838806,0.19140624441206455
shuffled_labels,81,7,phasenest,0.375,0.19140624441206455
shuffled_labels,81,7,phasesar,0.28125,0.19140624441206455
shuffled_labels,81,7,quorumweave,0.1875,0.19140624441206455
shuffled_labels,81,7,shardbloom,0.1875,0.19140624441206455
shuffled_labels,81,8,anchorshift,0.09374997019767761,0.19531249813735485
shuffled_labels,81,8,driftgate,0.1875,0.19531249813735485
shuffled_labels,81,8,fluxpatch,0.1250000149011612,0.19531249813735485
shuffled_labels,81,8,motifbridge,0.1249999850988388,0.19531249813735485
shuffled_labels,81,8,phasenest,0.3437499850988388,0.19531249813735485
shuffled_labels,81,8,phasesar,0.25,0.19531249813735485
shuffled_labels,81,8,quorumweave,0.21875,0.19531249813735485
shuffled_labels,81,8,shardbloom,0.2187500298023224,0.19531249813735485
shuffled_labels,82,1,anchorshift,-0.031250059604644775,-0.015625009313225746
shuffled_labels,82,1,driftgate,0.0,-0.015625009313225746
shuffled_labels,82,1,fluxpatch,-0.03125,-0.015625009313225746
shuffled_labels,82,1,motifbridge,-0.031250014901161194,-0.015625009313225746
shuffled_labels,82,1,phasenest,-0.0625000149011612,-0.015625009313225746
shuffled_labels,82,1,phasesar,0.031249985098838806,-0.015625009313225746
shuffled_labels,82,1,quorumweave,0.0625,-0.015625009313225746
shuffled_labels,82,1,shardbloom,-0.06249997019767761,-0.015625009313225746
shuffled_labels,82,2,anchorshift,0.0625,0.019531250931322575
shuffled_labels,82,2,driftgate,0.0937500074505806,0.019531250931322575
shuffled_labels,82,2,fluxpatch,-0.09375,0.019531250931322575
shuffled_labels,82,2,motifbridge,-0.03125002980232239,0.019531250931322575
shuffled_labels,82,2,phasenest,0.03125,0.019531250931322575
shuffled_labels,82,2,phasesar,-0.03125,0.019531250931322575
shuffled_labels,82,2,quorumweave,0.09375,0.019531250931322575
shuffled_labels,82,2,shardbloom,0.03125002980232239,0.019531250931322575
shuffled_labels,82,3,anchorshift,0.031249940395355225,0.015624992549419403
shuffled_labels,82,3,driftgate,0.03125,0.015624992549419403
shuffled_labels,82,3,fluxpatch,-0.03125,0.015624992549419403
shuffled_labels,82,3,motifbridge,0.062499985098838806,0.015624992549419403
shuffled_labels,82,3,phasenest,-1.4901161193847656e-08,0.015624992549419403
shuffled_labels,82,3,phasesar,-0.03125,0.015624992549419403
shuffled_labels,82,3,quorumweave,0.03125,0.015624992549419403
shuffled_labels,82,3,shardbloom,0.03125002980232239,0.015624992549419403
shuffled_labels,82,4,anchorshift,0.062499940395355225,-1.30385160446167e-08
shuffled_labels,82,4,driftgate,0.0,-1.30385160446167e-08
shuffled_labels,82,4,fluxpatch,0.0,-1.30385160446167e-08
shuffled_labels,82,4,motifbridge,0.031249970197677612,-1.30385160446167e-08
shuffled_labels,82,4,phasenest,-0.06250004470348358,-1.30385160446167e-08
shuffled_labels,82,4,phasesar,-0.0625,-1.30385160446167e-08
shuffled_labels,82,4,quorumweave,0.03125,-1.30385160446167e-08
shuffled_labels,82,4,shardbloom,2.9802322387695312e-08,-1.30385160446167e-08
shuffled_labels,82,5,anchorshift,0.06249997019767761,-0.04687499441206455
shuffled_labels,82,5,driftgate,0.0,-0.04687499441206455
shuffled_labels,82,5,fluxpatch,-0.03125,-0.04687499441206455
shuffled_labels,82,5,motifbridge,-0.031249985098838806,-0.04687499441206455
shuffled_labels,82,5,phasenest,-0.25,-0.04687499441206455
shuffled_labels,82,5,phasesar,-0.0625,-0.04687499441206455
shuffled_labels,82,5,quorumweave,-0.031249970197677612,-0.04687499441206455
shuffled_labels,82,5,shardbloom,-0.031249970197677612,-0.04687499441206455
shuffled_labels,82,6,anchorshift,0.031249970197677612,-0.0625000037252903
shuffled_labels,82,6,driftgate,-0.03125,-0.0625000037252903
shuffled_labels,82,6,fluxpatch,-0.15625,-0.0625000037252903
shuffled_labels,82,6,motifbridge,-2.9802322387695312e-08,-0.0625000037252903
shuffled_labels,82,6,phasenest,-0.25,-0.0625000037252903
shuffled_labels,82,6,phasesar,-0.09375,-0.0625000037252903
shuffled_labels,82,6,quorumweave,0.0,-0.0625000037252903
shuffled_labels,82,6,shardbloom,2.9802322387695312e-08,-0.0625000037252903
shuffled_labels,82,7,anchorshift,0.125,0.015624992549419403
shuffled_labels,82,7,driftgate,0.0625,0.015624992549419403
shuffled_labels,82,7,fluxpatch,0.03125,0.015624992549419403
shuffled_labels,82,7,motifbridge,-0.03125004470348358,0.015624992549419403
shuffled_labels,82,7,phasenest,-0.0625,0.015624992549419403
shuffled_labels,82,7,phasesar,-0.0625000149011612,0.015624992549419403
shuffled_labels,82,7,quorumweave,0.0625,0.015624992549419403
shuffled_labels,82,7,shardbloom,0.0,0.015624992549419403
shuffled_labels,82,8,anchorshift,0.031249970197677612,0.0
shuffled_labels,82,8,driftgate,0.0625,0.0
shuffled_labels,82,8,fluxpatch,-0.03125,0.0
shuffled_labels,82,8,motifbridge,0.0,0.0
shuffled_labels,82,8,phasenest,-0.0625,0.0
shuffled_labels,82,8,phasesar,-0.03125,0.0
shuffled_labels,82,8,quorumweave,0.0,0.0
shuffled_labels,82,8,shardbloom,0.03125002980232239,0.0
shuffled_labels,83,1,anchorshift,-0.0625,0.011718753725290298
shuffled_labels,83,1,driftgate,0.0625,0.011718753725290298
shuffled_labels,83,1,fluxpatch,-0.031250014901161194,0.011718753725290298
shuffled_labels,83,1,motifbridge,-0.03125002980232239,0.011718753725290298
shuffled_labels,83,1,phasenest,0.09375,0.011718753725290298
shuffled_labels,83,1,phasesar,0.06250004470348358,0.011718753725290298
shuffled_labels,83,1,quorumweave,0.0,0.011718753725290298
shuffled_labels,83,1,shardbloom,2.9802322387695312e-08,0.011718753725290298
shuffled_labels,83,2,anchorshift,0.03125,0.02734375
shuffled_labels,83,2,driftgate,0.0,0.02734375
shuffled_labels,83,2,fluxpatch,-0.03125002980232239,0.02734375
shuffled_labels,83,2,motifbridge,0.031249970197677612,0.02734375
shuffled_labels,83,2,phasenest,0.0937500149011612,0.02734375
shuffled_labels,83,2,phasesar,-0.031249985098838806,0.02734375
shuffled_labels,83,2,quorumweave,0.03125,0.02734375
shuffled_labels,83,2,shardbloom,0.09375002980232239,0.02734375
shuffled_labels,83,3,anchorshift,0.031249970197677612,0.01953124161809683
shuffled_labels,83,3,driftgate,-2.9802322387695312e-08,0.01953124161809683
shuffled_labels,83,3,fluxpatch,0.12499997019767761,0.01953124161809683
shuffled_labels,83,3,motifbridge,-7.450580596923828e-09,0.01953124161809683
shuffled_labels,83,3,phasenest,0.0,0.01953124161809683
shuffled_labels,83,3,phasesar,-0.03125,0.01953124161809683
shuffled_labels,83,3,quorumweave,0.0,0.01953124161809683
shuffled_labels,83,3,shardbloom,0.03125002980232239,0.01953124161809683
shuffled_labels,83,4,anchorshift,0.09374997019767761,0.054687490686774254
shuffled_labels,83,4,driftgate,0.031249985098838806,0.054687490686774254
shuffled_labels,83,4,fluxpatch,0.0,0.054687490686774254
shuffled_labels,83,4,motifbridge,0.03124995529651642,0.054687490686774254
shuffled_labels,83,4,phasenest,0.0625,0.054687490686774254
shuffled_labels,83,4,phasesar,0.0937499850988388,0.054687490686774254
shuffled_labels,83,4,quorumweave,-0.03125,0.054687490686774254
shuffled_labels,83,4,shardbloom,0.1562500298023224,0.054687490686774254
shuffled_labels,83,5,anchorshift,0.09375,0.13671874813735485
shuffled_labels,83,5,driftgate,0.15625,0.13671874813735485
shuffled_labels,83,5,fluxpatch,0.03125,0.13671874813735485
shuffled_labels,83,5,motifbridge,0.062499985098838806,0.13671874813735485
shuffled_labels,83,5,phasenest,0.2499999701976776,0.13671874813735485
shuffled_labels,83,5,phasesar,0.15625,0.13671874813735485
shuffled_labels,83,5,quorumweave,0.125,0.13671874813735485
shuffled_labels,83,5,shardbloom,0.2187500298023224,0.13671874813735485
shuffled_labels,83,6,anchorshift,0.09375,0.2421875037252903
shuffled_labels,83,6,driftgate,0.3125000298023224,0.2421875037252903
shuffled_labels,83,6,fluxpatch,0.1874999850988388,0.2421875037252903
shuffled_labels,83,6,motifbridge,0.1562499701976776,0.2421875037252903
shuffled_labels,83,6,phasenest,0.3750000298023224,0.2421875037252903
shuffled_labels,83,6,phasesar,0.25,0.2421875037252903
shuffled_labels,83,6,quorumweave,0.25,0.2421875037252903
shuffled_labels,83,6,shardbloom,0.3125000149011612,0.2421875037252903
shuffled_labels,83,7,anchorshift,0.062499985098838806,0.22656250093132257
shuffled_labels,83,7,driftgate,0.2812500074505806,0.22656250093132257
shuffled_labels,83,7,fluxpatch,0.1562500149011612,0.22656250093132257
shuffled_labels,83,7,motifbridge,0.12499997019767761,0.22656250093132257
shuffled_labels,83,7,phasenest,0.34375,0.22656250093132257
shuffled_labels,83,7,phasesar,0.1875,0.22656250093132257
shuffled_labels,83,7,quorumweave,0.25,0.22656250093132257
shuffled_labels,83,7,shardbloom,0.4062500298023224,0.22656250093132257
shuffled_labels,83,8,anchorshift,0.1562500149011612,0.24218750186264515
shuffled_labels,83,8,driftgate,0.3125,0.24218750186264515
shuffled_labels,83,8,fluxpatch,0.21875,0.24218750186264515
shuffled_labels,83,8,motifbridge,0.12499997019767761,0.24218750186264515
shuffled_labels,83,8,phasenest,0.34375,0.24218750186264515
shuffled_labels,83,8,phasesar,0.21875,0.24218750186264515
shuffled_labels,83,8,quorumweave,0.15625,0.24218750186264515
shuffled_labels,83,8,shardbloom,0.4062500298023224,0.24218750186264515
shuffled_labels,84,1,anchorshift,0.0,0.007812506519258022
shuffled_labels,84,1,driftgate,0.0937499925494194,0.007812506519258022
shuffled_labels,84,1,fluxpatch,1.4901161193847656e-08,0.007812506519258022
shuffled_labels,84,1,motifbridge,-1.4901161193847656e-08,0.007812506519258022
shuffled_labels,84,1,phasenest,0.03125002980232239,0.007812506519258022
shuffled_labels,84,1,phasesar,-0.09375,0.007812506519258022
shuffled_labels,84,1,quorumweave,-0.0625,0.007812506519258022
shuffled_labels,84,1,shardbloom,0.09375002980232239,0.007812506519258022
shuffled_labels,84,2,anchorshift,0.031249970197677612,0.09765624068677425
shuffled_labels,84,2,driftgate,0.031249970197677612,0.09765624068677425
shuffled_labels,84,2,fluxpatch,0.09375,0.09765624068677425
shuffled_labels,84,2,motifbridge,0.06249997019767761,0.09765624068677425
shuffled_labels,84,2,phasenest,0.1875,0.09765624068677425
shuffled_labels,84,2,phasesar,0.1249999850988388,0.09765624068677425
shuffled_labels,84,2,quorumweave,0.0625,0.09765624068677425
shuffled_labels,84,2,shardbloom,0.1875000298023224,0.09765624068677425
shuffled_labels,84,3,anchorshift,0.12500005960464478,0.1132812611758709
shuffled_labels,84,3,driftgate,0.09375002980232239,0.1132812611758709
shuffled_labels,84,3,fluxpatch,0.0937499850988388,0.1132812611758709
shuffled_labels,84,3,motifbridge,0.031249970197677612,0.1132812611758709
shuffled_labels,84,3,phasenest,0.2187500149011612,0.1132812611758709
shuffled_labels,84,3,phasesar,0.15625,0.1132812611758709
shuffled_labels,84,3,quorumweave,0.0625,0.1132812611758709
shuffled_labels,84,3,shardbloom,0.1250000298023224,0.1132812611758709
shuffled_labels,84,4,anchorshift,0.0625,0.14453124534338713
shuffled_labels,84,4,driftgate,0.1250000074505806,0.14453124534338713
shuffled_labels,84,4,fluxpatch,0.21875,0.14453124534338713
shuffled_labels,84,4,motifbridge,0.09374994039535522,0.14453124534338713
shuffled_labels,84,4,phasenest,0.1874999850988388,0.14453124534338713
shuffled_labels,84,4,phasesar,0.15625,0.14453124534338713
shuffled_labels,84,4,quorumweave,0.1875,0.14453124534338713
shuffled_labels,84,4,shardbloom,0.1250000298023224,0.14453124534338713
shuffled_labels,84,5,anchorshift,0.12499997019767761,0.2031249962747097
shuffled_labels,84,5,driftgate,0.1875000298023224,0.2031249962747097
shuffled_labels,84,5,fluxpatch,0.1875,0.2031249962747097
shuffled_labels,84,5,motifbridge,0.1562499701976776,0.2031249962747097
shuffled_labels,84,5,phasenest,0.3124999701976776,0.2031249962747097
shuffled_labels,84,5,phasesar,0.25,0.2031249962747097
shuffled_labels,84,5,quorumweave,0.125,0.2031249962747097
shuffled_labels,84,5,shardbloom,0.2812500298023224,0.2031249962747097
shuffled_labels,84,6,anchorshift,0.12499997019767761,0.19921873603016138
shuffled_labels,84,6,driftgate,0.15625,0.19921873603016138
shuffled_labels,84,6,fluxpatch,0.1875,0.19921873603016138
shuffled_labels,84,6,motifbridge,0.062499940395355225,0.19921873603016138
shuffled_labels,84,6,phasenest,0.40625,0.19921873603016138
shuffled_labels,84,6,phasesar,0.1875,0.19921873603016138
shuffled_labels,84,6,quorumweave,0.1875,0.19921873603016138
shuffled_labels,84,6,shardbloom,0.2812499776482582,0.19921873603016138
shuffled_labels,84,7,anchorshift,0.09374997019767761,0.14843749813735485
shuffled_labels,84,7,driftgate,0.09375,0.14843749813735485
shuffled_labels,84,7,fluxpatch,0.15625,0.14843749813735485
shuffled_labels,84,7,motifbridge,0.06249995529651642,0.14843749813735485
shuffled_labels,84,7,phasenest,0.21875,0.14843749813735485
shuffled_labels,84,7,phasesar,0.1875,0.14843749813735485
shuffled_labels,84,7,quorumweave,0.15625,0.14843749813735485
shuffled_labels,84,7,shardbloom,0.21875005960464478,0.14843749813735485
shuffled_labels,84,8,anchorshift,0.06249997019767761,0.14062499813735485
shuffled_labels,84,8,driftgate,0.09375,0.14062499813735485
shuffled_labels,84,8,fluxpatch,0.1562500149011612,0.14062499813735485
shuffled_labels,84,8,motifbridge,0.06249997019767761,0.14062499813735485
shuffled_labels,84,8,phasenest,0.21875,0.14062499813735485
shuffled_labels,84,8,phasesar,0.15625,0.14062499813735485
shuffled_labels,84,8,quorumweave,0.125,0.14062499813735485
shuffled_labels,84,8,shardbloom,0.2500000298023224,0.14062499813735485
shuffled_labels,85,1,anchorshift,-2.9802322387695312e-08,-0.007812507450580597
shuffled_labels,85,1,driftgate,-1.4901161193847656e-08,-0.007812507450580597
shuffled_labels,85,1,fluxpatch,-0.03125,-0.007812507450580597
shuffled_labels,85,1,motifbridge,-0.031250014901161194,-0.007812507450580597
shuffled_labels,85,1,phasenest,0.03125,-0.007812507450580597
shuffled_labels,85,1,phasesar,-0.0625,-0.007812507450580597
shuffled_labels,85,1,quorumweave,0.03125,-0.007812507450580597
shuffled_labels,85,1,shardbloom,0.0,-0.007812507450580597
shuffled_labels,85,2,anchorshift,-0.0625,-0.0039062434807419777
shuffled_labels,85,2,driftgate,-0.0625000074505806,-0.0039062434807419777
shuffled_labels,85,2,fluxpatch,0.0625,-0.0039062434807419777
shuffled_labels,85,2,motifbridge,-0.031250014901161194,-0.0039062434807419777
shuffled_labels,85,2,phasenest,-0.03124995529651642,-0.0039062434807419777
shuffled_labels,85,2,phasesar,0.0625,-0.0039062434807419777
shuffled_labels,85,2,quorumweave,0.03125,-0.0039062434807419777
shuffled_labels,85,2,shardbloom,2.9802322387695312e-08,-0.0039062434807419777
shuffled_labels,85,3,anchorshift,-2.9802322387695312e-08,0.023437492549419403
shuffled_labels,85,3,driftgate,0.0,0.023437492549419403
shuffled_labels,85,3,fluxpatch,0.031249970197677612,0.023437492549419403
shuffled_labels,85,3,motifbridge,0.031249970197677612,0.023437492549419403
shuffled_labels,85,3,phasenest,0.0625,0.023437492549419403
shuffled_labels,85,3,phasesar,0.0625,0.023437492549419403
shuffled_labels,85,3,quorumweave,-0.03125,0.023437492549419403
shuffled_labels,85,3,shardbloom,0.03125002980232239,0.023437492549419403
shuffled_labels,85,4,anchorshift,0.031249970197677612,0.1132812462747097
shuffled_labels,85,4,driftgate,0.125,0.1132812462747097
shuffled_labels,85,4,fluxpatch,0.125,0.1132812462747097
shuffled_labels,85,4,motifbridge,0.06249997019767761,0.1132812462747097
shuffled_labels,85,4,phasenest,0.2187500149011612,0.1132812462747097
shuffled_labels,85,4,phasesar,0.0625000074505806,0.1132812462747097
shuffled_labels,85,4,quorumweave,0.09375,0.1132812462747097
shuffled_labels,85,4,shardbloom,0.1875000074505806,0.1132812462747097
shuffled_labels,85,5,anchorshift,0.06249997019767761,0.11328124441206455
shuffled_labels,85,5,driftgate,0.09375,0.11328124441206455
shuffled_labels,85,5,fluxpatch,0.18749995529651642,0.11328124441206455
shuffled_labels,85,5,motifbridge,0.031249970197677612,0.11328124441206455
shuffled_labels,85,5,phasenest,0.28125,0.11328124441206455
shuffled_labels,85,5,phasesar,0.03125,0.11328124441206455
shuffled_labels,85,5,quorumweave,0.09375,0.11328124441206455
shuffled_labels,85,5,shardbloom,0.12500005960464478,0.11328124441206455
shuffled_labels,85,6,anchorshift,0.1249999850988388,0.1796875
shuffled_labels,85,6,driftgate,0.1875,0.1796875
shuffled_labels,85,6,fluxpatch,0.1875,0.1796875
shuffled_labels,85,6,motifbridge,-1.4901161193847656e-08,0.1796875
shuffled_labels,85,6,phasenest,0.2812500149011612,0.1796875
shuffled_labels,85,6,phasesar,0.15625,0.1796875
shuffled_labels,85,6,quorumweave,0.21875,0.1796875
shuffled_labels,85,6,shardbloom,0.2812500149011612,0.1796875
shuffled_labels,85,7,anchorshift,0.06249997019767761,0.18359374441206455
shuffled_labels,85,7,driftgate,0.1875,0.18359374441206455
shuffled_labels,85,7,fluxpatch,0.3124999701976776,0.18359374441206455
shuffled_labels,85,7,motifbridge,-0.03125004470348358,0.18359374441206455
shuffled_labels,85,7,phasenest,0.3125000298023224,0.18359374441206455
shuffled_labels,85,7,phasesar,0.21875,0.18359374441206455
shuffled_labels,85,7,quorumweave,0.09375,0.18359374441206455
shuffled_labels,85,7,shardbloom,0.3125000298023224,0.18359374441206455
shuffled_labels,85,8,anchorshift,0.06249997019767761,0.18750000558793545
shuffled_labels,85,8,driftgate,0.2500000149011612,0.18750000558793545
shuffled_labels,85,8,fluxpatch,0.1562500149011612,0.18750000558793545
shuffled_labels,85,8,motifbridge,0.031249970197677612,0.18750000558793545
shuffled_labels,85,8,phasenest,0.34375,0.18750000558793545
shuffled_labels,85,8,phasesar,0.1875,0.18750000558793545
shuffled_labels,85,8,quorumweave,0.1875000149011612,0.18750000558793545
shuffled_labels,85,8,shardbloom,0.2812500596046448,0.18750000558793545
shuffled_labels,86,1,anchorshift,0.0,0.01953125186264515
shuffled_labels,86,1,driftgate,0.06249997019767761,0.01953125186264515
shuffled_labels,86,1,fluxpatch,0.0,0.01953125186264515
shuffled_labels,86,1,motifbridge,-2.9802322387695312e-08,0.01953125186264515
shuffled_labels,86,1,phasenest,0.09375,0.01953125186264515
shuffled_labels,86,1,phasesar,-0.03124995529651642,0.01953125186264515
shuffled_labels,86,1,quorumweave,0.03125,0.01953125186264515
shuffled_labels,86,1,shardbloom,2.9802322387695312e-08,0.01953125186264515
shuffled_labels,86,2,anchorshift,0.06249997019767761,0.0664062425494194
shuffled_labels,86,2,driftgate,-1.4901161193847656e-08,0.0664062425494194
shuffled_labels,86,2,fluxpatch,0.125,0.0664062425494194
shuffled_labels,86,2,motifbridge,-2.9802322387695312e-08,0.0664062425494194
shuffled_labels,86,2,phasenest,0.03125,0.0664062425494194
shuffled_labels,86,2,phasesar,0.1249999850988388,0.0664062425494194
shuffled_labels,86,2,quorumweave,0.0625,0.0664062425494194
shuffled_labels,86,2,shardbloom,0.1250000298023224,0.0664062425494194
shuffled_labels,86,3,anchorshift,0.062499940395355225,0.0429687425494194
shuffled_labels,86,3,driftgate,0.0,0.0429687425494194
shuffled_labels,86,3,fluxpatch,0.09375,0.0429687425494194
shuffled_labels,86,3,motifbridge,0.031249985098838806,0.0429687425494194
shuffled_labels,86,3,phasenest,0.03125,0.0429687425494194
shuffled_labels,86,3,phasesar,0.031249985098838806,0.0429687425494194
shuffled_labels,86,3,quorumweave,0.0,0.0429687425494194
shuffled_labels,86,3,shardbloom,0.09375002980232239,0.0429687425494194
shuffled_labels,86,4,anchorshift,0.12499997019767761,0.08984374441206455
shuffled_labels,86,4,driftgate,0.0625000149011612,0.08984374441206455
shuffled_labels,86,4,fluxpatch,0.0937499850988388,0.08984374441206455
shuffled_labels,86,4,motifbridge,0.031249970197677612,0.08984374441206455
shuffled_labels,86,4,phasenest,0.125,0.08984374441206455
shuffled_labels,86,4,phasesar,0.03125,0.08984374441206455
shuffled_labels,86,4,quorumweave,0.0937499850988388,0.08984374441206455
shuffled_labels,86,4,shardbloom,0.1562500298023224,0.08984374441206455
shuffled_labels,86,5,anchorshift,0.062499940395355225,0.1093749925494194
shuffled_labels,86,5,driftgate,0.0937500149011612,0.1093749925494194
shuffled_labels,86,5,fluxpatch,0.1875,0.1093749925494194
shuffled_labels,86,5,motifbridge,-1.4901161193847656e-08,0.1093749925494194
shuffled_labels,86,5,phasenest,0.1562499850988388,0.1093749925494194
shuffled_labels,86,5,phasesar,0.0937499850988388,0.1093749925494194
shuffled_labels,86,5,quorumweave,0.09375,0.1093749925494194
shuffled_labels,86,5,shardbloom,0.1875000298023224,0.1093749925494194
shuffled_labels,86,6,anchorshift,0.12499997019767761,0.14062499720603228
shuffled_labels,86,6,driftgate,0.09375,0.14062499720603228
shuffled_labels,86,6,fluxpatch,0.2187499850988388,0.14062499720603228
shuffled_labels,86,6,motifbridge,0.0625,0.14062499720603228
shuffled_labels,86,6,phasenest,0.1874999776482582,0.14062499720603228
shuffled_labels,86,6,phasesar,0.1562500149011612,0.14062499720603228
shuffled_labels,86,6,quorumweave,0.09375,0.14062499720603228
shuffled_labels,86,6,shardbloom,0.1875000298023224,0.14062499720603228
shuffled_labels,86,7,anchorshift,0.1562499701976776,0.16406249534338713
shuffled_labels,86,7,driftgate,0.1249999925494194,0.16406249534338713
shuffled_labels,86,7,fluxpatch,0.1250000149011612,0.16406249534338713
shuffled_labels,86,7,motifbridge,0.09374997019767761,0.16406249534338713
shuffled_labels,86,7,phasenest,0.3124999701976776,0.16406249534338713
shuffled_labels,86,7,phasesar,0.1562500149011612,0.16406249534338713
shuffled_labels,86,7,quorumweave,0.15625,0.16406249534338713
shuffled_labels,86,7,shardbloom,0.1875000298023224,0.16406249534338713
shuffled_labels,86,8,anchorshift,0.06249997019767761,0.054687502793967724
shuffled_labels,86,8,driftgate,0.031250014901161194,0.054687502793967724
shuffled_labels,86,8,fluxpatch,0.0625,0.054687502793967724
shuffled_labels,86,8,motifbridge,-0.0625000074505806,0.054687502793967724
shuffled_labels,86,8,phasenest,0.0937500149011612,0.054687502793967724
shuffled_labels,86,8,phasesar,0.0625,0.054687502793967724
shuffled_labels,86,8,quorumweave,0.0625,0.054687502793967724
shuffled_labels,86,8,shardbloom,0.1250000298023224,0.054687502793967724
shuffled_labels,87,1,anchorshift,-5.960464477539063e-08,-0.01562500186264515
shuffled_labels,87,1,driftgate,-0.031250014901161194,-0.01562500186264515
shuffled_labels,87,1,fluxpatch,-0.062499985098838806,-0.01562500186264515
shuffled_labels,87,1,motifbridge,0.031249970197677612,-0.01562500186264515
shuffled_labels,87,1,phasenest,-0.031249970197677612,-0.01562500186264515
shuffled_labels,87,1,phasesar,1.4901161193847656e-08,-0.01562500186264515
shuffled_labels,87,1,quorumweave,-0.0625,-0.01562500186264515
shuffled_labels,87,1,shardbloom,0.03125002980232239,-0.01562500186264515
shuffled_labels,87,2,anchorshift,-0.03125002980232239,-0.01953126396983862
shuffled_labels,87,2,driftgate,-0.09375002235174179,-0.01953126396983862
shuffled_labels,87,2,fluxpatch,0.0,-0.01953126396983862
shuffled_labels,87,2,motifbridge,-0.06250005960464478,-0.01953126396983862
shuffled_labels,87,2,phasenest,-0.03125,-0.01953126396983862
shuffled_labels,87,2,phasesar,0.03125,-0.01953126396983862
shuffled_labels,87,2,quorumweave,0.03125,-0.01953126396983862
shuffled_labels,87,2,shardbloom,0.0,-0.01953126396983862
shuffled_labels,87,3,anchorshift,-0.06250002980232239,-0.03906248975545168
shuffled_labels,87,3,driftgate,-0.062499962747097015,-0.03906248975545168
shuffled_labels,87,3,fluxpatch,-0.03125,-0.03906248975545168
shuffled_labels,87,3,motifbridge,-0.03125,-0.03906248975545168
shuffled_labels,87,3,phasenest,-0.03125002980232239,-0.03906248975545168
shuffled_labels,87,3,phasesar,-0.03124992549419403,-0.03906248975545168
shuffled_labels,87,3,quorumweave,-0.03125,-0.03906248975545168
shuffled_labels,87,3,shardbloom,-0.031249970197677612,-0.03906248975545168
shuffled_labels,87,4,anchorshift,-0.03125002980232239,-0.031250009313225746
shuffled_labels,87,4,driftgate,-0.06250002980232239,-0.031250009313225746
shuffled_labels,87,4,fluxpatch,0.0,-0.031250009313225746
shuffled_labels,87,4,motifbridge,-0.03125002980232239,-0.031250009313225746
shuffled_labels,87,4,phasenest,-0.125,-0.031250009313225746
shuffled_labels,87,4,phasesar,-0.0937499850988388,-0.031250009313225746
shuffled_labels,87,4,quorumweave,-2.9802322387695312e-08,-0.031250009313225746
shuffled_labels,87,4,shardbloom,0.09375002980232239,-0.031250009313225746
shuffled_labels,87,5,anchorshift,-0.03125,-0.03906249813735485
shuffled_labels,87,5,driftgate,-0.1250000149011612,-0.03906249813735485
shuffled_labels,87,5,fluxpatch,-0.125,-0.03906249813735485
shuffled_labels,87,5,motifbridge,-0.031250014901161194,-0.03906249813735485
shuffled_labels,87,5,phasenest,-0.0625,-0.03906249813735485
shuffled_labels,87,5,phasesar,-1.4901161193847656e-08,-0.03906249813735485
shuffled_labels,87,5,quorumweave,2.9802322387695312e-08,-0.03906249813735485
shuffled_labels,87,5,shardbloom,0.06250002980232239,-0.03906249813735485
shuffled_labels,87,6,anchorshift,0.03125,-0.011718747206032276
shuffled_labels,87,6,driftgate,-0.062499985098838806,-0.011718747206032276
shuffled_labels,87,6,fluxpatch,-0.0625,-0.011718747206032276
shuffled_labels,87,6,motifbridge,-2.9802322387695312e-08,-0.011718747206032276
shuffled_labels,87,6,phasenest,-0.0624999925494194,-0.011718747206032276
shuffled_labels,87,6,phasesar,-0.09375,-0.011718747206032276
shuffled_labels,87,6,quorumweave,0.03125,-0.011718747206032276
shuffled_labels,87,6,shardbloom,0.1250000298023224,-0.011718747206032276
shuffled_labels,87,7,anchorshift,0.06249997019767761,0.02343750186264515
shuffled_labels,87,7,driftgate,0.0625,0.02343750186264515
shuffled_labels,87,7,fluxpatch,0.031250014901161194,0.02343750186264515
shuffled_labels,87,7,motifbridge,-0.06250002980232239,0.02343750186264515
shuffled_labels,87,7,phasenest,0.06250002980232239,0.02343750186264515
shuffled_labels,87,7,phasesar,-0.09375,0.02343750186264515
shuffled_labels,87,7,quorumweave,0.03125,0.02343750186264515
shuffled_labels,87,7,shardbloom,0.09375002980232239,0.02343750186264515
shuffled_labels,87,8,anchorshift,0.062499940395355225,0.08984374161809683
shuffled_labels,87,8,driftgate,0.0937499850988388,0.08984374161809683
shuffled_labels,87,8,fluxpatch,0.09375,0.08984374161809683
shuffled_labels,87,8,motifbridge,0.031249985098838806,0.08984374161809683
shuffled_labels,87,8,phasenest,0.0937500074505806,0.08984374161809683
shuffled_labels,87,8,phasesar,0.0937500149011612,0.08984374161809683
shuffled_labels,87,8,quorumweave,0.09375,0.08984374161809683
shuffled_labels,87,8,shardbloom,0.15625,0.08984374161809683
shuffled_labels,88,1,anchorshift,-0.03125008940696716,0.007812486961483955
shuffled_labels,88,1,driftgate,0.031250014901161194,0.007812486961483955
shuffled_labels,88,1,fluxpatch,0.0,0.007812486961483955
shuffled_labels,88,1,motifbridge,0.062499940395355225,0.007812486961483955
shuffled_labels,88,1,phasenest,0.03125,0.007812486961483955
shuffled_labels,88,1,phasesar,0.0,0.007812486961483955
shuffled_labels,88,1,quorumweave,-0.0625,0.007812486961483955
shuffled_labels,88,1,shardbloom,0.03125002980232239,0.007812486961483955
shuffled_labels,88,2,anchorshift,-2.9802322387695312e-08,0.03515625
shuffled_labels,88,2,driftgate,-0.03125,0.03515625
shuffled_labels,88,2,fluxpatch,-0.0625,0.03515625
shuffled_labels,88,2,motifbridge,0.06249997019767761,0.03515625
shuffled_labels,88,2,phasenest,0.1250000298023224,0.03515625
shuffled_labels,88,2,phasesar,0.0,0.03515625
shuffled_labels,88,2,quorumweave,0.09375,0.03515625
shuffled_labels,88,2,shardbloom,0.09375002980232239,0.03515625
shuffled_labels,88,3,anchorshift,0.06249997019767761,0.0234375
shuffled_labels,88,3,driftgate,1.4901161193847656e-08,0.0234375
shuffled_labels,88,3,fluxpatch,-0.03125,0.0234375
shuffled_labels,88,3,motifbridge,-2.9802322387695312e-08,0.0234375
shuffled_labels,88,3,phasenest,0.09375002980232239,0.0234375
shuffled_labels,88,3,phasesar,0.03125,0.0234375
shuffled_labels,88,3,quorumweave,0.031249985098838806,0.0234375
shuffled_labels,88,3,shardbloom,2.9802322387695312e-08,0.0234375
shuffled_labels,88,4,anchorshift,-2.9802322387695312e-08,-0.003906257450580597
shuffled_labels,88,4,driftgate,-0.031250014901161194,-0.003906257450580597
shuffled_labels,88,4,fluxpatch,0.0625,-0.003906257450580597
shuffled_labels,88,4,motifbridge,-0.03125002980232239,-0.003906257450580597
shuffled_labels,88,4,phasenest,-0.031250014901161194,-0.003906257450580597
shuffled_labels,88,4,phasesar,-0.03125,-0.003906257450580597
shuffled_labels,88,4,quorumweave,0.0,-0.003906257450580597
shuffled_labels,88,4,shardbloom,0.03125002980232239,-0.003906257450580597
shuffled_labels,88,5,anchorshift,0.12499997019767761,0.023437490686774254
shuffled_labels,88,5,driftgate,0.03125,0.023437490686774254
shuffled_labels,88,5,fluxpatch,0.0,0.023437490686774254
shuffled_labels,88,5,motifbridge,-0.031250059604644775,0.023437490686774254
shuffled_labels,88,5,phasenest,-0.03125,0.023437490686774254
shuffled_labels,88,5,phasesar,0.0,0.023437490686774254
shuffled_labels,88,5,quorumweave,0.031249985098838806,0.023437490686774254
shuffled_labels,88,5,shardbloom,0.06250002980232239,0.023437490686774254
shuffled_labels,88,6,anchorshift,-2.9802322387695312e-08,-0.015625002793967724
shuffled_labels,88,6,driftgate,0.0625000149011612,-0.015625002793967724
shuffled_labels,88,6,fluxpatch,-0.09375,-0.015625002793967724
shuffled_labels,88,6,motifbridge,-0.09375002980232239,-0.015625002793967724
shuffled_labels,88,6,phasenest,-0.0625000149011612,-0.015625002793967724
shuffled_labels,88,6,phasesar,-0.0625,-0.015625002793967724
shuffled_labels,88,6,quorumweave,-0.031249992549419403,-0.015625002793967724
shuffled_labels,88,6,shardbloom,0.1562500298023224,-0.015625002793967724
shuffled_labels,88,7,anchorshift,0.09374997019767761,-0.023437507450580597
shuffled_labels,88,7,driftgate,-0.031249992549419403,-0.023437507450580597
shuffled_labels,88,7,fluxpatch,-0.0625000149011612,-0.023437507450580597
shuffled_labels,88,7,motifbridge,-0.06250002980232239,-0.023437507450580597
shuffled_labels,88,7,phasenest,-0.09375,-0.023437507450580597
shuffled_labels,88,7,phasesar,-1.4901161193847656e-08,-0.023437507450580597
shuffled_labels,88,7,quorumweave,-0.0937500074505806,-0.023437507450580597
shuffled_labels,88,7,shardbloom,0.06250002980232239,-0.023437507450580597
shuffled_labels,88,8,anchorshift,-2.9802322387695312e-08,-0.03125000558793545
shuffled_labels,88,8,driftgate,-0.031249985098838806,-0.03125000558793545
shuffled_labels,88,8,fluxpatch,-0.0625000149011612,-0.03125000558793545
shuffled_labels,88,8,motifbridge,-0.031250059604644775,-0.03125000558793545
shuffled_labels,88,8,phasenest,-0.0937499850988388,-0.03125000558793545
shuffled_labels,88,8,phasesar,-0.09375,-0.03125000558793545
shuffled_labels,88,8,quorumweave,-0.03125,-0.03125000558793545
shuffled_labels,88,8,shardbloom,0.09375002980232239,-0.03125000558793545
shuffled_labels,89,1,anchorshift,-0.03125002980232239,0.0039062462747097015
shuffled_labels,89,1,driftgate,-0.031249985098838806,0.0039062462747097015
shuffled_labels,89,1,fluxpatch,0.03125,0.0039062462747097015
shuffled_labels,89,1,motifbridge,0.031249940395355225,0.0039062462747097015
shuffled_labels,89,1,phasenest,0.06249995529651642,0.0039062462747097015
shuffled_labels,89,1,phasesar,-0.031249940395355225,0.0039062462747097015
shuffled_labels,89,1,quorumweave,0.03125,0.0039062462747097015
shuffled_labels,89,1,shardbloom,-0.031249970197677612,0.0039062462747097015
shuffled_labels,89,2,anchorshift,0.0625,0.09765625
shuffled_labels,89,2,driftgate,0.03125,0.09765625
shuffled_labels,89,2,fluxpatch,0.15625,0.09765625
shuffled_labels,89,2,motifbridge,0.06249997019767761,0.09765625
shuffled_labels,89,2,phasenest,0.15625,0.09765625
shuffled_labels,89,2,phasesar,0.125,0.09765625
shuffled_labels,89,2,quorumweave,0.0625,0.09765625
shuffled_labels,89,2,shardbloom,0.1250000298023224,0.09765625
shuffled_labels,89,3,anchorshift,0.06249997019767761,0.08203125279396772
shuffled_labels,89,3,driftgate,0.03125,0.08203125279396772
shuffled_labels,89,3,fluxpatch,0.1562500149011612,0.08203125279396772
shuffled_labels,89,3,motifbridge,0.0312500074505806,0.08203125279396772
shuffled_labels,89,3,phasenest,0.0625,0.08203125279396772
shuffled_labels,89,3,phasesar,0.125,0.08203125279396772
shuffled_labels,89,3,quorumweave,0.09375,0.08203125279396772
shuffled_labels,89,3,shardbloom,0.09375002980232239,0.08203125279396772
shuffled_labels,89,4,anchorshift,0.09374994039535522,0.07031248696148396
shuffled_labels,89,4,driftgate,0.125,0.07031248696148396
shuffled_labels,89,4,fluxpatch,0.0937499850988388,0.07031248696148396
shuffled_labels,89,4,motifbridge,-2.9802322387695312e-08,0.07031248696148396
shuffled_labels,89,4,phasenest,0.0625,0.07031248696148396
shuffled_labels,89,4,phasesar,0.0,0.07031248696148396
shuffled_labels,89,4,quorumweave,0.031249970197677612,0.07031248696148396
shuffled_labels,89,4,shardbloom,0.1562500298023224,0.07031248696148396
shuffled_labels,89,5,anchorshift,0.1250000298023224,0.07421874441206455
shuffled_labels,89,5,driftgate,0.031249985098838806,0.07421874441206455
shuffled_labels,89,5,fluxpatch,0.125,0.07421874441206455
shuffled_labels,89,5,motifbridge,-0.03125007450580597,0.07421874441206455
shuffled_labels,89,5,phasenest,0.031249970197677612,0.07421874441206455
shuffled_labels,89,5,phasesar,0.0625,0.07421874441206455
shuffled_labels,89,5,quorumweave,0.0937500149011612,0.07421874441206455
shuffled_labels,89,5,shardbloom,0.1562500298023224,0.07421874441206455
shuffled_labels,89,6,anchorshift,0.125,0.07031249068677425
shuffled_labels,89,6,driftgate,0.06249997019767761,0.07031249068677425
shuffled_labels,89,6,fluxpatch,0.125,0.07031249068677425
shuffled_labels,89,6,motifbridge,-5.960464477539063e-08,0.07031249068677425
shuffled_labels,89,6,phasenest,0.09375,0.07031249068677425
shuffled_labels,89,6,phasesar,0.0937499850988388,0.07031249068677425
shuffled_labels,89,6,quorumweave,-0.0625,0.07031249068677425
shuffled_labels,89,6,shardbloom,0.1250000298023224,0.07031249068677425
shuffled_labels,89,7,anchorshift,0.09375,0.08984375931322575
shuffled_labels,89,7,driftgate,0.09375,0.08984375931322575
shuffled_labels,89,7,fluxpatch,0.125,0.08984375931322575
shuffled_labels,89,7,motifbridge,0.03125,0.08984375931322575
shuffled_labels,89,7,phasenest,0.0625,0.08984375931322575
shuffled_labels,89,7,phasesar,0.09375002980232239,0.08984375931322575
shuffled_labels,89,7,quorumweave,0.031250014901161194,0.08984375931322575
shuffled_labels,89,7,shardbloom,0.1875000298023224,0.08984375931322575
shuffled_labels,89,8,anchorshift,0.031249970197677612,0.058593740686774254
shuffled_labels,89,8,driftgate,0.031250014901161194,0.058593740686774254
shuffled_labels,89,8,fluxpatch,0.09374997019767761,0.058593740686774254
shuffled_labels,89,8,motifbridge,0.031249940395355225,0.058593740686774254
shuffled_labels,89,8,phasenest,0.0625,0.058593740686774254
shuffled_labels,89,8,phasesar,0.125,0.058593740686774254
shuffled_labels,89,8,quorumweave,-0.0625,0.058593740686774254
shuffled_labels,89,8,shardbloom,0.1562500298023224,0.058593740686774254
shuffled_labels,90,1,anchorshift,0.062499940395355225,-7.450580596923828e-09
shuffled_labels,90,1,driftgate,0.0,-7.450580596923828e-09
shuffled_labels,90,1,fluxpatch,0.0,-7.450580596923828e-09
shuffled_labels,90,1,motifbridge,-2.9802322387695312e-08,-7.450580596923828e-09
shuffled_labels,90,1,phasenest,-0.09375,-7.450580596923828e-09
shuffled_labels,90,1,phasesar,-0.0625,-7.450580596923828e-09
shuffled_labels,90,1,quorumweave,0.03125,-7.450580596923828e-09
shuffled_labels,90,1,shardbloom,0.06250002980232239,-7.450580596923828e-09
shuffled_labels,90,2,anchorshift,-0.03125002980232239,-0.03125000558793545
shuffled_labels,90,2,driftgate,0.0,-0.03125000558793545
shuffled_labels,90,2,fluxpatch,-0.09375,-0.03125000558793545
shuffled_labels,90,2,motifbridge,-0.09375002980232239,-0.03125000558793545
shuffled_labels,90,2,phasenest,-2.2351741790771484e-08,-0.03125000558793545
shuffled_labels,90,2,phasesar,-0.03125,-0.03125000558793545
shuffled_labels,90,2,quorumweave,-0.0624999925494194,-0.03125000558793545
shuffled_labels,90,2,shardbloom,0.06250002980232239,-0.03125000558793545
shuffled_labels,90,3,anchorshift,0.12499997019767761,0.0859374925494194
shuffled_labels,90,3,driftgate,0.0937500149011612,0.0859374925494194
shuffled_labels,90,3,fluxpatch,0.09374997019767761,0.0859374925494194
shuffled_labels,90,3,motifbridge,-2.9802322387695312e-08,0.0859374925494194
shuffled_labels,90,3,phasenest,0.125,0.0859374925494194
shuffled_labels,90,3,phasesar,0.09375,0.0859374925494194
shuffled_labels,90,3,quorumweave,0.031249985098838806,0.0859374925494194
shuffled_labels,90,3,shardbloom,0.1250000298023224,0.0859374925494194
shuffled_labels,90,4,anchorshift,0.09375,0.09375000186264515
shuffled_labels,90,4,driftgate,0.0625,0.09375000186264515
shuffled_labels,90,4,fluxpatch,0.125,0.09375000186264515
shuffled_labels,90,4,motifbridge,0.031249970197677612,0.09375000186264515
shuffled_labels,90,4,phasenest,0.125,0.09375000186264515
shuffled_labels,90,4,phasesar,0.1250000149011612,0.09375000186264515
shuffled_labels,90,4,quorumweave,0.0625,0.09375000186264515
shuffled_labels,90,4,shardbloom,0.1250000298023224,0.09375000186264515
shuffled_labels,90,5,anchorshift,0.12499997019767761,0.06640625465661287
shuffled_labels,90,5,driftgate,0.03125002980232239,0.06640625465661287
shuffled_labels,90,5,fluxpatch,0.09375002980232239,0.06640625465661287
shuffled_labels,90,5,motifbridge,0.031249970197677612,0.06640625465661287
shuffled_labels,90,5,phasenest,0.0625000074505806,0.06640625465661287
shuffled_labels,90,5,phasesar,0.09375,0.06640625465661287
shuffled_labels,90,5,quorumweave,0.0,0.06640625465661287
shuffled_labels,90,5,shardbloom,0.09375002980232239,0.06640625465661287
shuffled_labels,90,6,anchorshift,0.09374997019767761,0.0585937425494194
shuffled_labels,90,6,driftgate,0.03124995529651642,0.0585937425494194
shuffled_labels,90,6,fluxpatch,0.09375002980232239,0.0585937425494194
shuffled_labels,90,6,motifbridge,-0.03125002980232239,0.0585937425494194
shuffled_labels,90,6,phasenest,0.06249997019767761,0.0585937425494194
shuffled_labels,90,6,phasesar,0.125,0.0585937425494194
shuffled_labels,90,6,quorumweave,-0.031249985098838806,0.0585937425494194
shuffled_labels,90,6,shardbloom,0.1250000298023224,0.0585937425494194
shuffled_labels,90,7,anchorshift,0.12499997019767761,0.0625000037252903
shuffled_labels,90,7,driftgate,0.03125,0.0625000037252903
shuffled_labels,90,7,fluxpatch,0.0625,0.0625000037252903
shuffled_labels,90,7,motifbridge,-0.0625,0.0625000037252903
shuffled_labels,90,7,phasenest,0.1250000149011612,0.0625000037252903
shuffled_labels,90,7,phasesar,0.09375002980232239,0.0625000037252903
shuffled_labels,90,7,quorumweave,-0.0625000149011612,0.0625000037252903
shuffled_labels,90,7,shardbloom,0.1875000298023224,0.0625000037252903
shuffled_labels,90,8,anchorshift,0.12499997019767761,0.11328125186264515
shuffled_labels,90,8,driftgate,0.0625,0.11328125186264515
shuffled_labels,90,8,fluxpatch,0.12500005960464478,0.11328125186264515
shuffled_labels,90,8,motifbridge,0.062499940395355225,0.11328125186264515
shuffled_labels,90,8,phasenest,0.1250000149011612,0.11328125186264515
shuffled_labels,90,8,phasesar,0.15625,0.11328125186264515
shuffled_labels,90,8,quorumweave,0.125,0.11328125186264515
shuffled_labels,90,8,shardbloom,0.1250000298023224,0.11328125186264515
shuffled_labels,91,1,anchorshift,-0.09375002980232239,-0.039062502793967724
shuffled_labels,91,1,driftgate,-0.031249985098838806,-0.039062502793967724
shuffled_labels,91,1,fluxpatch,-0.09375,-0.039062502793967724
shuffled_labels,91,1,motifbridge,-0.031250059604644775,-0.039062502793967724
shuffled_labels,91,1,phasenest,-0.03125002235174179,-0.039062502793967724
shuffled_labels,91,1,phasesar,-0.03124995529651642,-0.039062502793967724
shuffled_labels,91,1,quorumweave,-0.03125,-0.039062502793967724
shuffled_labels,91,1,shardbloom,0.03125002980232239,-0.039062502793967724
shuffled_labels,91,2,anchorshift,0.09374997019767761,0.07421875
shuffled_labels,91,2,driftgate,0.0625,0.07421875
shuffled_labels,91,2,fluxpatch,0.125,0.07421875
shuffled_labels,91,2,motifbridge,0.0625,0.07421875
shuffled_labels,91,2,phasenest,0.0625,0.07421875
shuffled_labels,91,2,phasesar,0.03125,0.07421875
shuffled_labels,91,2,quorumweave,0.03125,0.07421875
shuffled_labels,91,2,shardbloom,0.1250000298023224,0.07421875
shuffled_labels,91,3,anchorshift,0.12499997019767761,0.10546875
shuffled_labels,91,3,driftgate,0.09375,0.10546875
shuffled_labels,91,3,fluxpatch,0.09375,0.10546875
shuffled_labels,91,3,motifbridge,0.06249997019767761,0.10546875
shuffled_labels,91,3,phasenest,0.1562500074505806,0.10546875
shuffled_labels,91,3,phasesar,0.0937499850988388,0.10546875
shuffled_labels,91,3,quorumweave,0.09375003725290298,0.10546875
shuffled_labels,91,3,shardbloom,0.1250000298023224,0.10546875
shuffled_labels,91,4,anchorshift,0.031249970197677612,0.04296873789280653
shuffled_labels,91,4,driftgate,0.03125,0.04296873789280653
shuffled_labels,91,4,fluxpatch,0.09375,0.04296873789280653
shuffled_labels,91,4,motifbridge,-5.960464477539063e-08,0.04296873789280653
shuffled_labels,91,4,phasenest,0.06249997764825821,0.04296873789280653
shuffled_labels,91,4,phasesar,0.0625000074505806,0.04296873789280653
shuffled_labels,91,4,quorumweave,-2.2351741790771484e-08,0.04296873789280653
shuffled_labels,91,4,shardbloom,0.06250002980232239,0.04296873789280653
shuffled_labels,91,5,anchorshift,0.09374997019767761,0.19921875
shuffled_labels,91,5,driftgate,0.0937499850988388,0.19921875
shuffled_labels,91,5,fluxpatch,0.21875,0.19921875
shuffled_labels,91,5,motifbridge,0.12499997019767761,0.19921875
shuffled_labels,91,5,phasenest,0.4062500223517418,0.19921875
shuffled_labels,91,5,phasesar,0.0625000149011612,0.19921875
shuffled_labels,91,5,quorumweave,0.25,0.19921875
shuffled_labels,91,5,shardbloom,0.343750037252903,0.19921875
shuffled_labels,91,6,anchorshift,0.06249997019767761,0.1992187425494194
shuffled_labels,91,6,driftgate,0.1562499701976776,0.1992187425494194
shuffled_labels,91,6,fluxpatch,0.1875,0.1992187425494194
shuffled_labels,91,6,motifbridge,0.06249997019767761,0.1992187425494194
shuffled_labels,91,6,phasenest,0.375,0.1992187425494194
shuffled_labels,91,6,phasesar,0.15625,0.1992187425494194
shuffled_labels,91,6,quorumweave,0.25,0.1992187425494194
shuffled_labels,91,6,shardbloom,0.3437500298023224,0.1992187425494194
shuffled_labels,91,7,anchorshift,0.062499940395355225,0.20703124068677425
shuffled_labels,91,7,driftgate,0.1874999850988388,0.20703124068677425
shuffled_labels,91,7,fluxpatch,0.21875,0.20703124068677425
shuffled_labels,91,7,motifbridge,0.12499997019767761,0.20703124068677425
shuffled_labels,91,7,phasenest,0.34375,0.20703124068677425
shuffled_labels,91,7,phasesar,0.125,0.20703124068677425
shuffled_labels,91,7,quorumweave,0.21875,0.20703124068677425
shuffled_labels,91,7,shardbloom,0.3750000298023224,0.20703124068677425
shuffled_labels,91,8,anchorshift,0.06249997019767761,0.21484374906867743
shuffled_labels,91,8,driftgate,0.1562499850988388,0.21484374906867743
shuffled_labels,91,8,fluxpatch,0.2500000149011612,0.21484374906867743
shuffled_labels,91,8,motifbridge,0.12499997019767761,0.21484374906867743
shuffled_labels,91,8,phasenest,0.2812500074505806,0.21484374906867743
shuffled_labels,91,8,phasesar,0.1562500149011612,0.21484374906867743
shuffled_labels,91,8,quorumweave,0.3125,0.21484374906867743
shuffled_labels,91,8,shardbloom,0.3750000298023224,0.21484374906867743
shuffled_labels,92,1,anchorshift,-5.960464477539063e-08,0.015624985098838806
shuffled_labels,92,1,driftgate,-0.03125,0.015624985098838806
shuffled_labels,92,1,fluxpatch,-1.4901161193847656e-08,0.015624985098838806
shuffled_labels,92,1,motifbridge,0.09374995529651642,0.015624985098838806
shuffled_labels,92,1,phasenest,-0.06250002980232239,0.015624985098838806
shuffled_labels,92,1,phasesar,0.03125,0.015624985098838806
shuffled_labels,92,1,quorumweave,0.0625,0.015624985098838806
shuffled_labels,92,1,shardbloom,0.03125002980232239,0.015624985098838806
shuffled_labels,92,2,anchorshift,0.0625,0.06640625
shuffled_labels,92,2,driftgate,0.0625,0.06640625
shuffled_labels,92,2,fluxpatch,0.0625,0.06640625
shuffled_labels,92,2,motifbridge,-2.9802322387695312e-08,0.06640625
shuffled_labels,92,2,phasenest,0.125,0.06640625
shuffled_labels,92,2,phasesar,0.09375,0.06640625
shuffled_labels,92,2,quorumweave,0.09375,0.06640625
shuffled_labels,92,2,shardbloom,0.03125002980232239,0.06640625
shuffled_labels,92,3,anchorshift,0.031249970197677612,0.08593748696148396
shuffled_labels,92,3,driftgate,0.031249970197677612,0.08593748696148396
shuffled_labels,92,3,fluxpatch,0.06249995529651642,0.08593748696148396
shuffled_labels,92,3,motifbridge,0.06249995529651642,0.08593748696148396
shuffled_labels,92,3,phasenest,0.1875000149011612,0.08593748696148396
shuffled_labels,92,3,phasesar,0.15625,0.08593748696148396
shuffled_labels,92,3,quorumweave,0.09375,0.08593748696148396
shuffled_labels,92,3,shardbloom,0.06250002980232239,0.08593748696148396
shuffled_labels,92,4,anchorshift,0.09374997019767761,0.1249999925494194
shuffled_labels,92,4,driftgate,0.03125,0.1249999925494194
shuffled_labels,92,4,fluxpatch,0.15625,0.1249999925494194
shuffled_labels,92,4,motifbridge,-4.470348358154297e-08,0.1249999925494194
shuffled_labels,92,4,phasenest,0.28125,0.1249999925494194
shuffled_labels,92,4,phasesar,0.1874999850988388,0.1249999925494194
shuffled_labels,92,4,quorumweave,0.15625,0.1249999925494194
shuffled_labels,92,4,shardbloom,0.09375002980232239,0.1249999925494194
shuffled_labels,92,5,anchorshift,0.1874999701976776,0.21484374813735485
shuffled_labels,92,5,driftgate,0.1562500149011612,0.21484374813735485
shuffled_labels,92,5,fluxpatch,0.21875,0.21484374813735485
shuffled_labels,92,5,motifbridge,0.12499997019767761,0.21484374813735485
shuffled_labels,92,5,phasenest,0.375,0.21484374813735485
shuffled_labels,92,5,phasesar,0.1875,0.21484374813735485
shuffled_labels,92,5,quorumweave,0.21875,0.21484374813735485
shuffled_labels,92,5,shardbloom,0.2500000298023224,0.21484374813735485
shuffled_labels,92,6,anchorshift,0.09374997019767761,0.203125
shuffled_labels,92,6,driftgate,0.15625,0.203125
shuffled_labels,92,6,fluxpatch,0.15625,0.203125
shuffled_labels,92,6,motifbridge,0.09374997019767761,0.203125
shuffled_labels,92,6,phasenest,0.375,0.203125
shuffled_labels,92,6,phasesar,0.1875000298023224,0.203125
shuffled_labels,92,6,quorumweave,0.3125,0.203125
shuffled_labels,92,6,shardbloom,0.2500000298023224,0.203125
shuffled_labels,92,7,anchorshift,0.0625,0.1796875074505806
shuffled_labels,92,7,driftgate,0.1562500298023224,0.1796875074505806
shuffled_labels,92,7,fluxpatch,0.1875,0.1796875074505806
shuffled_labels,92,7,motifbridge,0.1249999850988388,0.1796875074505806
shuffled_labels,92,7,phasenest,0.3437500149011612,0.1796875074505806
shuffled_labels,92,7,phasesar,0.15625,0.1796875074505806
shuffled_labels,92,7,quorumweave,0.1875,0.1796875074505806
shuffled_labels,92,7,shardbloom,0.2187500298023224,0.1796875074505806
shuffled_labels,92,8,anchorshift,0.06249997019767761,0.16406250931322575
shuffled_labels,92,8,driftgate,0.1249999850988388,0.16406250931322575
shuffled_labels,92,8,fluxpatch,0.1875,0.16406250931322575
shuffled_labels,92,8,motifbridge,0.1249999850988388,0.16406250931322575
shuffled_labels,92,8,phasenest,0.2812500596046448,0.16406250931322575
shuffled_labels,92,8,phasesar,0.1562500149011612,0.16406250931322575
shuffled_labels,92,8,quorumweave,0.15625,0.16406250931322575
shuffled_labels,92,8,shardbloom,0.21875005960464478,0.16406250931322575
shuffled_labels,93,1,anchorshift,-2.9802322387695312e-08,-0.0156250037252903
shuffled_labels,93,1,driftgate,-0.0625,-0.0156250037252903
shuffled_labels,93,1,fluxpatch,0.0,-0.0156250037252903
shuffled_labels,93,1,motifbridge,-0.03125002980232239,-0.0156250037252903
shuffled_labels,93,1,phasenest,-0.03125,-0.0156250037252903
shuffled_labels,93,1,phasesar,0.03125,-0.0156250037252903
shuffled_labels,93,1,quorumweave,0.0,-0.0156250037252903
shuffled_labels,93,1,shardbloom,-0.031249970197677612,-0.0156250037252903
shuffled_labels,93,2,anchorshift,-0.09375,1.862645149230957e-09
shuffled_labels,93,2,driftgate,-0.03125,1.862645149230957e-09
shuffled_labels,93,2,fluxpatch,0.0,1.862645149230957e-09
shuffled_labels,93,2,motifbridge,0.0,1.862645149230957e-09
shuffled_labels,93,2,phasenest,0.0,1.862645149230957e-09
shuffled_labels,93,2,phasesar,0.0937499850988388,1.862645149230957e-09
shuffled_labels,93,2,quorumweave,0.03125,1.862645149230957e-09
shuffled_labels,93,2,shardbloom,2.9802322387695312e-08,1.862645149230957e-09
shuffled_labels,93,3,anchorshift,0.09374991059303284,0.1132812388241291
shuffled_labels,93,3,driftgate,0.03125,0.1132812388241291
shuffled_labels,93,3,fluxpatch,0.09375,0.1132812388241291
shuffled_labels,93,3,motifbridge,0.062499985098838806,0.1132812388241291
shuffled_labels,93,3,phasenest,0.1874999701976776,0.1132812388241291
shuffled_labels,93,3,phasesar,0.1875000149011612,0.1132812388241291
shuffled_labels,93,3,quorumweave,0.09375,0.1132812388241291
shuffled_labels,93,3,shardbloom,0.1562500298023224,0.1132812388241291
shuffled_labels,93,4,anchorshift,0.031249970197677612,0.1289062462747097
shuffled_labels,93,4,driftgate,0.125,0.1289062462747097
shuffled_labels,93,4,fluxpatch,0.0937499850988388,0.1289062462747097
shuffled_labels,93,4,motifbridge,0.0937499850988388,0.1289062462747097
shuffled_labels,93,4,phasenest,0.28125,0.1289062462747097
shuffled_labels,93,4,phasesar,0.15625,0.1289062462747097
shuffled_labels,93,4,quorumweave,0.09375,0.1289062462747097
shuffled_labels,93,4,shardbloom,0.1562500298023224,0.1289062462747097
shuffled_labels,93,5,anchorshift,0.031249940395355225,0.11718748696148396
shuffled_labels,93,5,driftgate,0.0625,0.11718748696148396
shuffled_labels,93,5,fluxpatch,0.12499997019767761,0.11718748696148396
shuffled_labels,93,5,motifbridge,0.031249970197677612,0.11718748696148396
shuffled_labels,93,5,phasenest,0.1875,0.11718748696148396
shuffled_labels,93,5,phasesar,0.1562499850988388,0.11718748696148396
shuffled_labels,93,5,quorumweave,0.125,0.11718748696148396
shuffled_labels,93,5,shardbloom,0.2187500298023224,0.11718748696148396
shuffled_labels,93,6,anchorshift,0.15624991059303284,0.10156247764825821
shuffled_labels,93,6,driftgate,0.062499985098838806,0.10156247764825821
shuffled_labels,93,6,fluxpatch,-0.031250014901161194,0.10156247764825821
shuffled_labels,93,6,motifbridge,-2.9802322387695312e-08,0.10156247764825821
shuffled_labels,93,6,phasenest,0.1875000149011612,0.10156247764825821
shuffled_labels,93,6,phasesar,0.031249985098838806,0.10156247764825821
shuffled_labels,93,6,quorumweave,0.2187499701976776,0.10156247764825821
shuffled_labels,93,6,shardbloom,0.1875,0.10156247764825821
shuffled_labels,93,7,anchorshift,0.09375,0.1093749962747097
shuffled_labels,93,7,driftgate,0.0625,0.1093749962747097
shuffled_labels,93,7,fluxpatch,0.031249970197677612,0.1093749962747097
shuffled_labels,93,7,motifbridge,0.06249997019767761,0.1093749962747097
shuffled_labels,93,7,phasenest,0.1875,0.1093749962747097
shuffled_labels,93,7,phasesar,0.15625,0.1093749962747097
shuffled_labels,93,7,quorumweave,0.125,0.1093749962747097
shuffled_labels,93,7,shardbloom,0.1562500298023224,0.1093749962747097
shuffled_labels,93,8,anchorshift,0.031249940395355225,0.12109373603016138
shuffled_labels,93,8,driftgate,0.125,0.12109373603016138
shuffled_labels,93,8,fluxpatch,0.09374995529651642,0.12109373603016138
shuffled_labels,93,8,motifbridge,0.03124995529651642,0.12109373603016138
shuffled_labels,93,8,phasenest,0.2187500074505806,0.12109373603016138
shuffled_labels,93,8,phasesar,0.15625,0.12109373603016138
shuffled_labels,93,8,quorumweave,0.1250000298023224,0.12109373603016138
shuffled_labels,93,8,shardbloom,0.1875,0.12109373603016138
shuffled_labels,94,1,anchorshift,-5.960464477539063e-08,0.050781236961483955
shuffled_labels,94,1,driftgate,-0.03125,0.050781236961483955
shuffled_labels,94,1,fluxpatch,0.09375,0.050781236961483955
shuffled_labels,94,1,motifbridge,0.06249997019767761,0.050781236961483955
shuffled_labels,94,1,phasenest,0.06249997019767761,0.050781236961483955
shuffled_labels,94,1,phasesar,0.125,0.050781236961483955
shuffled_labels,94,1,quorumweave,-0.031249985098838806,0.050781236961483955
shuffled_labels,94,1,shardbloom,0.125,0.050781236961483955
shuffled_labels,94,2,anchorshift,0.125,0.10156249813735485
shuffled_labels,94,2,driftgate,0.09375,0.10156249813735485
shuffled_labels,94,2,fluxpatch,0.09375,0.10156249813735485
shuffled_labels,94,2,motifbridge,-2.9802322387695312e-08,0.10156249813735485
shuffled_labels,94,2,phasenest,0.1874999850988388,0.10156249813735485
shuffled_labels,94,2,phasesar,0.15625,0.10156249813735485
shuffled_labels,94,2,quorumweave,0.0625,0.10156249813735485
shuffled_labels,94,2,shardbloom,0.09375002980232239,0.10156249813735485
shuffled_labels,94,3,anchorshift,0.03124988079071045,0.0742187388241291
shuffled_labels,94,3,driftgate,0.0625,0.0742187388241291
shuffled_labels,94,3,fluxpatch,0.03125,0.0742187388241291
shuffled_labels,94,3,motifbridge,0.031249970197677612,0.0742187388241291
shuffled_labels,94,3,phasenest,0.09375002980232239,0.0742187388241291
shuffled_labels,94,3,phasesar,0.125,0.0742187388241291
shuffled_labels,94,3,quorumweave,0.125,0.0742187388241291
shuffled_labels,94,3,shardbloom,0.09375002980232239,0.0742187388241291
shuffled_labels,94,4,anchorshift,0.03125,0.10937499906867743
shuffled_labels,94,4,driftgate,0.125,0.10937499906867743
shuffled_labels,94,4,fluxpatch,0.03125,0.10937499906867743
shuffled_labels,94,4,motifbridge,0.06249995529651642,0.10937499906867743
shuffled_labels,94,4,phasenest,0.2500000074505806,0.10937499906867743
shuffled_labels,94,4,phasesar,0.15625,0.10937499906867743
shuffled_labels,94,4,quorumweave,0.09375,0.10937499906867743
shuffled_labels,94,4,shardbloom,0.1250000298023224,0.10937499906867743
shuffled_labels,94,5,anchorshift,0.03125,0.10156250186264515
shuffled_labels,94,5,driftgate,0.0625000149011612,0.10156250186264515
shuffled_labels,94,5,fluxpatch,0.09375,0.10156250186264515
shuffled_labels,94,5,motifbridge,-2.9802322387695312e-08,0.10156250186264515
shuffled_labels,94,5,phasenest,0.21875,0.10156250186264515
shuffled_labels,94,5,phasesar,0.15625,0.10156250186264515
shuffled_labels,94,5,quorumweave,0.09375,0.10156250186264515
shuffled_labels,94,5,shardbloom,0.1562500298023224,0.10156250186264515
shuffled_labels,94,6,anchorshift,0.15624994039535522,0.11328124906867743
shuffled_labels,94,6,driftgate,0.03125,0.11328124906867743
shuffled_labels,94,6,fluxpatch,0.125,0.11328124906867743
shuffled_labels,94,6,motifbridge,0.031249970197677612,0.11328124906867743
shuffled_labels,94,6,phasenest,0.1875000223517418,0.11328124906867743
shuffled_labels,94,6,phasesar,0.15625,0.11328124906867743
shuffled_labels,94,6,quorumweave,0.09375002980232239,0.11328124906867743
shuffled_labels,94,6,shardbloom,0.1250000298023224,0.11328124906867743
shuffled_labels,94,7,anchorshift,0.06249992549419403,0.16796874441206455
shuffled_labels,94,7,driftgate,0.15625,0.16796874441206455
shuffled_labels,94,7,fluxpatch,0.125,0.16796874441206455
shuffled_labels,94,7,motifbridge,0.06249997019767761,0.16796874441206455
shuffled_labels,94,7,phasenest,0.28125,0.16796874441206455
shuffled_labels,94,7,phasesar,0.2187500298023224,0.16796874441206455
shuffled_labels,94,7,quorumweave,0.15625,0.16796874441206455
shuffled_labels,94,7,shardbloom,0.2812500298023224,0.16796874441206455
shuffled_labels,94,8,anchorshift,0.0937499850988388,0.2421874888241291
shuffled_labels,94,8,driftgate,0.2812499850988388,0.2421874888241291
shuffled_labels,94,8,fluxpatch,0.2187499850988388,0.2421874888241291
shuffled_labels,94,8,motifbridge,0.031249970197677612,0.2421874888241291
shuffled_labels,94,8,phasenest,0.3749999850988388,0.2421874888241291
shuffled_labels,94,8,phasesar,0.375,0.2421874888241291
shuffled_labels,94,8,quorumweave,0.25,0.2421874888241291
shuffled_labels,94,8,shardbloom,0.3125,0.2421874888241291
shuffled_labels,95,1,anchorshift,-0.06250005960464478,0.04296874441206455
shuffled_labels,95,1,driftgate,-0.031249985098838806,0.04296874441206455
shuffled_labels,95,1,fluxpatch,0.15625,0.04296874441206455
shuffled_labels,95,1,motifbridge,-2.9802322387695312e-08,0.04296874441206455
shuffled_labels,95,1,phasenest,0.09375,0.04296874441206455
shuffled_labels,95,1,phasesar,0.09375,0.04296874441206455
shuffled_labels,95,1,quorumweave,0.03125,0.04296874441206455
shuffled_labels,95,1,shardbloom,0.06250002980232239,0.04296874441206455
shuffled_labels,95,2,anchorshift,0.12499997019767761,0.0585937425494194
shuffled_labels,95,2,driftgate,0.03125,0.0585937425494194
shuffled_labels,95,2,fluxpatch,0.1249999850988388,0.0585937425494194
shuffled_labels,95,2,motifbridge,-4.470348358154297e-08,0.0585937425494194
shuffled_labels,95,2,phasenest,0.0937499850988388,0.0585937425494194
shuffled_labels,95,2,phasesar,0.0937500149011612,0.0585937425494194
shuffled_labels,95,2,quorumweave,0.03125,0.0585937425494194
shuffled_labels,95,2,shardbloom,-0.031249970197677612,0.0585937425494194
shuffled_labels,95,3,anchorshift,0.06249997019767761,0.07031249068677425
shuffled_labels,95,3,driftgate,0.0625,0.07031249068677425
shuffled_labels,95,3,fluxpatch,0.1249999850988388,0.07031249068677425
shuffled_labels,95,3,motifbridge,-5.960464477539063e-08,0.07031249068677425
shuffled_labels,95,3,phasenest,0.0,0.07031249068677425
shuffled_labels,95,3,phasesar,0.09375,0.07031249068677425
shuffled_labels,95,3,quorumweave,0.09375,0.07031249068677425
shuffled_labels,95,3,shardbloom,0.1250000298023224,0.07031249068677425
shuffled_labels,95,4,anchorshift,0.09374997019767761,0.10937499720603228
shuffled_labels,95,4,driftgate,0.09375,0.10937499720603228
shuffled_labels,95,4,fluxpatch,0.15625,0.10937499720603228
shuffled_labels,95,4,motifbridge,0.06249997019767761,0.10937499720603228
shuffled_labels,95,4,phasenest,0.09375,0.10937499720603228
shuffled_labels,95,4,phasesar,0.0625000074505806,0.10937499720603228
shuffled_labels,95,4,quorumweave,0.125,0.10937499720603228
shuffled_labels,95,4,shardbloom,0.1875000298023224,0.10937499720603228
shuffled_labels,95,5,anchorshift,0.031249970197677612,0.1835937462747097
shuffled_labels,95,5,driftgate,0.15625,0.1835937462747097
shuffled_labels,95,5,fluxpatch,0.1875,0.1835937462747097
shuffled_labels,95,5,motifbridge,0.031249970197677612,0.1835937462747097
shuffled_labels,95,5,phasenest,0.3125,0.1835937462747097
shuffled_labels,95,5,phasesar,0.21875,0.1835937462747097
shuffled_labels,95,5,quorumweave,0.25,0.1835937462747097
shuffled_labels,95,5,shardbloom,0.2812500298023224,0.1835937462747097
shuffled_labels,95,6,anchorshift,0.1562499701976776,0.19140624441206455
shuffled_labels,95,6,driftgate,0.15625,0.19140624441206455
shuffled_labels,95,6,fluxpatch,0.21875,0.19140624441206455
shuffled_labels,95,6,motifbridge,0.09374997019767761,0.19140624441206455
shuffled_labels,95,6,phasenest,0.21875,0.19140624441206455
shuffled_labels,95,6,phasesar,0.125,0.19140624441206455
shuffled_labels,95,6,quorumweave,0.21875,0.19140624441206455
shuffled_labels,95,6,shardbloom,0.3437500149011612,0.19140624441206455
shuffled_labels,95,7,anchorshift,0.1562499701976776,0.1757812425494194
shuffled_labels,95,7,driftgate,0.1875,0.1757812425494194
shuffled_labels,95,7,fluxpatch,0.25,0.1757812425494194
shuffled_labels,95,7,motifbridge,0.09374995529651642,0.1757812425494194
shuffled_labels,95,7,phasenest,0.1874999850988388,0.1757812425494194
shuffled_labels,95,7,phasesar,0.09375,0.1757812425494194
shuffled_labels,95,7,quorumweave,0.125,0.1757812425494194
shuffled_labels,95,7,shardbloom,0.3125000298023224,0.1757812425494194
shuffled_labels,95,8,anchorshift,0.1562499701976776,0.1640624888241291
shuffled_labels,95,8,driftgate,0.125,0.1640624888241291
shuffled_labels,95,8,fluxpatch,0.1874999850988388,0.1640624888241291
shuffled_labels,95,8,motifbridge,0.031249970197677612,0.1640624888241291
shuffled_labels,95,8,phasenest,0.1874999701976776,0.1640624888241291
shuffled_labels,95,8,phasesar,0.062499985098838806,0.1640624888241291
shuffled_labels,95,8,quorumweave,0.1875,0.1640624888241291
shuffled_labels,95,8,shardbloom,0.3750000298023224,0.1640624888241291
shuffled_labels,96,1,anchorshift,-2.9802322387695312e-08,-0.0312500074505806
shuffled_labels,96,1,driftgate,-0.0937499850988388,-0.0312500074505806
shuffled_labels,96,1,fluxpatch,-0.03125,-0.0312500074505806
shuffled_labels,96,1,motifbridge,0.031249940395355225,-0.0312500074505806
shuffled_labels,96,1,phasenest,-0.0625,-0.0312500074505806
shuffled_labels,96,1,phasesar,-0.0625000149011612,-0.0312500074505806
shuffled_labels,96,1,quorumweave,-0.03125,-0.0312500074505806
shuffled_labels,96,1,shardbloom,2.9802322387695312e-08,-0.0312500074505806
shuffled_labels,96,2,anchorshift,-2.9802322387695312e-08,-0.02343749813735485
shuffled_labels,96,2,driftgate,-0.09375,-0.02343749813735485
shuffled_labels,96,2,fluxpatch,-0.125,-0.02343749813735485
shuffled_labels,96,2,motifbridge,0.031249985098838806,-0.02343749813735485
shuffled_labels,96,2,phasenest,-0.03125,-0.02343749813735485
shuffled_labels,96,2,phasesar,0.0,-0.02343749813735485
shuffled_labels,96,2,quorumweave,0.03125,-0.02343749813735485
shuffled_labels,96,2,shardbloom,5.960464477539063e-08,-0.02343749813735485
shuffled_labels,96,3,anchorshift,-0.06250005960464478,-0.02734377048909664
shuffled_labels,96,3,driftgate,-0.06250002980232239,-0.02734377048909664
shuffled_labels,96,3,fluxpatch,0.03125,-0.02734377048909664
shuffled_labels,96,3,motifbridge,0.03124992549419403,-0.02734377048909664
shuffled_labels,96,3,phasenest,-0.09375,-0.02734377048909664
shuffled_labels,96,3,phasesar,-0.03125,-0.02734377048909664
shuffled_labels,96,3,quorumweave,-0.0625,-0.02734377048909664
shuffled_labels,96,3,shardbloom,0.03125,-0.02734377048909664
shuffled_labels,96,4,anchorshift,-2.9802322387695312e-08,-0.0859375037252903
shuffled_labels,96,4,driftgate,-0.125,-0.0859375037252903
shuffled_labels,96,4,fluxpatch,-0.12499997019767761,-0.0859375037252903
shuffled_labels,96,4,motifbridge,-0.09375005960464478,-0.0859375037252903
shuffled_labels,96,4,phasenest,-0.15625,-0.0859375037252903
shuffled_labels,96,4,phasesar,-0.0625,-0.0859375037252903
shuffled_labels,96,4,quorumweave,-0.09375,-0.0859375037252903
shuffled_labels,96,4,shardbloom,-0.031249970197677612,-0.0859375037252903
shuffled_labels,96,5,anchorshift,-0.06250002980232239,-0.08984375558793545
shuffled_labels,96,5,driftgate,-0.09375,-0.08984375558793545
shuffled_labels,96,5,fluxpatch,-0.125,-0.08984375558793545
shuffled_labels,96,5,motifbridge,-5.960464477539063e-08,-0.08984375558793545
shuffled_labels,96,5,phasenest,-0.1562499701976776,-0.08984375558793545
shuffled_labels,96,5,phasesar,-0.1250000149011612,-0.08984375558793545
shuffled_labels,96,5,quorumweave,-0.09375,-0.08984375558793545
shuffled_labels,96,5,shardbloom,-0.06249997019767761,-0.08984375558793545
shuffled_labels,96,6,anchorshift,-0.03125002980232239,-0.10937499441206455
shuffled_labels,96,6,driftgate,-0.0625,-0.10937499441206455
shuffled_labels,96,6,fluxpatch,-0.0625,-0.10937499441206455
shuffled_labels,96,6,motifbridge,-0.1562500298023224,-0.10937499441206455
shuffled_labels,96,6,phasenest,-0.2812499850988388,-0.10937499441206455
shuffled_labels,96,6,phasesar,-0.125,-0.10937499441206455
shuffled_labels,96,6,quorumweave,-0.1875,-0.10937499441206455
shuffled_labels,96,6,shardbloom,0.03125008940696716,-0.10937499441206455
shuffled_labels,96,7,anchorshift,-0.09375002980232239,-0.06640624813735485
shuffled_labels,96,7,driftgate,-0.09375,-0.06640624813735485
shuffled_labels,96,7,fluxpatch,-0.03125,-0.06640624813735485
shuffled_labels,96,7,motifbridge,-0.0937499925494194,-0.06640624813735485
shuffled_labels,96,7,phasenest,-0.15625,-0.06640624813735485
shuffled_labels,96,7,phasesar,-0.0624999925494194,-0.06640624813735485
shuffled_labels,96,7,quorumweave,0.0,-0.06640624813735485
shuffled_labels,96,7,shardbloom,2.9802322387695312e-08,-0.06640624813735485
shuffled_labels,96,8,anchorshift,0.0,0.0351562462747097
shuffled_labels,96,8,driftgate,-1.4901161193847656e-08,0.0351562462747097
shuffled_labels,96,8,fluxpatch,0.0625,0.0351562462747097
shuffled_labels,96,8,motifbridge,0.03125,0.0351562462747097
shuffled_labels,96,8,phasenest,0.0625,0.0351562462747097
shuffled_labels,96,8,phasesar,-0.031250014901161194,0.0351562462747097
shuffled_labels,96,8,quorumweave,-2.9802322387695312e-08,0.0351562462747097
shuffled_labels,96,8,shardbloom,0.1562500298023224,0.0351562462747097
shuffled_labels,97,1,anchorshift,0.1562499701976776,0.13281249534338713
shuffled_labels,97,1,driftgate,0.09375,0.13281249534338713
shuffled_labels,97,1,fluxpatch,0.1874999850988388,0.13281249534338713
shuffled_labels,97,1,motifbridge,0.06249997019767761,0.13281249534338713
shuffled_labels,97,1,phasenest,0.125,0.13281249534338713
shuffled_labels,97,1,phasesar,0.1875000074505806,0.13281249534338713
shuffled_labels,97,1,quorumweave,0.09375,0.13281249534338713
shuffled_labels,97,1,shardbloom,0.1562500298023224,0.13281249534338713
shuffled_labels,97,2,anchorshift,0.1250000298023224,0.14843749441206455
shuffled_labels,97,2,driftgate,0.125,0.14843749441206455
shuffled_labels,97,2,fluxpatch,0.2187499850988388,0.14843749441206455
shuffled_labels,97,2,motifbridge,0.09374997019767761,0.14843749441206455
shuffled_labels,97,2,phasenest,0.1874999850988388,0.14843749441206455
shuffled_labels,97,2,phasesar,0.1874999850988388,0.14843749441206455
shuffled_labels,97,2,quorumweave,0.125,0.14843749441206455
shuffled_labels,97,2,shardbloom,0.125,0.14843749441206455
shuffled_labels,97,3,anchorshift,0.1562499701976776,0.14062499441206455
shuffled_labels,97,3,driftgate,0.0937499850988388,0.14062499441206455
shuffled_labels,97,3,fluxpatch,0.21875,0.14062499441206455
shuffled_labels,97,3,motifbridge,0.09374997019767761,0.14062499441206455
shuffled_labels,97,3,phasenest,0.15625,0.14062499441206455
shuffled_labels,97,3,phasesar,0.21875,0.14062499441206455
shuffled_labels,97,3,quorumweave,0.09375,0.14062499441206455
shuffled_labels,97,3,shardbloom,0.09375002980232239,0.14062499441206455
shuffled_labels,97,4,anchorshift,0.15625,0.11718750186264515
shuffled_labels,97,4,driftgate,0.0625,0.11718750186264515
shuffled_labels,97,4,fluxpatch,0.1249999850988388,0.11718750186264515
shuffled_labels,97,4,motifbridge,-2.9802322387695312e-08,0.11718750186264515
shuffled_labels,97,4,phasenest,0.1250000298023224,0.11718750186264515
shuffled_labels,97,4,phasesar,0.15625,0.11718750186264515
shuffled_labels,97,4,quorumweave,0.15625,0.11718750186264515
shuffled_labels,97,4,shardbloom,0.1562500298023224,0.11718750186264515
shuffled_labels,97,5,anchorshift,0.1562499701976776,0.11718749441206455
shuffled_labels,97,5,driftgate,0.09375,0.11718749441206455
shuffled_labels,97,5,fluxpatch,0.21875,0.11718749441206455
shuffled_labels,97,5,motifbridge,-2.9802322387695312e-08,0.11718749441206455
shuffled_labels,97,5,phasenest,0.1249999850988388,0.11718749441206455
shuffled_labels,97,5,phasesar,0.125,0.11718749441206455
shuffled_labels,97,5,quorumweave,0.0625,0.11718749441206455
shuffled_labels,97,5,shardbloom,0.1562500298023224,0.11718749441206455
shuffled_labels,97,6,anchorshift,0.1562499701976776,0.1406250037252903
shuffled_labels,97,6,driftgate,0.0937500149011612,0.1406250037252903
shuffled_labels,97,6,fluxpatch,0.21875,0.1406250037252903
shuffled_labels,97,6,motifbridge,0.06249997019767761,0.1406250037252903
shuffled_labels,97,6,phasenest,0.1875000298023224,0.1406250037252903
shuffled_labels,97,6,phasesar,0.1562500149011612,0.1406250037252903
shuffled_labels,97,6,quorumweave,0.125,0.1406250037252903
shuffled_labels,97,6,shardbloom,0.1250000298023224,0.1406250037252903
shuffled_labels,97,7,anchorshift,0.1875000298023224,0.18359375186264515
shuffled_labels,97,7,driftgate,0.1875000149011612,0.18359375186264515
shuffled_labels,97,7,fluxpatch,0.21875,0.18359375186264515
shuffled_labels,97,7,motifbridge,0.1562499701976776,0.18359375186264515
shuffled_labels,97,7,phasenest,0.25,0.18359375186264515
shuffled_labels,97,7,phasesar,0.15625,0.18359375186264515
shuffled_labels,97,7,quorumweave,0.09375,0.18359375186264515
shuffled_labels,97,7,shardbloom,0.21875,0.18359375186264515
shuffled_labels,97,8,anchorshift,0.24999994039535522,0.20703124813735485
shuffled_labels,97,8,driftgate,0.12499997019767761,0.20703124813735485
shuffled_labels,97,8,fluxpatch,0.3125000149011612,0.20703124813735485
shuffled_labels,97,8,motifbridge,0.1562499701976776,0.20703124813735485
shuffled_labels,97,8,phasenest,0.25,0.20703124813735485
shuffled_labels,97,8,phasesar,0.1875,0.20703124813735485
shuffled_labels,97,8,quorumweave,0.1562500298023224,0.20703124813735485
shuffled_labels,97,8,shardbloom,0.21875005960464478,0.20703124813735485
shuffled_labels,98,1,anchorshift,-2.9802322387695312e-08,-0.0468749962747097
shuffled_labels,98,1,driftgate,-0.0937499850988388,-0.0468749962747097
shuffled_labels,98,1,fluxpatch,-0.062499985098838806,-0.0468749962747097
shuffled_labels,98,1,motifbridge,-0.06250002980232239,-0.0468749962747097
shuffled_labels,98,1,phasenest,-0.0625,-0.0468749962747097
shuffled_labels,98,1,phasesar,2.9802322387695312e-08,-0.0468749962747097
shuffled_labels,98,1,quorumweave,-0.03125,-0.0468749962747097
shuffled_labels,98,1,shardbloom,-0.06249997019767761,-0.0468749962747097
shuffled_labels,98,2,anchorshift,-0.09375002980232239,-0.035156263038516045
shuffled_labels,98,2,driftgate,-0.0625000149011612,-0.035156263038516045
shuffled_labels,98,2,fluxpatch,-0.0625,-0.035156263038516045
shuffled_labels,98,2,motifbridge,-2.9802322387695312e-08,-0.035156263038516045
shuffled_labels,98,2,phasenest,-4.470348358154297e-08,-0.035156263038516045
shuffled_labels,98,2,phasesar,-1.4901161193847656e-08,-0.035156263038516045
shuffled_labels,98,2,quorumweave,0.03125,-0.035156263038516045
shuffled_labels,98,2,shardbloom,-0.09374997019767761,-0.035156263038516045
shuffled_labels,98,3,anchorshift,-2.9802322387695312e-08,-0.007812502793967724
shuffled_labels,98,3,driftgate,-0.0625,-0.007812502793967724
shuffled_labels,98,3,fluxpatch,0.0,-0.007812502793967724
shuffled_labels,98,3,motifbridge,0.031249970197677612,-0.007812502793967724
shuffled_labels,98,3,phasenest,0.031249970197677612,-0.007812502793967724
shuffled_labels,98,3,phasesar,-0.09375,-0.007812502793967724
shuffled_labels,98,3,quorumweave,0.0625000074505806,-0.007812502793967724
shuffled_labels,98,3,shardbloom,-0.031249940395355225,-0.007812502793967724
shuffled_labels,98,4,anchorshift,0.031249970197677612,0.0039062416180968285
shuffled_labels,98,4,driftgate,-0.03125,0.0039062416180968285
shuffled_labels,98,4,fluxpatch,-0.0625,0.0039062416180968285
shuffled_labels,98,4,motifbridge,0.031249970197677612,0.0039062416180968285
shuffled_labels,98,4,phasenest,0.09374997019767761,0.0039062416180968285
shuffled_labels,98,4,phasesar,-0.031250014901161194,0.0039062416180968285
shuffled_labels,98,4,quorumweave,7.450580596923828e-09,0.0039062416180968285
shuffled_labels,98,4,shardbloom,2.9802322387695312e-08,0.0039062416180968285
shuffled_labels,98,5,anchorshift,0.06249997019767761,0.1210937462747097
shuffled_labels,98,5,driftgate,0.09374997019767761,0.1210937462747097
shuffled_labels,98,5,fluxpatch,0.06249997019767761,0.1210937462747097
shuffled_labels,98,5,motifbridge,0.09374997019767761,0.1210937462747097
shuffled_labels,98,5,phasenest,0.2187500149011612,0.1210937462747097
shuffled_labels,98,5,phasesar,0.2187500149011612,0.1210937462747097
shuffled_labels,98,5,quorumweave,0.09375002980232239,0.1210937462747097
shuffled_labels,98,5,shardbloom,0.1250000298023224,0.1210937462747097
shuffled_labels,98,6,anchorshift,0.06249997019767761,0.12499998696148396
shuffled_labels,98,6,driftgate,0.15624995529651642,0.12499998696148396
shuffled_labels,98,6,fluxpatch,0.09374997019767761,0.12499998696148396
shuffled_labels,98,6,motifbridge,0.031249970197677612,0.12499998696148396
shuffled_labels,98,6,phasenest,0.1875,0.12499998696148396
shuffled_labels,98,6,phasesar,0.1875,0.12499998696148396
shuffled_labels,98,6,quorumweave,0.0625,0.12499998696148396
shuffled_labels,98,6,shardbloom,0.2187500298023224,0.12499998696148396
shuffled_labels,98,7,anchorshift,0.031249910593032837,0.12499998696148396
shuffled_labels,98,7,driftgate,0.125,0.12499998696148396
shuffled_labels,98,7,fluxpatch,0.15625,0.12499998696148396
shuffled_labels,98,7,motifbridge,0.0937499850988388,0.12499998696148396
shuffled_labels,98,7,phasenest,0.15625,0.12499998696148396
shuffled_labels,98,7,phasesar,0.1875,0.12499998696148396
shuffled_labels,98,7,quorumweave,0.125,0.12499998696148396
shuffled_labels,98,7,shardbloom,0.125,0.12499998696148396
shuffled_labels,98,8,anchorshift,0.0,0.12109374813735485
shuffled_labels,98,8,driftgate,0.06250004470348358,0.12109374813735485
shuffled_labels,98,8,fluxpatch,0.125,0.12109374813735485
shuffled_labels,98,8,motifbridge,0.06249995529651642,0.12109374813735485
shuffled_labels,98,8,phasenest,0.2812499850988388,0.12109374813735485
shuffled_labels,98,8,phasesar,0.1875,0.12109374813735485
shuffled_labels,98,8,quorumweave,0.0625,0.12109374813735485
shuffled_labels,98,8,shardbloom,0.1875,0.12109374813735485
shuffled_labels,99,1,anchorshift,0.125,0.05859375186264515
shuffled_labels,99,1,driftgate,-0.03125,0.05859375186264515
shuffled_labels,99,1,fluxpatch,0.125,0.05859375186264515
shuffled_labels,99,1,motifbridge,0.0937499850988388,0.05859375186264515
shuffled_labels,99,1,phasenest,0.0937499850988388,0.05859375186264515
shuffled_labels,99,1,phasesar,0.0625000149011612,0.05859375186264515
shuffled_labels,99,1,quorumweave,0.0,0.05859375186264515
shuffled_labels,99,1,shardbloom,2.9802322387695312e-08,0.05859375186264515
shuffled_labels,99,2,anchorshift,0.12499994039535522,0.011718735098838806
shuffled_labels,99,2,driftgate,-0.03125004470348358,0.011718735098838806
shuffled_labels,99,2,fluxpatch,0.03125,0.011718735098838806
shuffled_labels,99,2,motifbridge,-0.03125004470348358,0.011718735098838806
shuffled_labels,99,2,phasenest,-0.0625,0.011718735098838806
shuffled_labels,99,2,phasesar,0.0625,0.011718735098838806
shuffled_labels,99,2,quorumweave,-0.03125,0.011718735098838806
shuffled_labels,99,2,shardbloom,0.03125002980232239,0.011718735098838806
shuffled_labels,99,3,anchorshift,0.12499997019767761,0.07421874348074198
shuffled_labels,99,3,driftgate,0.031249985098838806,0.07421874348074198
shuffled_labels,99,3,fluxpatch,0.125,0.07421874348074198
shuffled_labels,99,3,motifbridge,0.03124995529651642,0.07421874348074198
shuffled_labels,99,3,phasenest,0.0,0.07421874348074198
shuffled_labels,99,3,phasesar,0.15625,0.07421874348074198
shuffled_labels,99,3,quorumweave,0.0625000074505806,0.07421874348074198
shuffled_labels,99,3,shardbloom,0.06250002980232239,0.07421874348074198
shuffled_labels,99,4,anchorshift,0.09374991059303284,0.046874986961483955
shuffled_labels,99,4,driftgate,1.4901161193847656e-08,0.046874986961483955
shuffled_labels,99,4,fluxpatch,0.1562499850988388,0.046874986961483955
shuffled_labels,99,4,motifbridge,0.031249970197677612,0.046874986961483955
shuffled_labels,99,4,phasenest,0.031249985098838806,0.046874986961483955
shuffled_labels,99,4,phasesar,0.0625,0.046874986961483955
shuffled_labels,99,4,quorumweave,0.0,0.046874986961483955
shuffled_labels,99,4,shardbloom,2.9802322387695312e-08,0.046874986961483955
shuffled_labels,99,5,anchorshift,0.12499997019767761,0.05078125
shuffled_labels,99,5,driftgate,0.062499985098838806,0.05078125
shuffled_labels,99,5,fluxpatch,0.031250014901161194,0.05078125
shuffled_labels,99,5,motifbridge,-2.9802322387695312e-08,0.05078125
shuffled_labels,99,5,phasenest,-0.0625,0.05078125
shuffled_labels,99,5,phasesar,0.125,0.05078125
shuffled_labels,99,5,quorumweave,0.03125002980232239,0.05078125
shuffled_labels,99,5,shardbloom,0.09375002980232239,0.05078125
shuffled_labels,99,6,anchorshift,0.1562499701976776,0.046875011175870895
shuffled_labels,99,6,driftgate,0.031250059604644775,0.046875011175870895
shuffled_labels,99,6,fluxpatch,0.0937500149011612,0.046875011175870895
shuffled_labels,99,6,motifbridge,-0.0625000149011612,0.046875011175870895
shuffled_labels,99,6,phasenest,-0.062499985098838806,0.046875011175870895
shuffled_labels,99,6,phasesar,0.0625000149011612,0.046875011175870895
shuffled_labels,99,6,quorumweave,0.0625,0.046875011175870895
shuffled_labels,99,6,shardbloom,0.09375002980232239,0.046875011175870895
shuffled_labels,99,7,anchorshift,0.03125,0.05859375
shuffled_labels,99,7,driftgate,-0.031249940395355225,0.05859375
shuffled_labels,99,7,fluxpatch,0.1875,0.05859375
shuffled_labels,99,7,motifbridge,0.031249940395355225,0.05859375
shuffled_labels,99,7,phasenest,0.031249985098838806,0.05859375
shuffled_labels,99,7,phasesar,0.031249985098838806,0.05859375
shuffled_labels,99,7,quorumweave,0.0625,0.05859375
shuffled_labels,99,7,shardbloom,0.1250000298023224,0.05859375
shuffled_labels,99,8,anchorshift,0.06249997019767761,0.02734375
shuffled_labels,99,8,driftgate,-0.125,0.02734375
shuffled_labels,99,8,fluxpatch,0.09375,0.02734375
shuffled_labels,99,8,motifbridge,0.031249970197677612,0.02734375
shuffled_labels,99,8,phasenest,-0.031249985098838806,0.02734375
shuffled_labels,99,8,phasesar,0.0625000149011612,0.02734375
shuffled_labels,99,8,quorumweave,0.0625,0.02734375
shuffled_labels,99,8,shardbloom,0.06250002980232239,0.02734375
